sno,id_round,cat,date_bl,date_diff,id,round,totalvisit_1,age_bl,gender_bl,temperature_bl,sick_malaria_1_year_bl,how_many_times_bl,sick_malaria_3_months_bl,fever_last_48hrs_bl,temperature_fl,fever_in_48hrs_fl,date_visit,status,mic_status,mic_species,parasite_load_asex,parasite_load_gamet,infcat_combined,type_infection,par_sps_new,clinical_status,infcat_status,recurrenceinstance,total_recurrence,symp_rec_total,symp_rec_instance,asymp_rec_instance,cleared,recurrence_symptomatic_than1,asymptomatic_recurrence,persisting_symptomatic_than1,asymptomatic_persisting,days_total_length,tstart,tstop,tgap,event,fever_bl,gam_prev,age_cat1,trt_given,treated_cqpq,pvcopy_ul,pvs25_copies_ul,number_dissect,number_inf,percent_inf,infectiousness,mean_ocyst_pos,id_round_prev,idround,posterior_marginal_prob_c,posterior_marginal_prob_l,posterior_marginal_prob_i,recurrence_type
1,Sero-035-01,,2021-01-22,0,Sero-035,1,14,8,Female,38,Yes,1,No,Yes,,,2021-01-22,recruitment,Positive,Pv,140,0,Mic+/PCR+,symptomatic,pv,Recruitment,Recruitment,,0,0,,,1,0,0,0,0,0,,,,,1,1,< 15 years,CQ; 3days + PQ; 14 days,yes,185157,228382,,,,,,,,,,,
2,Sero-035-03,,2021-01-22,24,Sero-035,3,,,,,,,,,34,No,2021-02-22,follow-up,Negative,,,,ND,,,,,,0,,,,,,,,,31,,,,,,,,,yes,,,,,,,,,,,,,
3,Sero-035-04,,2021-01-22,28,Sero-035,4,,,,,,,,,35,No,2021-03-22,follow-up,Negative,,,,ND,,,,,,0,,,,,,,,,59,,,,,,,,,yes,,,,,,,,,,,,,
4,Sero-035-05,,2021-01-22,31,Sero-035,5,,,,,,,,,36,No,2021-04-22,follow-up,Negative,,,,Negative,,neg,Negative,,,0,,,,,,,,,90,,,,,,,,,yes,0,,,,,,,,,,,,
5,Sero-035-06,,2021-01-22,30,Sero-035,6,,,,,,,,,35,No,2021-05-22,follow-up,Negative,,,,ND,,,,,,0,,,,,,,,,120,,,,,,,,,yes,,,,,,,,,,,,,
6,Sero-035-07,,2021-01-22,31,Sero-035,7,,,,,,,,,36,No,2021-06-22,follow-up,Negative,,,,ND,,,,,,0,,,,,,,,,151,,,,,,,,,yes,,,,,,,,,,,,,
7,Sero-035-08,,2021-01-22,30,Sero-035,8,,,,,,,,,35,No,2021-07-22,follow-up,Negative,,,,Negative,,neg,Negative,,,0,,,,,,,,,181,,,,,,,,,yes,0,,,,,,,,,,,,
8,Sero-035-09,,2021-01-22,30,Sero-035,9,,,,,,,,,35,No,2021-08-21,follow-up,Negative,,,,ND,,,,,,0,,,,,,,,,211,,,,,,,,,yes,,,,,,,,,,,,,
9,Sero-035-10,,2021-01-22,31,Sero-035,10,,,,,,,,,35,No,2021-09-21,follow-up,Negative,,,,ND,,,,,,0,,,,,,,,,242,,,,,,,,,yes,,,,,,,,,,,,,
10,Sero-035-11,,2021-01-22,30,Sero-035,11,,,,,,,,,35,No,2021-10-21,follow-up,Negative,,,,Negative,,neg,Negative,,,0,,,,,,,,,272,,,,,,,,,yes,0,,,,,,,,,,,,
11,Sero-035-12,,2021-01-22,22,Sero-035,12,,,,,,,,,34,No,2021-11-12,follow-up,Negative,,,,ND,,,,,,0,,,,,,,,,294,,,,,,,,,yes,,,,,,,,,,,,,
12,Sero-035-13,,2021-01-22,40,Sero-035,13,,,,,,,,,35,No,2021-12-22,follow-up,Negative,,,,ND,,,,,,0,,,,,,,,,334,,,,,,,,,yes,,,,,,,,,,,,,
13,Sero-035-14,,2021-01-22,30,Sero-035,14,,,,,,,,,35,No,2022-01-21,follow-up,Negative,,,,Negative,,neg,Negative,,,0,,,,,,,,,364,0,364,364,0,,,,,yes,0,,,,,,,,,,,,
14,Sero-040-01,sym,2021-01-25,0,Sero-040,1,15,15,Female,38,Yes,1,Yes,Yes,,,2021-01-25,recruitment,Positive,Pv,633,114,Mic+/PCR+,symptomatic,pv,Recruitment,Recruitment,,2,2,,,0,1,0,0,1,0,,,,,1,1,< 15 years,CQ; 3days + PQ; 14 days,yes,630010,246659,30,25,83,infectious,65,,,,,,
15,Sero-040-03,sym,2021-01-25,24,Sero-040,3,,,,,,,,,34,No,2021-02-25,follow-up,Negative,,,,Negative,,neg,Negative,,,2,,,,,,,,,31,,,,,,,,,yes,0,,,,,,,,,,,,
16,Sero-040-04,sym,2021-01-25,22,Sero-040,4,,,,,,,,,38,Yes,2021-03-19,recurrence,Positive,Pv,,,Mic+/PCR+,symptomatic,pv,symptomatic,recurrence,1,2,,1,,,,,,,53,0,53,53,1,,1,,CQ; 3days,yes,842982,80496,,,,,,,,,,,
17,Sero-040-05,sym,2021-01-25,31,Sero-040,5,,,,,,,,,35,No,2021-04-19,follow-up,Negative,,,,Negative,,neg,Negative,,,2,,,,,,,,,84,,,,,,,,,yes,0,,,,,,,,,,,,
18,Sero-040-06,sym,2021-01-25,31,Sero-040,6,,,,,,,,,36,No,2021-05-20,follow-up,Negative,,,,Negative,,neg,Negative,,,2,,,,,,,,,115,,,,,,,,,yes,0,,,,,,,,,,,,
19,Sero-040-07,sym,2021-01-25,34,Sero-040,7,,,,,,,,,35,No,2021-06-23,follow-up,Negative,,,,Negative,,neg,Negative,,,2,,,,,,,,,149,,,,,,,,,yes,0,,,,,,,,,,,,
20,Sero-040-08,sym,2021-01-25,22,Sero-040,8,,,,,,,,,35,No,2021-07-15,recurrence,Positive,Pv,298,121,Mic+/PCR+,symptomatic,mixed,symptomatic,recurrence,2,2,,2,,,,,,,171,53,171,118,1,,1,,CQ; 3days + PQ; 14 days,yes,159122,3807,31,20,65,infectious,14,Sero-040-R04,Sero-040-R08,0,0.30515304,0.69484693,reinfection
21,Sero-040-09,sym,2021-01-25,25,Sero-040,9,,,,,,,,,35,No,2021-08-09,follow-up,Negative,,,,Negative,,neg,Negative,,,2,,,,,,,,,196,,,,,,,,,yes,0,,,,,,,,,,,,
22,Sero-040-10,sym,2021-01-25,28,Sero-040,10,,,,,,,,,35,No,2021-09-06,follow-up,Negative,,,,PCR+,submicroscopic,pv,Asym_persisting,persisting,,2,,,,,,,,,224,,,,,,,,,yes,12,,,,,,,,,,,,
23,Sero-040-11,sym,2021-01-25,36,Sero-040,11,,,,,,,,,36,No,2021-10-12,follow-up,Negative,,,,PCR+,submicroscopic,pv,Asym_persisting,persisting,,2,,,,,,,,,260,,,,,,1,,,yes,432,17,,,,,,,,,,,
24,Sero-040-12,sym,2021-01-25,7,Sero-040,12,,,,,,,,,36,Yes,2021-10-19,recurrence,Positive,Pv,52,0,Mic+/PCR+,symptomatic,pv,Symp_persisting,persisting,,2,,,,,,,,,267,,,,,,1,,CQ; 3days + PQ; 14 days,yes,12177,1986,,,,,,Sero-040-R08,Sero-040-R12,0,0.064403921,0.93559605,reinfection
25,Sero-040-13,sym,2021-01-25,24,Sero-040,13,,,,,,,,,37,No,2021-11-12,follow-up,Negative,,,,Negative,,neg,Negative,,,2,,,,,,,,,291,,,,,,,,,yes,0,,,,,,,,,,,,
26,Sero-040-14,sym,2021-01-25,41,Sero-040,14,,,,,,,,,36,No,2021-12-23,follow-up,Negative,,,,PCR+,submicroscopic,pv,Asym_persisting,persisting,,2,,,,,,,,,332,,,,,,1,,,yes,715,31,,,,,,,,,,,
27,Sero-040-15,sym,2021-01-25,34,Sero-040,15,,,,,,,,,35,No,2022-01-26,follow-up,Negative,,,,ND,,,,,,2,,,,,,,,,366,,,,,,,,,yes,,,,,,,,,,,,,
28,Sero-041-01,sym,2021-01-26,0,Sero-041,1,15,13,Male,36,Yes,3,No,Yes,,,2021-01-26,recruitment,Positive,Pv,5080,865,Mic+/PCR+,symptomatic,pv,Recruitment,Recruitment,,4,4,,,0,1,0,1,0,0,,,,,0,1,< 15 years,CQ; 3days + PQ; 14 days,yes,1500000,7993,30,13,43,infectious,2,,,,,,
29,Sero-041-03,sym,2021-01-26,25,Sero-041,3,,,,,,,,,36,No,2021-02-26,follow-up,Negative,,,,Negative,,neg,Negative,,,4,,,,,,,,,31,,,,,,,,,yes,0,,,,,,,,,,,,
30,Sero-041-04,sym,2021-01-26,21,Sero-041,4,,,,,,,,,38,Yes,2021-03-19,recurrence,Positive,Pv,5635,0,Mic+/PCR+,symptomatic,pv,symptomatic,recurrence,1,4,,1,,,,,,,52,0,52,52,1,,1,,CQ; 3days,yes,377290,93895,,,,,,Sero-041-R01,Sero-041-R04,0,0.70692497,0.29307503,relapse
31,Sero-041-05,sym,2021-01-26,32,Sero-041,5,,,,,,,,,37,No,2021-04-20,follow-up,Negative,,,,Negative,,neg,Negative,,,4,,,,,,,,,84,,,,,,,,,yes,0,,,,,,,,,,,,
32,Sero-041-06,sym,2021-01-26,20,Sero-041,6,,,,,,,,,37,Yes,2021-05-10,recurrence,Positive,Pv,4803,0,Mic+/PCR+,symptomatic,pv,symptomatic,recurrence,2,4,,2,,,,,,,104,52,104,52,1,,0,,CQ; 3days + PQ; 14 days,yes,335914,0,33,0,0,non-infectious,0,Sero-041-R04,Sero-041-R06,0,0.93033701,0.069662981,relapse
33,Sero-041-07,sym,2021-01-26,31,Sero-041,7,,,,,,,,,37,No,2021-06-10,follow-up,Negative,,,,Negative,,neg,Negative,,,4,,,,,,,,,135,,,,,,,,,yes,0,,,,,,,,,,,,
34,Sero-041-08,sym,2021-01-26,33,Sero-041,8,,,,,,,,,36,No,2021-07-13,follow-up,Negative,,,,Negative,,neg,Negative,,,4,,,,,,,,,168,,,,,,,,,yes,0,,,,,,,,,,,,
35,Sero-041-09,sym,2021-01-26,36,Sero-041,9,,,,,,,,,36,No,2021-08-18,follow-up,Negative,,,,Negative,,neg,Negative,,,4,,,,,,,,,204,,,,,,,,,yes,0,,,,,,,,,,,,
36,Sero-041-10,sym,2021-01-26,33,Sero-041,10,,,,,,,,,36,No,2021-09-20,follow-up,Negative,,,,Negative,,neg,Negative,,,4,,,,,,,,,237,,,,,,,,,yes,0,,,,,,,,,,,,
37,Sero-041-11,sym,2021-01-26,15,Sero-041,11,,,,,,,,,39,Yes,2021-10-05,recurrence,Positive,Pv,600,23,Mic+/PCR+,symptomatic,mixed,symptomatic,recurrence,3,4,,3,,,,,,,252,104,252,148,1,,1,,ACT; 3 days +SDPQ,yes,31269,20276,30,0,0,non-infectious,0,Sero-041-R06,Sero-041-R11,0,0.95953286,0.040467124,relapse
38,Sero-041-12,sym,2021-01-26,22,Sero-041,12,,,,,,,,,38,Yes,2021-10-27,recurrence,Positive,P.v + P.f,2247,0,Mic+/PCR+,symptomatic,pv,Symp_persisting,persisting,,4,,,,,,,,,274,,,,,,1,,,yes,367974,189058,,,,,,Sero-041-R11,Sero-041-R12,0,0.99125713,0.008742885,relapse
39,Sero-041-13,sym,2021-01-26,31,Sero-041,13,,,,,,,,,36,No,2021-11-27,follow-up,Negative,,,,Negative,,neg,Negative,,,4,,,,,,,,,305,,,,,,,,,yes,0,,,,,,,,,,,,
40,Sero-041-14,sym,2021-01-26,24,Sero-041,14,,,,,,,,,38,Yes,2021-12-21,recurrence,Positive,Pv,11783,45,Mic+/PCR+,symptomatic,pv,symptomatic,recurrence,4,4,,4,,,,,,,329,252,329,77,1,,1,,CQ; 3days + PQ; 14 days,yes,120938,157604,30,3,10,infectious,5,Sero-041-R12,Sero-041-R14,0,0.096178971,0.90382105,reinfection
41,Sero-041-15,sym,2021-01-26,32,Sero-041,15,,,,,,,,,36,No,2022-01-22,follow-up,Negative,,,,ND,,,,,,4,,,,,,,,,361,,,,,,,,,yes,,,,,,,,,,,,,
42,Sero-042-01,asym,2021-01-26,0,Sero-042,1,14,4,Male,38,Yes,1,Yes,Yes,,,2021-01-26,recruitment,Positive,Pv,1671,44,Mic+/PCR+,symptomatic,pv,Recruitment,Recruitment,,1,0,,,0,0,1,0,1,0,,,,,1,1,< 15 years,CQ; 3days + PQ; 14 days,yes,690871,147983,32,8,25,infectious,5,,,,,,
43,Sero-042-03,asym,2021-01-26,25,Sero-042,3,,,,,,,,,37,No,2021-02-27,follow-up,Positive,Pv,2146,0,Mic+/PCR+,asymptomatic ,pv,Asym_persisting,persisting,,1,,,,,,,,,32,,,,,,1,,,yes,1740,34514,,,,,,,,,,,
44,Sero-042-04,asym,2021-01-26,27,Sero-042,4,,,,,,,,,34,No,2021-03-26,follow-up,Negative,,,,Negative,,neg,Negative,,,1,,,,,,,,,59,,,,,,,,,yes,0,,,,,,,,,,,,
45,Sero-042-05,asym,2021-01-26,42,Sero-042,5,,,,,,,,,36,No,2021-05-07,follow-up,Negative,,,,Negative,,neg,Negative,,,1,,,,,,,,,101,,,,,,,,,yes,0,,,,,,,,,,,,
46,Sero-042-06,asym,2021-01-26,33,Sero-042,6,,,,,,,,,37,No,2021-06-09,follow-up,Negative,,,,Negative,,neg,Negative,,,1,,,,,,,,,134,,,,,,,,,yes,0,,,,,,,,,,,,
47,Sero-042-07,asym,2021-01-26,34,Sero-042,7,,,,,,,,,37,No,2021-07-13,follow-up,Negative,,,,PCR+,submicroscopic,pv,asymptomatic,recurrence,1,1,,,1,,,,,,168,0,168,168,1,,,,,yes,5,,,,,,,,,,,,
48,Sero-042-08,asym,2021-01-26,31,Sero-042,8,,,,,,,,,37,No,2021-08-13,follow-up,Negative,,,,PCR+,submicroscopic,pv,Asym_persisting,persisting,,1,,,,,,,,,199,,,,,,,,,yes,1,,,,,,,,,,,,
49,Sero-042-09,asym,2021-01-26,35,Sero-042,9,,,,,,,,,37,No,2021-09-17,follow-up,Negative,,,,Negative,,neg,Negative,,,1,,,,,,,,,234,,,,,,,,,yes,12,,,,,,,,,,,,
50,Sero-042-10,asym,2021-01-26,31,Sero-042,10,,,,,,,,,36,No,2021-10-18,follow-up,Negative,,,,PCR+,submicroscopic,pv,Asym_persisting,persisting,,1,,,,,,,,,265,,,,,,1,,,yes,1,83,,,,,,,,,,,
51,Sero-042-11,asym,2021-01-26,24,Sero-042,11,,,,,,,,,36,No,2021-11-11,follow-up,Negative,,,,Negative,,neg,Negative,,,1,,,,,,,,,289,,,,,,,,,yes,1,,,,,,,,,,,,
52,Sero-042-12,asym,2021-01-26,42,Sero-042,12,,,,,,,,,37,No,2021-12-23,follow-up,Negative,,,,Negative,,neg,Negative,,,1,,,,,,,,,331,,,,,,,,,yes,0,,,,,,,,,,,,
53,Sero-042-13,asym,2021-01-26,33,Sero-042,13,,,,,,,,,37,No,2022-01-25,follow-up,Negative,,,,Negative,,neg,Negative,,,1,,,,,,,,,364,,,,,,,,,yes,0,,,,,,,,,,,,
54,Sero-047-01,per,2021-01-27,0,Sero-047,1,14,18,Male,37,Yes,4,No,Yes,,,2021-01-27,recruitment,Positive,Pv,142,45,Mic+/PCR+,symptomatic,pv,Recruitment,Recruitment,,0,0,,,1,0,0,0,1,0,,,,,0,1,above 15 years,CQ; 3days + PQ; 14 days,yes,21847,14190,30,20,67,infectious,3,,,,,,
55,Sero-047-03,per,2021-01-27,26,Sero-047,3,,,,,,,,,36,No,2021-03-01,follow-up,Negative,,,,PCR+,submicroscopic,pv,Asym_persisting,persisting,,0,,,,,,,,,33,,,,,,1,,,yes,172,340,,,,,,,,,,,
56,Sero-047-04,per,2021-01-27,29,Sero-047,4,,,,,,,,,36,No,2021-03-30,follow-up,Negative,,,,Negative,,neg,Negative,,,0,,,,,,,,,62,,,,,,,,,yes,0,,,,,,,,,,,,
57,Sero-047-05,per,2021-01-27,36,Sero-047,5,,,,,,,,,36,No,2021-05-05,follow-up,Negative,,,,PCR+,submicroscopic,pv,Asym_persisting,persisting,,0,,,,,,,,,98,,,,,,0,,,yes,590,0,,,,,,,,,,,
58,Sero-047-06,per,2021-01-27,31,Sero-047,6,,,,,,,,,36,No,2021-06-05,follow-up,Negative,,,,PCR+,submicroscopic,pv,Asym_persisting,persisting,,0,,,,,,,,,129,,,,,,1,,,yes,45,544,,,,,,,,,,,
59,Sero-047-07,per,2021-01-27,32,Sero-047,7,,,,,,,,,35,No,2021-07-07,follow-up,Negative,,,,PCR+,submicroscopic,pv,Asym_persisting,persisting,,0,,,,,,,,,161,,,,,,0,,,yes,23,3,,,,,,,,,,,
60,Sero-047-08,per,2021-01-27,31,Sero-047,8,,,,,,,,,36,No,2021-08-07,follow-up,Negative,,,,Negative,,neg,Negative,,,0,,,,,,,,,192,,,,,,,,,yes,0,,,,,,,,,,,,
61,Sero-047-09,per,2021-01-27,40,Sero-047,9,,,,,,,,,36,No,2021-09-16,follow-up,Negative,,,,Negative,,neg,Negative,,,0,,,,,,,,,232,,,,,,,,,yes,0,,,,,,,,,,,,
62,Sero-047-10,per,2021-01-27,32,Sero-047,10,,,,,,,,,36,No,2021-10-18,follow-up,Negative,,,,Negative,,neg,Negative,,,0,,,,,,,,,264,,,,,,,,,yes,0,,,,,,,,,,,,
63,Sero-047-11,per,2021-01-27,33,Sero-047,11,,,,,,,,,36,No,2021-11-20,follow-up,Negative,,,,Negative,,neg,Negative,,,0,,,,,,,,,297,,,,,,,,,yes,0,,,,,,,,,,,,
64,Sero-047-12,per,2021-01-27,30,Sero-047,12,,,,,,,,,36,No,2021-12-20,follow-up,Negative,,,,Negative,,neg,Negative,,,0,,,,,,,,,327,,,,,,,,,yes,0,,,,,,,,,,,,
65,Sero-047-13,per,2021-01-27,33,Sero-047,13,,,,,,,,,35,No,2022-01-22,follow-up,Negative,,,,Negative,,neg,Negative,,,0,,,,,,,,,360,,,,,,,,,yes,0,,,,,,,,,,,,
66,Sero-052-01,asym,2021-01-29,0,Sero-052,1,8,14,Male,37,Yes,1,No,Yes,,,2021-01-29,recruitment,Positive,Pv,3137,0,Mic+/PCR+,symptomatic,pv,Recruitment,Recruitment,,1,0,,,0,0,1,1,0,0,,,,,0,1,< 15 years,CQ; 3days + PQ; 14 days,yes,778050,143898,,,,,,,,,,,
67,Sero-052-03,asym,2021-01-29,24,Sero-052,3,,,,,,,,,36,No,2021-03-01,follow-up,Negative,,,,Negative,,neg,Negative,,,1,,,,,,,,,31,,,,,,,,,yes,0,,,,,,,,,,,,
68,Sero-052-04,asym,2021-01-29,28,Sero-052,4,,,,,,,,,35,No,2021-03-29,follow-up,Negative,,,,Negative,,neg,Negative,,,1,,,,,,,,,59,,,,,,,,,yes,0,,,,,,,,,,,,
69,Sero-052-05,asym,2021-01-29,31,Sero-052,5,,,,,,,,,36,No,2021-04-29,follow-up,Negative,,,,PCR+,submicroscopic,pv,asymptomatic,recurrence,1,1,,,1,,,,,,90,0,90,90,1,,1,,,yes,15056,8,,,,,,,,,,,
70,Sero-052-06,asym,2021-01-29,30,Sero-052,6,,,,,,,,,36,Yes,2021-05-29,recurrence,Positive,Pv,1512,451,Mic+/PCR+,symptomatic,pv,Symp_persisting,persisting,,1,,,,,,,,,120,,,,,,1,,CQ; 3days + PQ; 14 days,yes,86642,1134,33,4,12,infectious,2,Sero-052-R01,Sero-052-R06,0,0.022461303,0.9775387,reinfection
71,Sero-052-07,asym,2021-01-29,31,Sero-052,7,,,,,,,,,35,No,2021-06-29,follow-up,Negative,,,,Negative,,neg,Negative,,,1,,,,,,,,,151,,,,,,,,,yes,0,,,,,,,,,,,,
72,Sero-052-08,asym,2021-01-29,30,Sero-052,8,,,,,,,,,35,No,2021-07-29,follow-up,Negative,,,,Negative,,neg,Negative,,,1,,,,,,,,,181,,,,,,,,,yes,0,,,,,,,,,,,,
73,Sero-056-01,asym,2021-01-30,0,Sero-056,1,14,15,Male,39,Yes,2,Yes,Yes,,,2021-01-30,recruitment,Positive,Pv,477,0,Mic+/PCR+,symptomatic,pv,Recruitment,Recruitment,,1,0,,,0,0,1,0,1,0,,,,,1,1,< 15 years,CQ; 3days + PQ; 14 days,yes,17643,11343,,,,,,,,,,,
74,Sero-056-03,asym,2021-01-30,21,Sero-056,3,,,,,,,,,36,No,2021-03-02,follow-up,Negative,,,,Negative,,neg,Negative,,,1,,,,,,,,,31,,,,,,,,,yes,0,,,,,,,,,,,,
75,Sero-056-04,asym,2021-01-30,29,Sero-056,4,,,,,,,,,38,Yes,2021-03-31,follow-up,Negative,,,,Negative,,neg,Negative,,,1,,,,,,,,,60,,,,,,,,,yes,0,,,,,,,,,,,,
76,Sero-056-05,asym,2021-01-30,36,Sero-056,5,,,,,,,,,36,No,2021-05-06,follow-up,Negative,,,,Negative,,neg,Negative,,,1,,,,,,,,,96,,,,,,,,,yes,0,,,,,,,,,,,,
77,Sero-056-06,asym,2021-01-30,29,Sero-056,6,,,,,,,,,36,No,2021-06-04,follow-up,Negative,,,,Negative,,neg,Negative,,,1,,,,,,,,,125,,,,,,,,,yes,0,,,,,,,,,,,,
78,Sero-056-07,asym,2021-01-30,29,Sero-056,7,,,,,,,,,35,No,2021-07-03,follow-up,Negative,,,,Negative,,neg,Negative,,,1,,,,,,,,,154,,,,,,,,,yes,0,,,,,,,,,,,,
79,Sero-056-08,asym,2021-01-30,30,Sero-056,8,,,,,,,,,36,No,2021-08-02,follow-up,Negative,,,,Pf,Pf,pf,new infection,Pf,,1,,,,,,,,,184,,,,,,,,,yes,0,,,,,,,,,,,,
80,Sero-056-09,asym,2021-01-30,31,Sero-056,9,,,,,,,,,36,No,2021-09-02,follow-up,Negative,,,,Pf,Pf,pf,new infection,Pf,,1,,,,,,,,,215,,,,,,,,,yes,0,,,,,,,,,,,,
81,Sero-056-10,asym,2021-01-30,33,Sero-056,10,,,,,,,,,37,No,2021-10-05,follow-up,Negative,,,,Pf,Pf,pf,new infection,Pf,,1,,,,,,,,,248,,,,,,,,,yes,0,,,,,,,,,,,,
82,Sero-056-11,asym,2021-01-30,27,Sero-056,11,,,,,,,,,36,No,2021-11-01,follow-up,Positive,P.f,125,,Pf,Pf,pf,new infection,Pf,,1,,,,,,,,,275,,,,,,,,,yes,0,,,,,,,,,,,,
83,Sero-056-12,asym,2021-01-30,44,Sero-056,12,,,,,,,,,36,No,2021-12-15,follow-up,Negative,,,,PCR+,submicroscopic,pv,asymptomatic,recurrence,1,1,,,1,,,,,,319,0,319,319,1,,1,,,yes,9,6,,,,,,,,,,,
84,Sero-056-13,asym,2021-01-30,22,Sero-056,13,,,,,,,,,36,No,2022-01-06,follow-up,Positive,Pv,748,,Mic+/PCR+,asymptomatic ,pv,Asym_persisting,persisting,,1,,,,,,,,,341,,,,,,1,,,yes,205,2144,,,,,,,,,,,
85,Sero-056-14,asym,2021-01-30,30,Sero-056,14,,,,,,,,,36,No,2022-02-05,follow-up,Positive,Pv,960,0,Mic+/PCR+,asymptomatic ,pv,Asym_persisting,persisting,,1,,,,,,,,,371,,,,,,1,,,yes,9422,414,,,,,,,,,,,
86,Sero-057-01,sym,2021-02-01,0,Sero-057,1,15,11,Male,39,No,,No,Yes,,,2021-02-01,recruitment,Positive,Pv,101,141,Mic+/PCR+,symptomatic,pv,Recruitment,Recruitment,,1,1,,,0,1,0,0,0,0,,,,,1,1,< 15 years,CQ; 3days + PQ; 14 days,yes,1001,41,32,0,0,non-infectious,0,,,,,,
87,Sero-057-03,sym,2021-02-01,25,Sero-057,3,,,,,,,,,37,No,2021-03-05,follow-up,Negative,,,,Pf,Pf,pf,new infection,Pf,,1,,,,,,,,,32,,,,,,,,,yes,0,,,,,,,,,,,,
88,Sero-057-04,sym,2021-02-01,32,Sero-057,4,,,,,,,,,37,No,2021-04-06,follow-up,Negative,,,,Negative,,neg,Negative,,,1,,,,,,,,,64,,,,,,,,,yes,0,,,,,,,,,,,,
89,Sero-057-05,sym,2021-02-01,32,Sero-057,5,,,,,,,,,37,No,2021-05-08,follow-up,Negative,,,,Negative,,neg,Negative,,,1,,,,,,,,,96,,,,,,,,,yes,0,,,,,,,,,,,,
90,Sero-057-06,sym,2021-02-01,33,Sero-057,6,,,,,,,,,36,No,2021-06-10,follow-up,Negative,,,,Negative,,neg,Negative,,,1,,,,,,,,,129,,,,,,,,,yes,0,,,,,,,,,,,,
91,Sero-057-07,sym,2021-02-01,30,Sero-057,7,,,,,,,,,36,No,2021-07-10,follow-up,Negative,,,,Negative,,neg,Negative,,,1,,,,,,,,,159,,,,,,,,,yes,0,,,,,,,,,,,,
92,Sero-057-08,sym,2021-02-01,30,Sero-057,8,,,,,,,,,36,No,2021-08-09,follow-up,Negative,,,,Negative,,neg,Negative,,,1,,,,,,,,,189,,,,,,,,,yes,0,,,,,,,,,,,,
93,Sero-057-09,sym,2021-02-01,30,Sero-057,9,,,,,,,,,37,No,2021-09-08,follow-up,Negative,,,,Negative,,neg,Negative,,,1,,,,,,,,,219,,,,,,,,,yes,0,,,,,,,,,,,,
94,Sero-057-10,sym,2021-02-01,42,Sero-057,10,,,,,,,,,37,No,2021-10-20,follow-up,Negative,,,,Negative,,neg,Negative,,,1,,,,,,,,,261,,,,,,,,,yes,0,,,,,,,,,,,,
95,Sero-057-11,sym,2021-02-01,31,Sero-057,11,,,,,,,,,37,No,2021-11-20,follow-up,Negative,,,,Negative,,neg,Negative,,,1,,,,,,,,,292,,,,,,,,,yes,0,,,,,,,,,,,,
96,Sero-057-12,sym,2021-02-01,31,Sero-057,12,,,,,,,,,37,No,2021-12-21,follow-up,Negative,,,,Negative,,neg,Negative,,,1,,,,,,,,,323,,,,,,,,,yes,0,,,,,,,,,,,,
97,Sero-057-13,sym,2021-02-01,31,Sero-057,13,,,,,,,,,36,No,2022-01-21,follow-up,Negative,,,,Negative,,neg,Negative,,,1,,,,,,,,,354,,,,,,,,,yes,0,,,,,,,,,,,,
98,Sero-057-14,sym,2021-02-01,7,Sero-057,14,,,,,,,,,40,Yes,2022-01-28,recurrence,Positive,Pv,95407,65,Mic+/PCR+,symptomatic,mixed,symptomatic,recurrence,1,1,,1,,,,,,,361,0,361,361,1,,1,,ACT; 3 days +SDPQ,yes,4488,1726,30,0,0,non-infectious,0,Sero-057-R01,Sero-057-R14,0,0.064113319,0.93588668,reinfection
99,Sero-063-01,,2021-02-09,0,Sero-063,1,14,7,Female,40,Yes,4,No,Yes,,,2021-02-09,recruitment,Positive,mixed,20640,280,Mic+/PCR+,symptomatic,pv,Recruitment,Recruitment,,0,0,,,1,0,0,0,0,0,,,,,1,1,< 15 years,CQ; 3days + PQ; 14 days,yes,250771,357430,,,,,,,,,,,
100,Sero-063-03,,2021-02-09,21,Sero-063,3,,,,,,,,,36,No,2021-03-09,follow-up,Negative,,,,Negative,,neg,Negative,,,0,,,,,,,,,28,,,,,,,,,yes,0,,,,,,,,,,,,
101,Sero-063-04,,2021-02-09,30,Sero-063,4,,,,,,,,,37,No,2021-04-08,follow-up,Negative,,,,Negative,,pv,Negative,,,0,,,,,,,,,58,,,,,,0,,,yes,61,0,,,,,,,,,,,
102,Sero-063-05,,2021-02-09,30,Sero-063,5,,,,,,,,,36,No,2021-05-08,follow-up,Negative,,,,Negative,,neg,Negative,,,0,,,,,,,,,88,,,,,,,,,yes,0,,,,,,,,,,,,
103,Sero-063-06,,2021-02-09,31,Sero-063,6,,,,,,,,,36,No,2021-06-08,follow-up,Negative,,,,Negative,,neg,Negative,,,0,,,,,,,,,119,,,,,,,,,yes,0,,,,,,,,,,,,
104,Sero-063-07,,2021-02-09,30,Sero-063,7,,,,,,,,,37,No,2021-07-08,follow-up,Negative,,,,Negative,,neg,Negative,,,0,,,,,,,,,149,,,,,,,,,yes,0,,,,,,,,,,,,
105,Sero-063-08,,2021-02-09,31,Sero-063,8,,,,,,,,,36,No,2021-08-08,follow-up,Negative,,,,Negative,,neg,Negative,,,0,,,,,,,,,180,,,,,,,,,yes,0,,,,,,,,,,,,
106,Sero-063-09,,2021-02-09,29,Sero-063,9,,,,,,,,,36,No,2021-09-06,follow-up,Negative,,,,Negative,,neg,Negative,,,0,,,,,,,,,209,,,,,,,,,yes,0,,,,,,,,,,,,
107,Sero-063-10,,2021-02-09,28,Sero-063,10,,,,,,,,,35,No,2021-10-04,follow-up,Negative,,,,Negative,,neg,Negative,,,0,,,,,,,,,237,,,,,,,,,yes,0,,,,,,,,,,,,
108,Sero-063-11,,2021-02-09,30,Sero-063,11,,,,,,,,,36,No,2021-11-03,follow-up,Negative,,,,Negative,,neg,Negative,,,0,,,,,,,,,267,,,,,,,,,yes,0,,,,,,,,,,,,
109,Sero-063-12,,2021-02-09,30,Sero-063,12,,,,,,,,,37,No,2021-12-03,follow-up,Negative,,,,Negative,,neg,Negative,,,0,,,,,,,,,297,,,,0,,,,,yes,0,,,,,,,,,,,,
110,Sero-063-13,,2021-02-09,29,Sero-063,13,,,,,,,,,37,No,2022-01-01,follow-up,Negative,,,,Negative,,neg,Negative,,,0,,,,,,,,,326,,,,,,,,,yes,0,,,,,,,,,,,,
111,Sero-063-14,,2021-02-09,30,Sero-063,14,,,,,,,,,36,No,2022-01-31,follow-up,Negative,,,,Negative,,neg,Negative,,,0,,,,,,,,,356,0,356,356,0,,,,,yes,0,,,,,,,,,,,,
112,Sero-066-01,sym,2021-02-09,0,Sero-066,1,15,7,Male,38,Yes,4,Yes,Yes,,,2021-02-09,recruitment,Positive,Pv,5400,,Mic+/PCR+,symptomatic,pv,Recruitment,Recruitment,,2,2,,,0,1,0,0,1,0,,,,,1,1,< 15 years,CQ; 3days + PQ; 14 days,yes,401614,380669,,,,,,,,,,,
113,Sero-066-03,sym,2021-02-09,21,Sero-066,3,,,,,,,,,36,No,2021-03-09,follow-up,Negative,,,,Negative,,neg,Negative,,,2,,,,,,,,,28,,,,,,,,,yes,0,,,,,,,,,,,,
114,Sero-066-04,sym,2021-02-09,31,Sero-066,4,,,,,,,,,36,No,2021-04-09,follow-up,Negative,,,,Negative,,neg,Negative,,,2,,,,,,,,,59,,,,,,,,,yes,0,,,,,,,,,,,,
115,Sero-066-05,sym,2021-02-09,32,Sero-066,5,,,,,,,,,36,No,2021-05-11,follow-up,Negative,,,,Negative,,neg,Negative,,,2,,,,,,,,,91,,,,,,,,,yes,0,,,,,,,,,,,,
116,Sero-066-06,sym,2021-02-09,31,Sero-066,6,,,,,,,,,36,No,2021-06-11,follow-up,Negative,,,,Negative,,neg,Negative,,,2,,,,,,,,,122,,,,,,,,,yes,0,,,,,,,,,,,,
117,Sero-066-07,sym,2021-02-09,31,Sero-066,7,,,,,,,,,36,No,2021-07-12,follow-up,Negative,,,,Negative,,neg,Negative,,,2,,,,,,,,,153,,,,,,,,,yes,0,,,,,,,,,,,,
118,Sero-066-08,sym,2021-02-09,21,Sero-066,8,,,,,,,,,38,Yes,2021-08-02,recurrence,Positive,Pv,11801,352,Mic+/PCR+,symptomatic,pv,symptomatic,recurrence,1,2,,1,,,,,,,174,0,174,174,1,,1,,CQ; 3days + PQ; 14 days,yes,68957,119957,36,0,0,non-infectious,0,Sero-066-R01,Sero-066-R08,0,0.017410195,0.98258978,reinfection
119,Sero-066-09,sym,2021-02-09,31,Sero-066,9,,,,,,,,,36,No,2021-09-02,follow-up,Negative,,,,PCR+,submicroscopic,pv,Asym_persisting,persisting,,2,,,,,,,,,205,,,,,,0,,,yes,10,0,,,,,,,,,,,
120,Sero-066-10,sym,2021-02-09,30,Sero-066,10,,,,,,,,,35,No,2021-10-02,follow-up,Negative,,,,Negative,,neg,Negative,,,2,,,,,,,,,235,,,,,,,,,yes,0,,,,,,,,,,,,
121,Sero-066-11,sym,2021-02-09,32,Sero-066,11,,,,,,,,,36,No,2021-11-03,follow-up,Negative,,,,Negative,,neg,Negative,,,2,,,,,,,,,267,,,,,,,,,yes,0,,,,,,,,,,,,
122,Sero-066-12,sym,2021-02-09,31,Sero-066,12,,,,,,,,,35,No,2021-12-04,follow-up,Negative,,,,Negative,,neg,Negative,,,2,,,,,,,,,298,,,,,,,,,yes,0,,,,,,,,,,,,
123,Sero-066-13,sym,2021-02-09,31,Sero-066,13,,,,,,,,,35,No,2022-01-04,follow-up,Negative,,,,Negative,,neg,Negative,,,2,,,,,,,,,329,,,,,,,,,yes,0,,,,,,,,,,,,
124,Sero-066-14,sym,2021-02-09,33,Sero-066,14,,,,,,,,,37,No,2022-02-06,follow-up,Negative,,,,Negative,,neg,Negative,,,2,,,,,,,,,362,,,,,,,,,yes,0,,,,,,,,,,,,
125,Sero-066-15,sym,2021-02-09,,Sero-066,15,,,,,,,,,,,,,Positive,Pv,85245,655,Mic+/PCR+,,,symptomatic,recurrence,,,,,,,,,,,,,,,,,,,,yes,334985.06,391476,30,6,20,infectious,2,,,,,,
126,Sero-076-01,,2020-12-11,0,Sero-105-17,1,14,28,Female,36,Yes,1,Yes,Yes,,,2020-12-11,recruitment,Positive,Pv,1600,,Mic+/PCR+,symptomatic,pv,Recruitment,Recruitment,,0,0,,,1,0,0,0,0,0,,,,,0,1,above 15 years,CQ; 3days + PQ; 14 days,yes,186438,12956,,,,,,,,,,,
127,Sero-076-03,,2020-12-11,24,Sero-105-18,3,,,,,,,,,37,No,2021-01-11,follow-up,Negative,,,,Mic+/PCR+,,,,,,0,,,,,,,,,31,,,,,,,,,yes,,,,,,,,,,,,,
128,Sero-076-04,,2020-12-11,31,Sero-105-19,4,,,,,,,,,36,No,2021-02-11,follow-up,Negative,,,,Mic+/PCR+,,,,,,0,,,,,,,,,62,,,,,,,,,yes,,,,,,,,,,,,,
129,Sero-076-05,,2020-12-11,28,Sero-123-16,5,,,,,,,,,35,No,2021-03-11,follow-up,Negative,,,,Mic+/PCR+,,neg,Negative,,,0,,,,,,,,,90,,,,,,,,,yes,0,,,,,,,,,,,,
130,Sero-076-06,,2020-12-11,30,Sero-131-16,6,,,,,,,,,34,No,2021-04-10,follow-up,Negative,,,,Mic+/PCR+,,,,,,0,,,,,,,,,120,,,,,,,,,yes,,,,,,,,,,,,,
131,Sero-076-07,,2020-12-11,30,Sero-076,7,,,,,,,,,36,No,2021-05-10,follow-up,Negative,,,,Mic+/PCR+,,,,,,0,,,,,,,,,150,,,,,,,,,yes,,,,,,,,,,,,,
132,Sero-076-08,,2020-12-11,33,Sero-076,8,,,,,,,,,36,No,2021-06-12,follow-up,Negative,,,,Mic+/PCR+,,neg,Negative,,,0,,,,,,,,,183,,,,,,,,,yes,0,,,,,,,,,,,,
133,Sero-076-09,,2020-12-11,30,Sero-076,9,,,,,,,,,36,No,2021-07-12,follow-up,Negative,,,,Mic+/PCR+,,,,,,0,,,,,,,,,213,,,,,,,,,yes,,,,,,,,,,,,,
134,Sero-076-10,,2020-12-11,30,Sero-076,10,,,,,,,,,36,No,2021-08-11,follow-up,Negative,,,,Mic+/PCR+,,,,,,0,,,,,,,,,243,,,,,,,,,yes,,,,,,,,,,,,,
135,Sero-076-11,,2020-12-11,29,Sero-076,11,,,,,,,,,36,No,2021-09-09,follow-up,Negative,,,,Mic+/PCR+,,neg,Negative,,,0,,,,,,,,,272,,,,,,,,,yes,0,,,,,,,,,,,,
136,Sero-076-12,,2020-12-11,30,Sero-076,12,,,,,,,,,35,No,2021-10-09,follow-up,Negative,,,,Mic+/PCR+,,,,,,0,,,,,,,,,302,,,,,,,,,yes,,,,,,,,,,,,,
137,Sero-076-13,,2020-12-11,34,Sero-076,13,,,,,,,,,36,No,2021-11-12,follow-up,Negative,,,,Mic+/PCR+,,,,,,0,,,,,,,,,336,,,,,,,,,yes,,,,,,,,,,,,,
138,Sero-076-14,,2020-12-11,29,Sero-076,14,,,,,,,,,36,No,2021-12-11,follow-up,Negative,,,,Mic+/PCR+,,neg,Negative,,,0,,,,,,,,,365,0,365,365,0,,,,,yes,0,,,,,,,,,,,,
139,Sero-077-01,,2020-12-12,0,Sero-077,1,14,57,Male,36,No,,No,Yes,,,2020-12-12,recruitment,Positive,Pv,240,0,Mic+/PCR+,symptomatic,pv,Recruitment,Recruitment,,0,0,,,1,0,0,0,0,0,,,,,0,0,above 15 years,CQ; 3days + PQ; 14 days,yes,460,0,29,0,0,non-infectious,0,,,,,,
140,Sero-077-03,,2020-12-12,24,Sero-077,3,,,,,,,,,36,No,2021-01-12,follow-up,Negative,,,,Mic+/PCR+,,,,,,0,,,,,,,,,31,,,,,,,,,yes,,,,,,,,,,,,,
141,Sero-077-04,,2020-12-12,32,Sero-077,4,,,,,,,,,36,No,2021-02-13,follow-up,Negative,,,,Mic+/PCR+,,,,,,0,,,,,,,,,63,,,,,,,,,yes,,,,,,,,,,,,,
142,Sero-077-05,,2020-12-12,30,Sero-077,5,,,,,,,,,35,No,2021-03-15,follow-up,Negative,,,,Mic+/PCR+,,neg,Negative,,,0,,,,,,,,,93,,,,,,,,,yes,0,,,,,,,,,,,,
143,Sero-077-06,,2020-12-12,28,Sero-077,6,,,,,,,,,35,No,2021-04-12,follow-up,Negative,,,,Mic+/PCR+,,,,,,0,,,,,,,,,121,,,,,,,,,yes,,,,,,,,,,,,,
144,Sero-077-07,,2020-12-12,30,Sero-077,7,,,,,,,,,36,No,2021-05-12,follow-up,Negative,,,,Mic+/PCR+,,,,,,0,,,,,,,,,151,,,,,,,,,yes,,,,,,,,,,,,,
145,Sero-077-08,,2020-12-12,31,Sero-077,8,,,,,,,,,36,No,2021-06-12,follow-up,Negative,,,,Mic+/PCR+,,neg,Negative,,,0,,,,,,,,,182,,,,,,,,,yes,0,,,,,,,,,,,,
146,Sero-077-09,,2020-12-12,30,Sero-077,9,,,,,,,,,35,No,2021-07-12,follow-up,Negative,,,,Mic+/PCR+,,,,,,0,,,,,,,,,212,,,,,,,,,yes,,,,,,,,,,,,,
147,Sero-077-10,,2020-12-12,31,Sero-077,10,,,,,,,,,36,No,2021-08-12,follow-up,Negative,,,,Mic+/PCR+,,,,,,0,,,,,,,,,243,,,,,,,,,yes,,,,,,,,,,,,,
148,Sero-077-11,,2020-12-12,32,Sero-077,11,,,,,,,,,36,No,2021-09-13,follow-up,Negative,,,,Mic+/PCR+,,neg,Negative,,,0,,,,,,,,,275,,,,,,,,,yes,0,,,,,,,,,,,,
149,Sero-077-12,,2020-12-12,63,Sero-077,12,,,,,,,,,35,No,2021-11-15,follow-up,Negative,,,,Mic+/PCR+,,,,,,0,,,,,,,,,338,,,,,,,,,yes,,,,,,,,,,,,,
150,Sero-077-13,,2020-12-12,30,Sero-077,13,,,,,,,,,36,No,2021-12-15,follow-up,Negative,,,,Mic+/PCR+,,,,,,0,,,,,,,,,368,,,,,,,,,yes,,,,,,,,,,,,,
151,Sero-081-01,sym,2020-12-15,0,Sero-081,1,14,13,Female,38,Yes,4,Yes,Yes,,,2020-12-15,recruitment,Positive,Pv,32,124,Mic+/PCR+,symptomatic,pv,Recruitment,Recruitment,,2,1,,,0,1,0,1,0,0,,,,,1,1,< 15 years,CQ; 3days + PQ; 14 days,yes,333052,13047,30,8,27,infectious,2,,,,,,
152,Sero-081-03,sym,2020-12-15,24,Sero-081,3,,,,,,,,,36,No,2021-01-15,follow-up,Negative,,,,Mic+/PCR+,,neg,Negative,,,2,,,,,,,,,31,,,,,,,,,yes,0,,,,,,,,,,,,
153,Sero-081-04,sym,2020-12-15,24,Sero-081,4,,,,,,,,,35,Yes,2021-02-08,recurrence,Positive,Pv,271,352,Mic+/PCR+,symptomatic,pv,symptomatic,recurrence,1,2,,1,,,,,,,55,0,55,55,1,,0,,CQ; 3days,yes,157,2,32,0,0,non-infectious,0,Sero-081-R01,Sero-081-R04,0,0.37113824,0.62886178,reinfection
154,Sero-081-05,sym,2020-12-15,38,Sero-081,5,,,,,,,,,34,Yes,2021-03-18,recurrence,Positive,Pv,,,Mic+/PCR+,symptomatic,pv,Symp_persisting,persisting,,2,,,,,,,,,93,,,,,,1,,CQ; 3days,yes,1700000,16552,,,,,,Sero-081-R04,Sero-081-R05,0,0.30522874,0.69477123,reinfection
155,Sero-081-06,sym,2020-12-15,32,Sero-081,6,,,,,,,,,36,No,2021-04-19,follow-up,Negative,Pv,,,Mic+/PCR+,,neg,Negative,,,2,,,,,,,,,125,,,,,,,,,yes,0,,,,,,,,,,,,
156,Sero-081-07,sym,2020-12-15,31,Sero-081,7,,,,,,,,,36,No,2021-05-20,follow-up,Positive,Pv,81,,Mic+/PCR+,asymptomatic ,pv,Asym_persisting,persisting,,2,,,,,,,,,156,,,,,,1,,,yes,936,10800,,,,,,,,,,,
157,Sero-081-08,sym,2020-12-15,31,Sero-081,8,,,,,,,,,36,No,2021-06-20,follow-up,Negative,Pv,,,Mic+/PCR+,,neg,Negative,,,2,,,,,,,,,187,,,,,,,,,yes,0,,,,,,,,,,,,
158,Sero-081-09,sym,2020-12-15,31,Sero-081,9,,,,,,,,,35,No,2021-07-21,follow-up,Negative,,,,Mic+/PCR+,,neg,Negative,,,2,,,,,,,,,218,,,,,,,,,yes,0,,,,,,,,,,,,
159,Sero-081-10,sym,2020-12-15,31,Sero-081,10,,,,,,,,,35,No,2021-08-21,follow-up,Negative,,,,Mic+/PCR+,,neg,Negative,,,2,,,,,,,,,249,,,,,,,,,yes,0,,,,,,,,,,,,
160,Sero-081-11,sym,2020-12-15,31,Sero-081,11,,,,,,,,,36,No,2021-09-21,follow-up,Negative,,,,Mic+/PCR+,,neg,Negative,,,2,,,,,,,,,280,,,,,,,,,yes,0,,,,,,,,,,,,
161,Sero-081-12,sym,2020-12-15,34,Sero-081,12,,,,,,,,,36,No,2021-10-25,follow-up,Negative,,,,Mic+/PCR+,submicroscopic,pv,asymptomatic,recurrence,2,2,,,1,,,,,,314,55,314,259,1,,1,,,yes,300,1958,,,,,,,,,,,
162,Sero-081-13,sym,2020-12-15,29,Sero-081,13,,,,,,,,,36,No,2021-11-23,follow-up,Negative,,,,Mic+/PCR+,submicroscopic,pv,Asym_persisting,persisting,,2,,,,,,,,,343,,,,,,1,,,yes,42,86,,,,,,,,,,,
163,Sero-081-14,sym,2020-12-15,29,Sero-081,14,,,,,,,,,35,No,2021-12-22,follow-up,Positive,mixed,68,,Mic+/PCR+,asymptomatic ,pv,Asym_persisting,persisting,,2,,,,,,,,,372,,,,,,1,,,yes,715,50,,,,,,,,,,,
164,Sero-082-01,asym,2020-12-15,0,Sero-082,1,14,18,Male,38,No,,No,Yes,,,2020-12-15,recruitment,Positive,Pv,320,112,Mic+/PCR+,symptomatic,pv,Recruitment,Recruitment,,1,0,,,0,0,1,0,1,0,,,,,1,1,above 15 years,CQ; 3days + PQ; 14 days,yes,103050,2817,30,24,80,infectious,12,,,,,,
165,Sero-082-03,asym,2020-12-15,25,Sero-082,3,,,,,,,,,38,Yes,2021-01-15,follow-up,Negative,,,,Mic+/PCR+,,neg,Negative,,,1,,,,,,,,,31,,,,,,,,,yes,0,,,,,,,,,,,,
166,Sero-082-04,asym,2020-12-15,24,Sero-082,4,,,,,,,,,37,No,2021-02-08,follow-up,Negative,,,,Mic+/PCR+,submicroscopic,pv,Asym_persisting,persisting,,1,,,,,,,,,55,,,,,,1,,,yes,13,13,,,,,,,,,,,
167,Sero-082-05,asym,2020-12-15,36,Sero-082,5,,,,,,,,,36,No,2021-03-16,follow-up,Negative,,,,Mic+/PCR+,,neg,Negative,,,1,,,,,,,,,91,,,,,,,,,yes,0,,,,,,,,,,,,
168,Sero-082-06,asym,2020-12-15,30,Sero-082,6,,,,,,,,,37,Yes,2021-04-15,follow-up,Negative,,,,Mic+/PCR+,,neg,Negative,,,1,,,,,,,,,121,,,,,,,,,yes,0,,,,,,,,,,,,
169,Sero-082-07,asym,2020-12-15,30,Sero-082,7,,,,,,,,,36,No,2021-05-15,follow-up,Negative,,,,Mic+/PCR+,,neg,Negative,,,1,,,,,,,,,151,,,,,,,,,yes,0,,,,,,,,,,,,
170,Sero-082-08,asym,2020-12-15,32,Sero-082,8,,,,,,,,,36,No,2021-06-16,follow-up,Negative,,,,Mic+/PCR+,,neg,Negative,,,1,,,,,,,,,183,,,,,,,,,yes,0,,,,,,,,,,,,
171,Sero-082-09,asym,2020-12-15,34,Sero-082,9,,,,,,,,,36,No,2021-07-20,follow-up,Negative,,,,Mic+/PCR+,,neg,Negative,,,1,,,,,,,,,217,,,,,,,,,yes,0,,,,,,,,,,,,
172,Sero-082-10,asym,2020-12-15,34,Sero-082,10,,,,,,,,,37,No,2021-08-23,follow-up,Negative,,,,Mic+/PCR+,,neg,Negative,,,1,,,,,,,,,251,,,,,,,,,yes,0,,,,,,,,,,,,
173,Sero-082-11,asym,2020-12-15,29,Sero-082,11,,,,,,,,,37,No,2021-09-21,follow-up,Negative,,,,Mic+/PCR+,submicroscopic,pv,asymptomatic,recurrence,1,1,,,1,,,,,,280,0,280,280,1,,0,,,yes,25601,0,,,,,,,,,,,
174,Sero-082-12,asym,2020-12-15,29,Sero-082,12,,,,,,,,,36,No,2021-10-20,follow-up,Negative,,,,Mic+/PCR+,,neg,Negative,,,1,,,,,,,,,309,,,,,,,,,yes,0,,,,,,,,,,,,
175,Sero-082-13,asym,2020-12-15,30,Sero-082,13,,,,,,,,,36,No,2021-11-19,follow-up,Negative,,,,Mic+/PCR+,,neg,Negative,,,1,,,,,,,,,339,,,,,,,,,yes,0,,,,,,,,,,,,
176,Sero-082-14,asym,2020-12-15,29,Sero-082,14,,,,,,,,,36,No,2021-12-18,follow-up,Negative,,,,Mic+/PCR+,,neg,Negative,,,1,,,,,,,,,368,280,368,88,0,,,,,yes,0,,,,,,,,,,,,
177,Sero-083-01,sym,2020-12-16,0,Sero-083,1,15,16,Male,35,Yes,1,No,Yes,,,2020-12-16,recruitment,Positive,Pv,1000,325,Mic+/PCR+,symptomatic,pv,Recruitment,Recruitment,,1,1,,,0,1,0,1,0,0,,,,,0,1,above 15 years,CQ; 3days + PQ; 14 days,yes,192786,13047,31,3,10,infectious,2,,,,,,
178,Sero-083-03,sym,2020-12-16,24,Sero-083,3,,,,,,,,,35,No,2021-01-16,follow-up,Negative,,,,Mic+/PCR+,submicroscopic,pv,Asym_persisting,persisting,,1,,,,,,,,,31,,,,,,0,,,yes,86,0,,,,,,,,,,,
179,Sero-083-04,sym,2020-12-16,32,Sero-083,4,,,,,,,,,37,No,2021-02-17,follow-up,Negative,,,,Mic+/PCR+,submicroscopic,pv,Asym_persisting,persisting,,1,,,,,,,,,63,,,,,,,,,yes,5,,,,,,,,,,,,
180,Sero-083-05,sym,2020-12-16,24,Sero-083,5,,,,,,,,,39,Yes,2021-03-13,recurrence,Positive,Pv,325,0,Mic+/PCR+,symptomatic,pv,Symp_persisting,persisting,,1,,,,,,,,,87,,,,,,1,,CQ; 3days,yes,282592,381,,,,,,Sero-083-R01,Sero-083-R05,0.18321972,0.68302995,0.13375033,relapse
181,Sero-083-06,sym,2020-12-16,35,Sero-083,6,,,,,,,,,36,No,2021-04-17,follow-up,Negative,,,,Mic+/PCR+,,neg,Negative,,,1,,,,,,,,,122,,,,,,,,,yes,0,,,,,,,,,,,,
182,Sero-083-07,sym,2020-12-16,35,Sero-083,7,,,,,,,,,36,No,2021-05-22,follow-up,Negative,,,,Mic+/PCR+,,neg,Negative,,,1,,,,,,,,,157,,,,,,,,,yes,0,,,,,,,,,,,,
183,Sero-083-08,sym,2020-12-16,28,Sero-083,8,,,,,,,,,36,No,2021-06-19,follow-up,Negative,,,,Mic+/PCR+,,neg,Negative,,,1,,,,,,,,,185,,,,,,,,,yes,0,,,,,,,,,,,,
184,Sero-083-09,sym,2020-12-16,28,Sero-083,9,,,,,,,,,35,No,2021-07-17,follow-up,Negative,,,,Mic+/PCR+,,neg,Negative,,,1,,,,,,,,,213,,,,,,,,,yes,0,,,,,,,,,,,,
185,Sero-083-10,sym,2020-12-16,35,Sero-083,10,,,,,,,,,36,No,2021-08-21,follow-up,Negative,,,,Mic+/PCR+,,neg,Negative,,,1,,,,,,,,,248,,,,,,,,,yes,0,,,,,,,,,,,,
186,Sero-083-11,sym,2020-12-16,35,Sero-083,11,,,,,,,,,36,No,2021-09-25,follow-up,Negative,,,,Mic+/PCR+,submicroscopic,pv,Asym_persisting,persisting,,1,,,,,,,,,283,,,,,,1,,,yes,6721,348,,,,,,,,,,,
187,Sero-083-12,sym,2020-12-16,4,Sero-083,12,,,,,,,,,37,Yes,2021-09-29,recurrence,Positive,Pv,9592,2356,Mic+/PCR+,symptomatic,pv,symptomatic,recurrence,1,1,,1,,,,,,,287,0,287,287,1,,1,,CQ; 3days + PQ; 14 days,yes,361781,109525,32,11,34,infectious,63,Sero-083-R05,Sero-083-R12,0,0.6944077,0.3055923,relapse
188,Sero-083-13,sym,2020-12-16,31,Sero-083,13,,,,,,,,,35,No,2021-10-30,follow-up,Negative,,,,Mic+/PCR+,,neg,Negative,,,1,,,,,,,,,318,,,,,,,,,yes,0,,,,,,,,,,,,
189,Sero-083-14,sym,2020-12-16,35,Sero-083,14,,,,,,,,,35,No,2021-12-04,follow-up,Negative,,,,Mic+/PCR+,,neg,Negative,,,1,,,,,,,,,353,,,,,,,,,yes,0,,,,,,,,,,,,
190,Sero-085-01,sym,2020-12-16,0,Sero-085,1,14,20,Male,40,No,,No,Yes,,,2020-12-16,recruitment,Positive,Pv,400,351,Mic+/PCR+,symptomatic,pv,Recruitment,Recruitment,,1,1,,,0,1,0,0,0,0,,,,,1,1,above 15 years,CQ; 3days + PQ; 14 days,yes,117071,15760,22,9,41,infectious,33,,,,,,
191,Sero-085-03,sym,2020-12-16,24,Sero-085,3,,,,,,,,,36,No,2021-01-16,follow-up,Negative,,,,Mic+/PCR+,,neg,Negative,,,1,,,,,,,,,31,,,,,,,,,yes,0,,,,,,,,,,,,
192,Sero-085-04,sym,2020-12-16,31,Sero-085,4,,,,,,,,,36,Yes,2021-02-16,follow-up,Negative,,,,Mic+/PCR+,,neg,Negative,,,1,,,,,,,,,62,,,,,,,,,yes,0,,,,,,,,,,,,
193,Sero-085-05,sym,2020-12-16,24,Sero-085,5,,,,,,,,,36,No,2021-03-12,follow-up,Negative,,,,Mic+/PCR+,,neg,Negative,,,1,,,,,,,,,86,,,,,,,,,yes,0,,,,,,,,,,,,
194,Sero-085-06,sym,2020-12-16,35,Sero-085,6,,,,,,,,,36,No,2021-04-16,follow-up,Positive,Pv,1465,0,Mic+/PCR+,,neg,Negative,,,1,,,,,,,,,121,,,,,,,,,yes,0,,,,,,,,,,,,
195,Sero-085-07,sym,2020-12-16,31,Sero-085,7,,,,,,,,,36,No,2021-05-17,follow-up,Negative,,,,Mic+/PCR+,,neg,Negative,,,1,,,,,,,,,152,,,,,,,,,yes,0,,,,,,,,,,,,
196,Sero-085-08,sym,2020-12-16,32,Sero-085,8,,,,,,,,,39,Yes,2021-06-18,recurrence,Positive,Pv,44244,54,Mic+/PCR+,symptomatic,pv,symptomatic,recurrence,1,1,,1,,,,,,,184,0,184,184,1,,1,,CQ; 3days + PQ; 14 days,yes,311737,7350,30,19,63,infectious,9,Sero-085-R01,Sero-085-R08,0,0.99405676,0.005943258,relapse
197,Sero-085-09,sym,2020-12-16,10,Sero-085,9,,,,,,,,,36,No,2021-06-28,follow-up,Negative,,,,Mic+/PCR+,,neg,Negative,,,1,,,,,,,,,194,,,,,,,,,yes,0,,,,,,,,,,,,
198,Sero-085-10,sym,2020-12-16,30,Sero-085,10,,,,,,,,,35,No,2021-07-28,follow-up,Negative,,,,Mic+/PCR+,,neg,Negative,,,1,,,,,,,,,224,,,,,,,,,yes,0,,,,,,,,,,,,
199,Sero-085-11,sym,2020-12-16,30,Sero-085,11,,,,,,,,,36,No,2021-08-27,follow-up,Negative,,,,Mic+/PCR+,,neg,Negative,,,1,,,,,,,,,254,,,,,,,,,yes,0,,,,,,,,,,,,
200,Sero-085-12,sym,2020-12-16,33,Sero-085,12,,,,,,,,,37,No,2021-09-29,follow-up,Negative,,,,Mic+/PCR+,,neg,Negative,,,1,,,,,,,,,287,,,,,,,,,yes,0,,,,,,,,,,,,
201,Sero-085-13,sym,2020-12-16,30,Sero-085,13,,,,,,,,,36,No,2021-10-29,follow-up,Negative,,,,Mic+/PCR+,,neg,Negative,,,1,,,,,,,,,317,,,,,,,,,yes,0,,,,,,,,,,,,
202,Sero-085-14,sym,2020-12-16,31,Sero-085,14,,,,,,,,,35,No,2021-11-29,follow-up,Negative,,,,Mic+/PCR+,,neg,Negative,,,1,,,,,,,,,348,184,348,164,0,,,,,yes,0,,,,,,,,,,,,
203,Sero-086-01,asym,2020-12-21,0,Sero-086,1,14,7,Male,38,Yes,2,Yes,Yes,,,2020-12-21,recruitment,Positive,Pv,20800,55,Mic+/PCR+,symptomatic,pv,Recruitment,Recruitment,,1,1,,,0,0,1,1,0,0,,,,,1,1,< 15 years,CQ; 3days + PQ; 14 days,yes,7100000,89406,30,25,83,infectious,26,,,,,,
204,Sero-086-03,asym,2020-12-21,19,Sero-086,3,,,,,,,,,37,No,2021-01-21,follow-up,Negative,,,,Mic+/PCR+,submicroscopic,pv,Asym_persisting,persisting,,1,,,,,,,,,31,,,,,,1,,,yes,2456,8573,,,,,,,,,,,
205,Sero-086-04,asym,2020-12-21,31,Sero-086,4,,,,,,,,,36,No,2021-02-21,follow-up,Positive,Pv,823,0,Mic+/PCR+,asymptomatic ,pv,Asym_persisting,persisting,,1,,,,,,,,,62,,,,,,1,,,yes,1089,11996,,,,,,,,,,,
206,Sero-086-05,asym,2020-12-21,23,Sero-086,5,,,,,,,,,38,Yes,2021-03-16,recurrence,Positive,Pv,11546,656,Mic+/PCR+,symptomatic,pv,Symp_persisting,persisting,,1,,,,,,,,,85,,,,,,1,,CQ; 3days,yes,924055,2300,30,0,0,non-infectious,0,Sero-086-R01,Sero-086-R05,0,0.80465901,0.19534101,relapse
207,Sero-086-06,asym,2020-12-21,35,Sero-086,6,,,,,,,,,36,No,2021-04-20,follow-up,Negative,,,,Mic+/PCR+,submicroscopic,pv,Asym_persisting,persisting,,1,,,,,,,,,120,,,,,,,,,yes,5,,,,,,,,,,,,
208,Sero-086-07,asym,2020-12-21,27,Sero-086,7,,,,,,,,,36,No,2021-05-17,follow-up,Positive,Pv,166,,Mic+/PCR+,asymptomatic ,pv,Asym_persisting,persisting,,1,,,,,,,,,147,,,,,,1,,,yes,63,65,,,,,,,,,,,
209,Sero-086-08,asym,2020-12-21,32,Sero-086,8,,,,,,,,,36,No,2021-06-18,follow-up,Negative,,,,Mic+/PCR+,submicroscopic,pv,Asym_persisting,persisting,,1,,,,,,,,,179,,,,,,0,,,yes,95,0,,,,,,,,,,,
210,Sero-086-09,asym,2020-12-21,57,Sero-086,9,,,,,,,,,36,No,2021-08-14,follow-up,Negative,,,,Mic+/PCR+,,neg,Negative,,,1,,,,,,,,,236,,,,,,,,,yes,0,,,,,,,,,,,,
211,Sero-086-10,asym,2020-12-21,37,Sero-086,10,,,,,,,,,36,No,2021-09-20,follow-up,Negative,,,,Mic+/PCR+,,neg,Negative,,,1,,,,,,,,,273,,,,,,,,,yes,0,,,,,,,,,,,,
212,Sero-086-11,asym,2020-12-21,32,Sero-086,11,,,,,,,,,36,No,2021-10-22,follow-up,Negative,,,,Mic+/PCR+,submicroscopic,pv,asymptomatic,recurrence,1,1,,,1,,,,,,305,0,305,305,1,,0,,,yes,155,2,,,,,,,,,,,
213,Sero-086-12,asym,2020-12-21,35,Sero-086,12,,,,,,,,,36,No,2021-11-26,follow-up,Negative,,,,Mic+/PCR+,,neg,Negative,,,1,,,,,,,,,340,,,,,,,,,yes,0,,,,,,,,,,,,
214,Sero-086-13,asym,2020-12-21,32,Sero-086,13,,,,,,,,,36,No,2021-12-28,follow-up,Negative,,,,Mic+/PCR+,,neg,Negative,,,1,,,,,,,,,372,,,,,,,,,yes,0,,,,,,,,,,,,
215,Sero-089-01,,2020-12-25,0,Sero-089,1,14,35,Male,36,No,,No,Yes,,,2020-12-25,recruitment,Positive,Pv,240,,Mic+/PCR+,symptomatic,pv,Recruitment,Recruitment,,0,0,,,1,0,0,0,0,0,,,,,0,1,above 15 years,CQ; 3days + PQ; 14 days,yes,16812,15983,,,,,,,,,,,
216,Sero-089-03,,2020-12-25,24,Sero-089,3,,,,,,,,,36,No,2021-01-25,follow-up,Negative,,,,Mic+/PCR+,,neg,Negative,,,0,,,,,,,,,31,,,,,,,,,yes,0,,,,,,,,,,,,
217,Sero-089-04,,2020-12-25,31,Sero-089,4,,,,,,,,,35,No,2021-02-25,follow-up,Negative,,,,Mic+/PCR+,,neg,Negative,,,0,,,,,,,,,62,,,,,,,,,yes,0,,,,,,,,,,,,
218,Sero-089-05,,2020-12-25,30,Sero-089,5,,,,,,,,,36,No,2021-03-27,follow-up,Negative,,,,Mic+/PCR+,,neg,Negative,,,0,,,,,,,,,92,,,,,,,,,yes,0,,,,,,,,,,,,
219,Sero-089-06,,2020-12-25,30,Sero-089,6,,,,,,,,,35,No,2021-04-26,follow-up,Negative,,,,Mic+/PCR+,,neg,Negative,,,0,,,,,,,,,122,,,,,,,,,yes,0,,,,,,,,,,,,
220,Sero-089-07,,2020-12-25,29,Sero-089,7,,,,,,,,,35,No,2021-05-25,follow-up,Negative,,,,Mic+/PCR+,,neg,Negative,,,0,,,,,,,,,151,,,,,,,,,yes,0,,,,,,,,,,,,
221,Sero-089-08,,2020-12-25,36,Sero-089,8,,,,,,,,,35,No,2021-06-30,follow-up,Negative,,,,Mic+/PCR+,,neg,Negative,,,0,,,,,,,,,187,,,,,,,,,yes,0,,,,,,,,,,,,
222,Sero-089-09,,2020-12-25,33,Sero-089,9,,,,,,,,,35,No,2021-08-02,follow-up,Negative,,,,Mic+/PCR+,,neg,Negative,,,0,,,,,,,,,220,,,,,,,,,yes,0,,,,,,,,,,,,
223,Sero-089-10,,2020-12-25,32,Sero-089,10,,,,,,,,,36,No,2021-09-03,follow-up,Negative,,,,Mic+/PCR+,,neg,Negative,,,0,,,,,,,,,252,,,,,,,,,yes,0,,,,,,,,,,,,
224,Sero-089-11,,2020-12-25,31,Sero-089,11,,,,,,,,,36,No,2021-10-04,follow-up,Negative,,,,Mic+/PCR+,,neg,Negative,,,0,,,,,,,,,283,,,,,,,,,yes,0,,,,,,,,,,,,
225,Sero-089-12,,2020-12-25,31,Sero-089,12,,,,,,,,,36,No,2021-11-04,follow-up,Negative,,,,Mic+/PCR+,,neg,Negative,,,0,,,,,,,,,314,,,,,,,,,yes,0,,,,,,,,,,,,
226,Sero-089-13,,2020-12-25,32,Sero-089,13,,,,,,,,,35,No,2021-12-06,follow-up,Negative,,,,Mic+/PCR+,,neg,Negative,,,0,,,,,,,,,346,,,,,,,,,yes,0,,,,,,,,,,,,
227,Sero-093-01,sym,2020-12-28,0,Sero-093,1,11,17,Male,36,Yes,1,Yes,Yes,,,2020-12-28,recruitment,Positive,Pv,11901,0,Mic+/PCR+,symptomatic,pv,Recruitment,Recruitment,,2,2,,,0,1,0,0,1,0,,,,,0,1,above 15 years,CQ; 3days + PQ; 14 days,yes,349963,1021,,,,,,,,,,,
228,Sero-093-03,sym,2020-12-28,26,Sero-093,3,,,,,,,,,35,No,2021-01-30,follow-up,Negative,,,,Mic+/PCR+,,neg,Negative,,,2,,,,,,,,,33,,,,,,,,,yes,0,,,,,,,,,,,,
229,Sero-093-04,sym,2020-12-28,20,Sero-093,4,,,,,,,,,35,Yes,2021-02-19,recurrence,Positive,Pv,5980,0,Mic+/PCR+,symptomatic,pv,symptomatic,recurrence,1,2,,1,,,,,,,53,0,53,53,1,,1,,CQ; 3days,yes,529718,2013,,,,,,Sero-093-R01,Sero-093-R04,0,0.06600491,0.93399507,reinfection
230,Sero-093-05,sym,2020-12-28,28,Sero-093,5,,,,,,,,,34,No,2021-03-19,follow-up,Negative,,,,Mic+/PCR+,,neg,Negative,,,2,,,,,,,,,81,,,,,,,,,yes,0,,,,,,,,,,,,
231,Sero-093-06,sym,2020-12-28,19,Sero-093,6,,,,,,,,,36,Yes,2021-04-07,recurrence,Positive,Pv,582,546,Mic+/PCR+,symptomatic,pv,symptomatic,recurrence,2,2,,2,,,,,,,100,53,81,28,1,,1,,CQ; 3days + PQ; 14 days,yes,4655,383,30,4,13,infectious,2,Sero-093-R04,Sero-093-R06,0,0.85746765,0.14253233,relapse
232,Sero-093-07,sym,2020-12-28,30,Sero-093,7,,,,,,,,,36,No,2021-05-07,follow-up,Negative,,,,Mic+/PCR+,,neg,Negative,,,2,,,,,,,,,130,,,,,,,,,yes,0,,,,,,,,,,,,
233,Sero-093-08,sym,2020-12-28,31,Sero-093,8,,,,,,,,,35,No,2021-06-07,follow-up,Positive,Pv,347,,Mic+/PCR+,asymptomatic ,pv,Asym_persisting,persisting,,2,,,,,,,,,161,,,,,,1,,,yes,87940,27205,,,,,,,,,,,
234,Sero-093-09,sym,2020-12-28,30,Sero-093,9,,,,,,,,,36,No,2021-07-07,follow-up,Positive,Pv,213,0,Mic+/PCR+,asymptomatic ,pv,Asym_persisting,persisting,,2,,,,,,,,,191,,,,,,1,,,yes,140,788,,,,,,,,,,,
235,Sero-093-10,sym,2020-12-28,30,Sero-093,10,,,,,,,,,36,No,2021-08-06,follow-up,Negative,,,,Mic+/PCR+,submicroscopic,pv,Asym_persisting,persisting,,2,,,,,,,,,221,,,,,,1,,,yes,16,20,,,,,,,,,,,
236,Sero-093-11,sym,2020-12-28,31,Sero-093,11,,,,,,,,,35,No,2021-09-06,follow-up,Negative,,,,Mic+/PCR+,submicroscopic,pv,Asym_persisting,persisting,,2,,,,,,,,,252,,,,,,1,,,yes,234,17,,,,,,,,,,,
237,Sero-094-01,sym,2020-12-28,0,Sero-094,1,14,6,Female,37,Yes,2,Yes,Yes,,,2020-12-28,recruitment,Positive,Pv,840,,Mic+/PCR+,symptomatic,pv,Recruitment,Recruitment,,1,1,,,0,1,0,0,1,0,,,,,0,1,< 15 years,CQ; 3days + PQ; 14 days,yes,54009,1644,,,,,,,,,,,
238,Sero-094-03,sym,2020-12-28,10,Sero-094,3,,,,,,,,,36,No,2021-01-28,follow-up,Negative,,,,Mic+/PCR+,,neg,Negative,,,1,,,,,,,,,31,,,,,,,,,yes,0,,,,,,,,,,,,
239,Sero-094-04,sym,2020-12-28,37,Sero-094,4,,,,,,,,,39,Yes,2021-03-06,recurrence,Positive,P.v + P.f,1639,0,Mic+/PCR+,symptomatic,pv,symptomatic,recurrence,1,1,,1,,,,,,,68,0,68,68,1,,1,,CQ; 3days,yes,479190,894,,,,,,Sero-094-R01,Sero-094-R04,0,0.12739116,0.87260884,reinfection
240,Sero-094-05,sym,2020-12-28,40,Sero-094,5,,,,,,,,,36,No,2021-04-15,follow-up,Negative,,,,Mic+/PCR+,,neg,Negative,,,1,,,,,,,,,108,,,,,,,,,yes,0,,,,,,,,,,,,
241,Sero-094-06,sym,2020-12-28,32,Sero-094,6,,,,,,,,,36,No,2021-05-17,follow-up,Positive,Pv,137,,Mic+/PCR+,asymptomatic ,pv,Asym_persisting,persisting,,1,,,,,,,,,140,,,,,,1,,,yes,169,317,,,,,,,,,,,
242,Sero-094-07,sym,2020-12-28,32,Sero-094,7,,,,,,,,,36,No,2021-06-18,follow-up,Negative,,,,Mic+/PCR+,,neg,Negative,,,1,,,,,,,,,172,,,,,,,,,yes,0,,,,,,,,,,,,
243,Sero-094-08,sym,2020-12-28,33,Sero-094,8,,,,,,,,,36,No,2021-07-21,follow-up,Negative,,,,Mic+/PCR+,submicroscopic,pv,Asym_persisting,persisting,,1,,,,,,,,,205,,,,,,1,,,yes,514,946,,,,,,,,,,,
244,Sero-094-09,sym,2020-12-28,35,Sero-094,9,,,,,,,,,36,No,2021-08-25,follow-up,Negative,,,,Mic+/PCR+,submicroscopic,pv,Asym_persisting,persisting,,1,,,,,,,,,240,,,,,,,,,yes,5,,,,,,,,,,,,
245,Sero-094-10,sym,2020-12-28,37,Sero-094,10,,,,,,,,,36,No,2021-10-01,follow-up,Negative,,,,Mic+/PCR+,,neg,Negative,,,1,,,,,,,,,277,,,,,,,,,yes,0,,,,,,,,,,,,
246,Sero-094-11,sym,2020-12-28,29,Sero-094,11,,,,,,,,,36,No,2021-10-30,follow-up,Negative,,,,Mic+/PCR+,,neg,Negative,,,1,,,,,,,,,306,,,,,,,,,yes,0,,,,,,,,,,,,
247,Sero-094-12,sym,2020-12-28,34,Sero-094,12,,,,,,,,,36,No,2021-12-03,follow-up,Negative,,,,Mic+/PCR+,,neg,Negative,,,1,,,,,,,,,340,,,,,,,,,yes,0,,,,,,,,,,,,
248,Sero-094-13,sym,2020-12-28,31,Sero-094,13,,,,,,,,,36,No,2022-01-03,follow-up,Negative,,,,Mic+/PCR+,,neg,Negative,,,1,,,,,,,,,371,,,,,,,,,yes,0,,,,,,,,,,,,
249,Sero-095-01,sym,2020-12-28,0,Sero-095,1,15,11,Male,37,Yes,2,Yes,Yes,,,2020-12-28,recruitment,Positive,Pv,120,526,Mic+/PCR+,symptomatic,pv,Recruitment,Recruitment,,2,2,,,0,1,0,0,0,0,,,,,0,1,< 15 years,CQ; 3days + PQ; 14 days,yes,420113,162079,30,5,17,infectious,2,,,,,,
250,Sero-095-03,sym,2020-12-28,23,Sero-095,3,,,,,,,,,36,No,2021-01-27,follow-up,Negative,,,,Mic+/PCR+,,neg,Negative,,,2,,,,,,,,,30,,,,,,,,,yes,0,,,,,,,,,,,,
251,Sero-095-04,sym,2020-12-28,32,Sero-095,4,,,,,,,,,36,No,2021-02-28,follow-up,Negative,,,,Mic+/PCR+,,neg,Negative,,,2,,,,,,,,,62,,,,,,,,,yes,0,,,,,,,,,,,,
252,Sero-095-05,sym,2020-12-28,29,Sero-095,5,,,,,,,,,36,No,2021-03-29,follow-up,Negative,,,,Mic+/PCR+,,neg,Negative,,,2,,,,,,,,,91,,,,,,,,,yes,0,,,,,,,,,,,,
253,Sero-095-06,sym,2020-12-28,30,Sero-095,6,,,,,,,,,35,No,2021-04-28,follow-up,Negative,,,,Mic+/PCR+,,neg,Negative,,,2,,,,,,,,,121,,,,,,,,,yes,0,,,,,,,,,,,,
254,Sero-095-07,sym,2020-12-28,30,Sero-095,7,,,,,,,,,35,No,2021-05-28,follow-up,Negative,,,,Mic+/PCR+,,neg,Negative,,,2,,,,,,,,,151,,,,,,,,,yes,0,,,,,,,,,,,,
255,Sero-095-08,sym,2020-12-28,31,Sero-095,8,,,,,,,,,35,No,2021-06-28,follow-up,Negative,,,,Mic+/PCR+,,neg,Negative,,,2,,,,,,,,,182,,,,,,,,,yes,0,,,,,,,,,,,,
256,Sero-095-09,sym,2020-12-28,26,Sero-095,9,,,,,,,,,38,Yes,2021-07-24,recurrence,Positive,P.v + P.f,8000,362,Mic+/PCR+,symptomatic,pv,symptomatic,recurrence,1,2,,1,,,,,,,208,0,208,208,1,,1,,CQ; 3days + PQ; 14 days,yes,519819,22999,30,20,67,infectious,10,Sero-095-R01,Sero-095-R09,0,0.067905806,0.93209422,reinfection
257,Sero-095-10,sym,2020-12-28,31,Sero-095,10,,,,,,,,,35,No,2021-08-24,follow-up,Negative,,,,Mic+/PCR+,,neg,Negative,,,2,,,,,,,,,239,,,,,,,,,yes,0,,,,,,,,,,,,
258,Sero-095-11,sym,2020-12-28,32,Sero-095,11,,,,,,,,,35,No,2021-09-25,follow-up,Negative,,,,Mic+/PCR+,,neg,Negative,,,2,,,,,,,,,271,,,,,,,,,yes,0,,,,,,,,,,,,
259,Sero-095-12,sym,2020-12-28,30,Sero-095,12,,,,,,,,,36,No,2021-10-25,follow-up,Negative,,,,Mic+/PCR+,,neg,Negative,,,2,,,,,,,,,301,,,,,,,,,yes,0,,,,,,,,,,,,
260,Sero-095-13,sym,2020-12-28,32,Sero-095,13,,,,,,,,,35,No,2021-11-26,follow-up,Negative,,,,Mic+/PCR+,,neg,Negative,,,2,,,,,,,,,333,,,,,,,,,yes,0,,,,,,,,,,,,
261,Sero-095-14,sym,2020-12-28,31,Sero-095,14,,,,,,,,,35,No,2021-12-27,follow-up,Negative,,,,Mic+/PCR+,,neg,Negative,,,2,,,,,,,,,364,,,,,,,,,yes,0,,,,,,,,,,,,
262,Sero-095-15,sym,2020-12-28,12,Sero-095,15,,,,,,,,,36,Yes,2022-01-08,recurrence,Positive,Pv,45684,235,Mic+/PCR+,symptomatic,pv,symptomatic,recurrence,2,2,,2,,,,,,,376,208,376,168,1,,1,,CQ; 3days + PQ; 14 days,yes,102298,414020,30,0,0,non-infectious,0,Sero-095-R09,Sero-095-R15,0,0.95066321,0.049336776,relapse
263,Sero-096-01,,2020-12-29,0,Sero-096,1,14,50,Female,36,No,,No,Yes,,,2020-12-29,recruitment,Positive,Pv,421,654,Mic+/PCR+,symptomatic,pv,Recruitment,Recruitment,,0,0,,,1,0,0,0,0,0,,,,,0,1,above 15 years,CQ; 3days + PQ; 14 days,yes,1826,14,26,0,0,non-infectious,0,,,,,,
264,Sero-096-03,,2020-12-29,23,Sero-096,3,,,,,,,,,36,No,2021-01-28,follow-up,Negative,,,,Mic+/PCR+,,,,,,0,,,,,,,,,30,,,,,,,,,yes,,,,,,,,,,,,,
265,Sero-096-04,,2020-12-29,32,Sero-096,4,,,,,,,,,35,No,2021-03-01,follow-up,Negative,,,,Mic+/PCR+,,,,,,0,,,,,,,,,62,,,,,,,,,yes,,,,,,,,,,,,,
266,Sero-096-05,,2020-12-29,28,Sero-096,5,,,,,,,,,36,No,2021-03-29,follow-up,Negative,,,,Mic+/PCR+,,neg,Negative,,,0,,,,,,,,,90,,,,,,,,,yes,0,,,,,,,,,,,,
267,Sero-096-06,,2020-12-29,31,Sero-096,6,,,,,,,,,35,No,2021-04-29,follow-up,Negative,,,,Mic+/PCR+,,,,,,0,,,,,,,,,121,,,,,,,,,yes,,,,,,,,,,,,,
268,Sero-096-07,,2020-12-29,30,Sero-096,7,,,,,,,,,35,Yes,2021-05-29,follow-up,Negative,,,,Mic+/PCR+,,,,,,0,,,,,,,,,151,,,,,,,,,yes,,,,,,,,,,,,,
269,Sero-096-08,,2020-12-29,31,Sero-096,8,,,,,,,,,35,No,2021-06-29,follow-up,Negative,,,,Mic+/PCR+,,neg,Negative,,,0,,,,,,,,,182,,,,,,,,,yes,0,,,,,,,,,,,,
270,Sero-096-09,,2020-12-29,30,Sero-096,9,,,,,,,,,35,No,2021-07-29,follow-up,Negative,,,,Mic+/PCR+,,,,,,0,,,,,,,,,212,,,,,,,,,yes,,,,,,,,,,,,,
271,Sero-096-10,,2020-12-29,30,Sero-096,10,,,,,,,,,36,Yes,2021-08-28,follow-up,Negative,,,,Mic+/PCR+,,,,,,0,,,,,,,,,242,,,,,,,,,yes,,,,,,,,,,,,,
272,Sero-096-11,,2020-12-29,32,Sero-096,11,,,,,,,,,36,No,2021-09-29,follow-up,Negative,,,,Mic+/PCR+,,neg,Negative,,,0,,,,,,,,,274,,,,,,,,,yes,0,,,,,,,,,,,,
273,Sero-096-12,,2020-12-29,30,Sero-096,12,,,,,,,,,36,No,2021-10-29,follow-up,Negative,,,,Mic+/PCR+,,,,,,0,,,,,,,,,304,,,,,,,,,yes,,,,,,,,,,,,,
274,Sero-096-13,,2020-12-29,31,Sero-096,13,,,,,,,,,35,No,2021-11-29,follow-up,Negative,,,,Mic+/PCR+,,,,,,0,,,,,,,,,335,,,,,,,,,yes,,,,,,,,,,,,,
275,Sero-096-14,,2020-12-29,30,Sero-096,14,,,,,,,,,36,No,2021-12-29,follow-up,Negative,,,,Mic+/PCR+,,neg,Negative,,,0,,,,,,,,,365,0,365,365,0,,,,,yes,0,,,,,,,,,,,,
276,Sero-101-01,per,2020-12-30,0,Sero-101,1,6,10,Male,37,No,,No,Yes,,,2020-12-30,recruitment,Positive,Pv,1720,,Mic+/PCR+,symptomatic,mixed,Recruitment,Recruitment,,0,0,,,1,0,0,1,0,0,,,,,0,1,< 15 years,CQ; 3days + PQ; 14 days,yes,1000000,61268,,,,,,,,,,,
277,Sero-101-03,per,2020-12-30,22,Sero-101,3,,,,,,,,,37,Yes,2021-01-30,recurrence,Positive,P.v + P.f,8196,455,Mic+/PCR+,symptomatic,mixed,Symp_persisting,persisting,,0,,,,,,,,,31,,,,,,1,,ACT; 3 days +SDPQ,yes,490435,583,31,11,36,infectious,2,,,,,,
278,Sero-101-04,per,2020-12-30,34,Sero-101,4,,,,,,,,,37,No,2021-03-05,follow-up,Positive,Pv,5532,0,Mic+/PCR+,asymptomatic ,mixed,Asym_persisting,persisting,,0,,,,,,,,,65,,,,,,1,,,yes,5390,11747,,,,,,,,,,,
279,Sero-101-05,per,2020-12-30,12,Sero-101,5,,,,,,,,,38,Yes,2021-03-17,recurrence,Positive,Pv,1071,324,Mic+/PCR+,symptomatic,mixed,Symp_persisting,persisting,,0,,,,,,,,,77,,,,,,1,,CQ; 3days,yes,391805,11502,30,0,0,non-infectious,0,,,,,,
280,Sero-101-06,per,2020-12-30,36,Sero-101,6,,,,,,,,,38,Yes,2021-04-22,recurrence,Positive,P.v + P.f,44294,352,Mic+/PCR+,symptomatic,mixed,Symp_persisting,persisting,,0,,,,,,,,,113,,,,,,1,,CQ; 3days + PQ; 14 days,yes,1500000,705,32,14,44,infectious,5,,,,,,
281,Sero-103-01,asym,2020-12-31,0,Sero-103,1,14,38,Male,35,No,,No,Yes,,,2020-12-31,recruitment,Positive,Pv,520,125,Mic+/PCR+,symptomatic,pv,Recruitment,Recruitment,,2,0,,,0,0,1,1,0,0,,,,,0,1,above 15 years,CQ; 3days + PQ; 14 days,yes,38455,228,30,19,63,infectious,4,,,,,,
282,Sero-103-03,asym,2020-12-31,24,Sero-103,3,,,,,,,,,35,Yes,2021-02-01,recurrence,Positive,Pv,2568,0,Mic+/PCR+,symptomatic,pv,Symp_persisting,persisting,,2,,,,,,,,,32,,,,,,0,,CQ; 3days + PQ; 14 days,yes,514,0,34,0,0,non-infectious,0,,,,,,
283,Sero-103-04,asym,2020-12-31,44,Sero-103,4,,,,,,,,,36,No,2021-03-17,follow-up,Negative,,,,Mic+/PCR+,Pf,pf,new infection,Pf,,2,,,,,,,,,76,,,,,,,,,yes,0,,,,,,,,,,,,
284,Sero-103-05,asym,2020-12-31,5,Sero-103,5,,,,,,,,,36,Yes,2021-03-22,recurrence,Positive,P.f,341,0,Mic+/PCR+,Pf,pf,new infection,Pf,,2,,,,,,,,,81,,,,,,0,,ACT; 3 days +SDPQ,yes,0,0,,,,,,,Sero-103-R05,,,,
285,Sero-103-06,asym,2020-12-31,50,Sero-103,6,,,,,,,,,36,No,2021-05-11,follow-up,Negative,,,,Mic+/PCR+,,neg,Negative,,,2,,,,,,,,,131,,,,,,,,,yes,0,,,,,,,,,,,,
286,Sero-103-07,asym,2020-12-31,31,Sero-103,7,,,,,,,,,35,No,2021-06-11,follow-up,Negative,,,,Mic+/PCR+,,neg,Negative,,,2,,,,,,,,,162,,,,,,,,,yes,0,,,,,,,,,,,,
287,Sero-103-08,asym,2020-12-31,39,Sero-103,8,,,,,,,,,37,No,2021-07-20,follow-up,Negative,,,,Mic+/PCR+,submicroscopic,pv,asymptomatic,recurrence,1,2,,,1,,,,,,201,0,201,201,1,,1,,,yes,7453,2959,,,,,,,,,,,
288,Sero-103-09,asym,2020-12-31,38,Sero-103,9,,,,,,,,,36,No,2021-08-27,follow-up,Negative,,,,Mic+/PCR+,,neg,Negative,,,2,,,,,,,,,239,,,,,,,,,yes,0,,,,,,,,,,,,
289,Sero-103-10,asym,2020-12-31,36,Sero-103,10,,,,,,,,,36,No,2021-10-02,follow-up,Negative,,,,Mic+/PCR+,,neg,Negative,,,2,,,,,,,,,275,,,,,,,,,yes,0,,,,,,,,,,,,
290,Sero-103-11,asym,2020-12-31,37,Sero-103,11,,,,,,,,,36,No,2021-11-08,follow-up,Negative,,,,Mic+/PCR+,submicroscopic,pv,asymptomatic,recurrence,2,2,,,2,,,,,,312,201,312,111,1,,0,,,yes,23,0,,,,,,,,,,,
291,Sero-103-12,asym,2020-12-31,30,Sero-103,12,,,,,,,,,36,No,2021-12-08,follow-up,Negative,,,,Mic+/PCR+,,neg,Negative,,,2,,,,,,,,,342,,,,,,,,,yes,0,,,,,,,,,,,,
292,Sero-105-01,sym,2020-12-31,0,Sero-105,1,19,8,Male,37,Yes,5,Yes,Yes,,,2020-12-31,recruitment,Positive,Pv,1760,360,Mic+/PCR+,symptomatic,pv,Recruitment,Recruitment,,4,4,,,0,1,0,1,0,0,,,,,0,1,< 15 years,CQ; 3days + PQ; 14 days,yes,869759,66171,,,,,,,,,,,
293,Sero-105-03,sym,2020-12-31,22,Sero-105,3,,,,,,,,,36,No,2021-02-02,follow-up,Negative,,,,Mic+/PCR+,submicroscopic,pv,Asym_persisting,persisting,,4,,,,,,,,,33,,,,,,1,,,yes,247,83,,,,,,,,,,,
294,Sero-105-04,sym,2020-12-31,6,Sero-105,4,,,,,,,,,38,Yes,2021-02-08,recurrence,Positive,Pv,6542,352,Mic+/PCR+,symptomatic,pv,Symp_persisting,persisting,,4,,,,,,,,,39,,,,,,1,,CQ; 3days,yes,5600000,27589,30,3,10,infectious,13,Sero-105-R01,Sero-105-R04,0,0.69964486,0.30035511,relapse
295,Sero-105-05,sym,2020-12-31,22,Sero-105,5,,,,,,,,,36,No,2021-03-02,follow-up,Negative,,,,Mic+/PCR+,,neg,Negative,,,4,,,,,,,,,61,,,,,,,,,yes,0,,,,,,,,,,,,
296,Sero-105-06,sym,2020-12-31,35,Sero-105,6,,,,,,,,,38,Yes,2021-04-06,recurrence,Positive,Pv,6080,336,Mic+/PCR+,symptomatic,pv,symptomatic,recurrence,1,4,,1,,,,,,,96,39,96,57,1,,1,,CQ; 3days + PQ; 14 days,yes,4600,18128,32,10,31,infectious,7,,,,,,
297,Sero-105-07,sym,2020-12-31,29,Sero-105,7,,,,,,,,,36,No,2021-05-05,follow-up,Negative,,,,Mic+/PCR+,,neg,Negative,,,4,,,,,,,,,125,,,,,,,,,yes,0,,,,,,,,,,,,
298,Sero-105-08,sym,2020-12-31,27,Sero-105,8,,,,,,,,,38,Yes,2021-06-01,recurrence,Positive,Pv,13853,0,Mic+/PCR+,symptomatic,pv,symptomatic,recurrence,2,4,,2,,,,,,,152,96,152,56,1,,1,,CQ; 3days + PQ; 14 days,yes,347024,13324,,,,,,Sero-105-R04,Sero-105-R08,0,0.97296387,0.02703614,relapse
299,Sero-105-09,sym,2020-12-31,30,Sero-105,9,,,,,,,,,36,No,2021-07-01,follow-up,Negative,,,,Mic+/PCR+,,,,,,4,,,,,,,,,182,,,,,,,,,yes,,,,,,,,,,,,,
300,Sero-105-10,sym,2020-12-31,30,Sero-105,10,,,,,,,,,36,No,2021-07-31,follow-up,Positive,Pv,1069,,Mic+/PCR+,asymptomatic ,pv,Asym_persisting,persisting,,4,,,,,,,,,212,,,,,,1,,,yes,5579,24323,,,,,,,,,,,
301,Sero-105-11,sym,2020-12-31,33,Sero-105,11,,,,,,,,,36,No,2021-09-02,follow-up,Negative,,,,Mic+/PCR+,,neg,Negative,,,4,,,,,,,,,245,,,,,,,,,yes,0,,,,,,,,,,,,
302,Sero-105-12,sym,2020-12-31,29,Sero-105,12,,,,,,,,,36,No,2021-10-01,follow-up,Negative,,,,Mic+/PCR+,,neg,Negative,,,4,,,,,,,,,274,,,,,,,,,yes,0,,,,,,,,,,,,
303,Sero-105-13,sym,2020-12-31,31,Sero-105,13,,,,,,,,,37,Yes,2021-11-01,recurrence,Positive,Pv,10951,54,Mic+/PCR+,symptomatic,pv,symptomatic,recurrence,3,4,,3,,,,,,,305,152,305,153,1,,1,,CQ; 3days + PQ; 14 days,yes,123538,8941,31,14,45,infectious,38,Sero-105-R08,Sero-105-R13,0,0.026637238,0.97336274,reinfection
304,Sero-105-14,sym,2020-12-31,31,Sero-105,14,,,,,,,,,34,No,2021-12-02,follow-up,Negative,,,,Mic+/PCR+,,neg,Negative,,,4,,,,,,,,,336,,,,,,,,,yes,0,,,,,,,,,,,,
305,Sero-105-15,sym,2020-12-31,11,Sero-105,15,,,,,,,,,35,No,2021-12-13,recurrence,Positive,Pv,10693,5255,Mic+/PCR+,symptomatic,pv,symptomatic,recurrence,4,4,,4,,,,,,,347,305,347,42,1,,1,,CQ; 3days + PQ; 14 days,yes,150574,142894,30,22,73,infectious,197,Sero-105-R13,Sero-105-R15,0.2427986,0.71271956,0.044481862,relapse
306,Sero-105-16,sym,2020-12-31,19,Sero-105,16,,,,,,,,,35,No,2022-01-01,follow-up,Negative,,,,Mic+/PCR+,,,Negative,,,4,,,,,,,,,366,,,,,,,,,yes,,,,,,,,,,,,,
307,Sero-105-17,sym,2020-12-31,,Sero-105,17,,,,,,,,,,,,,Positive,Pv,2568,645,Mic+/PCR+,symptomatic,pv,symptomatic,recurrence,,,,,,,,,,,,,,,,,,,,yes,111168.96,40259,30,5,17,infectious,3,Sero-105-R15,Sero-105-R17,0,0.29092577,0.70907426,reinfection
308,Sero-105-18,sym,2020-12-31,,Sero-105,18,,,,,,,,,,,,,Positive,Pv,65325,245,Mic+/PCR+,,,Symp_persisting,persisting,,,,,,,,,,,,,,,,,,,,yes,68612.406,90034,30,3,10,infectious,3,,,,,,
309,Sero-105-19,sym,2020-12-31,,Sero-105,19,,,,,,,,,,,,,Positive,Pv,22585,565,Mic+/PCR+,,,Symp_persisting,persisting,,,,,,,,,,,,,,,,,,,,yes,96850.82,50014,29,0,0,non-infectious,0,,,,,,
310,Sero-106-01,asym,2020-12-31,0,Sero-106,1,9,20,Male,39,Yes,1,No,Yes,,,2020-12-31,recruitment,Positive,Pv,1280,325,Mic+/PCR+,symptomatic,pv,Recruitment,Recruitment,,1,0,,,0,0,1,0,1,0,,,,,1,1,above 15 years,CQ; 3days + PQ; 14 days,yes,879401,9724,30,20,67,infectious,7,,,,,,
311,Sero-106-03,asym,2020-12-31,22,Sero-106,3,,,,,,,,,36,No,2021-02-02,follow-up,Negative,,,,Negative,,neg,Negative,,,1,,,,,,,,,33,,,,,,,,,yes,0,,,,,,,,,,,,
312,Sero-106-04,asym,2020-12-31,29,Sero-106,4,,,,,,,,,36,No,2021-03-03,follow-up,Negative,,,,PCR+,submicroscopic,pv,Asym_persisting,persisting,,1,,,,,,,,,62,,,,,,1,,,yes,415,15112,,,,,,,,,,,
313,Sero-106-05,asym,2020-12-31,29,Sero-106,5,,,,,,,,,36,No,2021-04-01,follow-up,Negative,,,,PCR+,submicroscopic,pv,Asym_persisting,persisting,,1,,,,,,,,,91,,,,,,1,,,yes,241,39,,,,,,,,,,,
314,Sero-106-06,asym,2020-12-31,34,Sero-106,6,,,,,,,,,36,No,2021-05-05,follow-up,Negative,,,,Negative,,neg,Negative,,,1,,,,,,,,,125,,,,,,,,,yes,0,,,,,,,,,,,,
315,Sero-106-07,asym,2020-12-31,30,Sero-106,7,,,,,,,,,36,No,2021-06-04,follow-up,Negative,,,,Negative,,neg,Negative,,,1,,,,,,,,,155,,,,,,,,,yes,0,,,,,,,,,,,,
316,Sero-106-08,asym,2020-12-31,32,Sero-106,8,,,,,,,,,36,No,2021-07-06,follow-up,Negative,,,,Negative,,neg,Negative,,,1,,,,,,,,,187,,,,,,,,,yes,0,,,,,,,,,,,,
317,Sero-106-09,asym,2020-12-31,29,Sero-106,9,,,,,,,,,36,No,2021-08-04,follow-up,Negative,,,,PCR+,submicroscopic,pv,asymptomatic,recurrence,1,1,,,1,,,,,,216,0,216,216,1,,0,,,yes,12,0,,,,,,,,,,,
318,Sero-109-01,sym,2021-01-01,0,Sero-109,1,15,8,Female,40,No,,No,Yes,,,2021-01-01,recruitment,Positive,Pv,1393,256,Mic+/PCR+,symptomatic,pv,Recruitment,Recruitment,,1,1,,,0,1,0,1,0,0,,,,,1,1,< 15 years,CQ; 3days + PQ; 14 days,yes,36661,138950,32,0,0,non-infectious,0,,,,,,
319,Sero-109-03,sym,2021-01-01,26,Sero-109,3,,,,,,,,,36,No,2021-02-03,follow-up,Negative,,,,Negative,,neg,Negative,,,1,,,,,,,,,33,,,,,,,,,yes,0,,,,,,,,,,,,
320,Sero-109-04,sym,2021-01-01,28,Sero-109,4,,,,,,,,,36,No,2021-03-03,follow-up,Negative,,,,Negative,,neg,Negative,,,1,,,,,,,,,61,,,,,,,,,yes,0,,,,,,,,,,,,
321,Sero-109-05,sym,2021-01-01,28,Sero-109,5,,,,,,,,,36,No,2021-03-31,follow-up,Negative,,,,Negative,,neg,Negative,,,1,,,,,,,,,89,,,,,,,,,yes,0,,,,,,,,,,,,
322,Sero-109-06,sym,2021-01-01,28,Sero-109,6,,,,,,,,,35,Yes,2021-04-28,recurrence,Positive,Pv,5584,0,Mic+/PCR+,symptomatic,pv,symptomatic,recurrence,1,1,,1,,,,,,,117,0,117,117,1,,0,,CQ; 3days + PQ; 14 days,yes,83961,0,30,6,20,infectious,3,Sero-109-R01,Sero-109-R06,0,0.98142046,0.018579537,relapse
323,Sero-109-07,sym,2021-01-01,31,Sero-109,7,,,,,,,,,35,No,2021-05-29,follow-up,Negative,,,,PCR+,submicroscopic,pv,Asym_persisting,persisting,,1,,,,,,,,,148,,,,,,1,,,yes,13,118,,,,,,,,,,,
324,Sero-109-08,sym,2021-01-01,7,Sero-109,8,,,,,,,,,39,Yes,2021-06-05,recurrence,Positive,Pv,685,155,Mic+/PCR+,symptomatic,pv,Symp_persisting,persisting,,1,,,,,,,,,155,,,,,,1,,CQ; 3days + PQ; 14 days,yes,1300000,29589,30,12,40,infectious,2,Sero-109-R06,Sero-109-R08,0,0.54275107,0.45724893,relapse
325,Sero-109-09,sym,2021-01-01,30,Sero-109,9,,,,,,,,,36,No,2021-07-05,follow-up,Negative,,,,pf,Pf,pf,new infection,Pf,,1,,,,,,,,,185,,,,,,,,,yes,0,,,,,,,,,,,,
326,Sero-109-10,sym,2021-01-01,30,Sero-109,10,,,,,,,,,34,No,2021-08-04,follow-up,Negative,,,,Negative,,neg,Negative,,,1,,,,,,,,,215,,,,,,,,,yes,0,,,,,,,,,,,,
327,Sero-109-11,sym,2021-01-01,30,Sero-109,11,,,,,,,,,35,No,2021-09-03,follow-up,Negative,,,,Negative,,neg,Negative,,,1,,,,,,,,,245,,,,,,,,,yes,0,,,,,,,,,,,,
328,Sero-109-12,sym,2021-01-01,29,Sero-109,12,,,,,,,,,35,No,2021-10-02,follow-up,Negative,,,,Negative,,neg,Negative,,,1,,,,,,,,,274,,,,,,,,,yes,0,,,,,,,,,,,,
329,Sero-109-13,sym,2021-01-01,31,Sero-109,13,,,,,,,,,35,No,2021-11-02,follow-up,Negative,,,,Negative,,neg,Negative,,,1,,,,,,,,,305,,,,,,,,,yes,0,,,,,,,,,,,,
330,Sero-109-14,sym,2021-01-01,31,Sero-109,14,,,,,,,,,36,No,2021-12-03,follow-up,Negative,,,,Negative,,neg,Negative,,,1,,,,,,,,,336,,,,,,,,,yes,0,,,,,,,,,,,,
331,Sero-109-15,sym,2021-01-01,33,Sero-109,15,,,,,,,,,36,No,2022-01-05,follow-up,Negative,,,,ND,,,,,,1,,,,,,,,,369,,,,,,,,,yes,,,,,,,,,,,,,
332,Sero-110-01,sym,2021-01-02,0,Sero-110,1,14,15,Male,36,Yes,4,Yes,Yes,,,2021-01-02,recruitment,Positive,Pv,3320,221,Mic+/PCR+,symptomatic,pv,Recruitment,Recruitment,,4,2,,,0,1,0,0,1,0,,,,,0,1,< 15 years,CQ; 3days + PQ; 14 days,yes,146372,3780,31,11,36,infectious,3,,,,,,
333,Sero-110-03,sym,2021-01-02,24,Sero-110,3,,,,,,,,,36,Yes,2021-02-02,follow-up,Negative,,,,PCR+,submicroscopic,pv,Asym_persisting,persisting,,4,,,,,,,,,31,,,,,,1,,,yes,1385,227,,,,,,,,,,,
334,Sero-110-04,sym,2021-01-02,29,Sero-110,4,,,,,,,,,36,Yes,2021-03-03,follow-up,Negative,,,,Negative,,neg,Negative,,,4,,,,,,,,,60,,,,,,,,,yes,0,,,,,,,,,,,,
335,Sero-110-05,sym,2021-01-02,29,Sero-110,5,,,,,,,,,37,Yes,2021-04-01,recurrence,Positive,Pv,836,56,Mic+/PCR+,symptomatic,pv,symptomatic,recurrence,1,4,,1,,,,,,,89,0,89,89,1,,1,,CQ; 3days + PQ; 14 days,yes,15042,97,29,0,0,non-infectious,0,Sero-110-R01,Sero-110-R05,0,0.5474354,0.45256457,relapse
336,Sero-110-06,sym,2021-01-02,28,Sero-110,6,,,,,,,,,35,No,2021-04-29,follow-up,Negative,,,,Negative,,neg,Negative,,,4,,,,,,,,,117,,,,,,,,,yes,0,,,,,,,,,,,,
337,Sero-110-07,sym,2021-01-02,30,Sero-110,7,,,,,,,,,36,No,2021-05-29,follow-up,Negative,,,,PCR+,submicroscopic,pv,Asym_persisting,persisting,,4,,,,,,,,,147,,,,,,0,,,yes,9,0,,,,,,,,,,,
338,Sero-110-08,sym,2021-01-02,31,Sero-110,8,,,,,,,,,35,No,2021-06-29,follow-up,Negative,,,,Negative,,neg,Negative,,,4,,,,,,,,,178,,,,,,,,,yes,0,,,,,,,,,,,,
339,Sero-110-09,sym,2021-01-02,30,Sero-110,9,,,,,,,,,36,No,2021-07-29,follow-up,Negative,,,,Negative,,neg,Negative,,,4,,,,,,,,,208,,,,,,,,,yes,0,,,,,,,,,,,,
340,Sero-110-10,sym,2021-01-02,11,Sero-110,10,,,,,,,,,36,Yes,2021-08-09,recurrence,Positive,Pv,1663,564,Mic+/PCR+,symptomatic,pv,symptomatic,recurrence,2,4,,2,,,,,,,219,89,219,130,1,,1,,CQ; 3days + PQ; 14 days,yes,32357,1399,30,0,0,non-infectious,0,Sero-110-R05,Sero-110-R10,0,0.055611797,0.94438821,reinfection
341,Sero-110-11,sym,2021-01-02,31,Sero-110,11,,,,,,,,,35,No,2021-09-09,follow-up,Negative,,,,Negative,,neg,Negative,,,4,,,,,,,,,250,,,,,,,,,yes,0,,,,,,,,,,,,
342,Sero-110-12,sym,2021-01-02,30,Sero-110,12,,,,,,,,,35,No,2021-10-09,follow-up,Negative,,,,Negative,,neg,Negative,,,4,,,,,,,,,280,,,,,,,,,yes,0,,,,,,,,,,,,
343,Sero-110-13,sym,2021-01-02,29,Sero-110,13,,,,,,,,,36,No,2021-11-07,follow-up,Negative,,,,PCR+,submicroscopic,pv,asymptomatic,recurrence,3,4,,,1,,,,,,309,219,309,90,1,,0,,,yes,115,0,,,,,,,,,,,
344,Sero-110-14,sym,2021-01-02,60,Sero-110,14,,,,,,,,,35,No,2022-01-06,follow-up,Negative,,,,PCR+,submicroscopic,pv,asymptomatic,recurrence,4,4,,,2,,,,,,369,309,369,60,1,,1,,,yes,74,10,,,,,,,,,,,
345,Sero-111-01,asym,2021-01-02,0,Sero-111,1,15,8,Male,37,Yes,2,Yes,Yes,,,2021-01-02,recruitment,Positive,Pv,920,352,Mic+/PCR+,symptomatic,pv,Recruitment,Recruitment,,1,0,,,0,0,1,0,0,0,,,,,0,1,< 15 years,CQ; 3days + PQ; 14 days,yes,706645,345139,32,12,38,infectious,5,,,,,,
346,Sero-111-03,asym,2021-01-02,24,Sero-111,3,,,,,,,,,35,No,2021-02-02,follow-up,Negative,,,,Pf,Pf,pf,new infection,Pf,,1,,,,,,,,,31,,,,,,,,,yes,0,,,,,,,,,,,,
347,Sero-111-04,asym,2021-01-02,28,Sero-111,4,,,,,,,,,35,No,2021-03-02,follow-up,Negative,,,,Pf,Pf,pf,new infection,Pf,,1,,,,,,,,,59,,,,,,,,,yes,0,,,,,,,,,,,,
348,Sero-111-05,asym,2021-01-02,31,Sero-111,5,,,,,,,,,35,No,2021-04-02,follow-up,Negative,,,,Pf,Pf,pf,new infection,Pf,,1,,,,,,,,,90,,,,,,,,,yes,0,,,,,,,,,,,,
349,Sero-111-06,asym,2021-01-02,7,Sero-111,6,,,,,,,,,38,Yes,2021-04-09,recurrence,Positive,P.f,133,0,Pf,Pf,pf,new infection,Pf,,1,,,,,,,,,97,,,,,,0,,ACT; 3 days +SDPQ,yes,0,0,32,1,3,infectious,1,,Sero-111-R06,,,,
350,Sero-111-07,asym,2021-01-02,32,Sero-111,7,,,,,,,,,35,No,2021-05-11,follow-up,Negative,,,,Negative,,neg,Negative,,,1,,,,,,,,,129,,,,,,,,,yes,0,,,,,,,,,,,,
351,Sero-111-08,asym,2021-01-02,32,Sero-111,8,,,,,,,,,34,No,2021-06-12,follow-up,Negative,,,,Negative,,neg,Negative,,,1,,,,,,,,,161,,,,,,,,,yes,0,,,,,,,,,,,,
352,Sero-111-09,asym,2021-01-02,30,Sero-111,9,,,,,,,,,36,No,2021-07-12,follow-up,Negative,,,,PCR+,submicroscopic,pv,asymptomatic,recurrence,1,1,,,1,,,,,,191,0,191,191,1,,1,,,yes,20,27,,,,,,,,,,,
353,Sero-111-10,asym,2021-01-02,32,Sero-111,10,,,,,,,,,35,No,2021-08-13,follow-up,Negative,,,,Negative,,neg,Negative,,,1,,,,,,,,,223,,,,,,,,,yes,0,,,,,,,,,,,,
354,Sero-111-11,asym,2021-01-02,34,Sero-111,11,,,,,,,,,36,No,2021-09-16,follow-up,Negative,,,,Negative,,neg,Negative,,,1,,,,,,,,,257,,,,,,,,,yes,0,,,,,,,,,,,,
355,Sero-111-12,asym,2021-01-02,32,Sero-111,12,,,,,,,,,36,No,2021-10-18,follow-up,Negative,,,,Negative,,neg,Negative,,,1,,,,,,,,,289,,,,,,,,,yes,0,,,,,,,,,,,,
356,Sero-111-13,asym,2021-01-02,31,Sero-111,13,,,,,,,,,39,Yes,2021-11-18,follow-up,Negative,,,,Negative,,neg,Negative,,,1,,,,,,,,,320,,,,,,,,,yes,0,,,,,,,,,,,,
357,Sero-111-14,asym,2021-01-02,30,Sero-111,14,,,,,,,,,35,No,2021-12-18,follow-up,Negative,,,,Negative,,neg,Negative,,,1,,,,,,,,,350,,,,,,,,,yes,0,,,,,,,,,,,,
358,Sero-114-01,sym,2021-01-04,0,Sero-114,1,14,56,Male,35,Yes,1,No,Yes,,,2021-01-04,recruitment,Positive,Pv,48,565,Mic+/PCR+,symptomatic,pv,Recruitment,Recruitment,,2,1,,,0,1,0,0,0,0,,,,,0,1,above 15 years,CQ; 3days + PQ; 14 days,yes,14170,1800,30,0,0,non-infectious,0,,,,,,
359,Sero-114-03,sym,2021-01-04,15,Sero-114,3,,,,,,,,,35,No,2021-01-26,follow-up,Negative,,,,Negative,,neg,Negative,,,2,,,,,,,,,22,,,,,,,,,yes,0,,,,,,,,,,,,
360,Sero-114-04,sym,2021-01-04,39,Sero-114,4,,,,,,,,,36,No,2021-03-06,follow-up,Negative,,,,Negative,,neg,Negative,,,2,,,,,,,,,61,,,,,,,,,yes,0,,,,,,,,,,,,
361,Sero-114-05,sym,2021-01-04,24,Sero-114,5,,,,,,,,,35,Yes,2021-03-30,recurrence,Positive,Pv,1244,542,Mic+/PCR+,symptomatic,pv,symptomatic,recurrence,1,2,,1,,,,,,,85,0,85,85,1,,1,,CQ; 3days + PQ; 14 days,yes,1738,28,33,0,0,non-infectious,0,Sero-114-R01,Sero-114-R05,0,0.29428205,0.70571798,reinfection
362,Sero-114-06,sym,2021-01-04,29,Sero-114,6,,,,,,,,,35,Yes,2021-04-28,follow-up,Negative,,,,Negative,,neg,Negative,,,2,,,,,,,,,114,,,,,,,,,yes,0,,,,,,,,,,,,
363,Sero-114-07,sym,2021-01-04,33,Sero-114,7,,,,,,,,,36,No,2021-05-31,follow-up,Negative,,,,Negative,,neg,Negative,,,2,,,,,,,,,147,,,,,,,,,yes,0,,,,,,,,,,,,
364,Sero-114-08,sym,2021-01-04,31,Sero-114,8,,,,,,,,,35,No,2021-07-01,follow-up,Negative,,,,Negative,,neg,Negative,,,2,,,,,,,,,178,,,,,,,,,yes,0,,,,,,,,,,,,
365,Sero-114-09,sym,2021-01-04,30,Sero-114,9,,,,,,,,,35,No,2021-07-31,follow-up,Negative,,,,Negative,,neg,Negative,,,2,,,,,,,,,208,,,,,,,,,yes,0,,,,,,,,,,,,
366,Sero-114-10,sym,2021-01-04,30,Sero-114,10,,,,,,,,,35,No,2021-08-30,follow-up,Negative,,,,Negative,,neg,Negative,,,2,,,,,,,,,238,,,,,,,,,yes,0,,,,,,,,,,,,
367,Sero-114-11,sym,2021-01-04,45,Sero-114,11,,,,,,,,,36,Yes,2021-10-14,follow-up,Negative,,,,Negative,,neg,Negative,,,2,,,,,,,,,283,,,,,,,,,yes,0,,,,,,,,,,,,
368,Sero-114-12,sym,2021-01-04,29,Sero-114,12,,,,,,,,,36,Yes,2021-11-12,follow-up,Negative,,,,PCR+,submicroscopic,pv,asymptomatic,recurrence,2,2,,,1,,,,,,312,85,312,227,1,,0,,,yes,35,0,,,,,,,,,,,
369,Sero-114-13,sym,2021-01-04,32,Sero-114,13,,,,,,,,,35,Yes,2021-12-14,follow-up,Negative,,,,Negative,,neg,Negative,,,2,,,,,,,,,344,,,,,,,,,yes,0,,,,,,,,,,,,
370,Sero-114-14,sym,2021-01-04,32,Sero-114,14,,,,,,,,,36,No,2022-01-15,follow-up,Negative,,,,Negative,,neg,Negative,,,2,,,,,,,,,376,312,376,64,0,,,,,yes,0,,,,,,,,,,,,
371,Sero-115-01,,2021-01-04,0,Sero-115,1,14,16,Female,38,No,,No,Yes,,,2021-01-04,recruitment,Positive,Pv,24554,551,Mic+/PCR+,symptomatic,pv,Recruitment,Recruitment,,0,0,,,1,0,0,0,0,0,,,,,1,1,above 15 years,CQ; 3days + PQ; 14 days,yes,115864,28974,32,12,38,infectious,8,,,,,,
372,Sero-115-03,,2021-01-04,20,Sero-115,3,,,,,,,,,36,No,2021-02-04,follow-up,Negative,,,,ND,,,,,,0,,,,,,,,,31,,,,,,,,,yes,,,,,,,,,,,,,
373,Sero-115-04,,2021-01-04,28,Sero-115,4,,,,,,,,,35,No,2021-03-04,follow-up,Negative,,,,ND,,,,,,0,,,,,,,,,59,,,,,,,,,yes,,,,,,,,,,,,,
374,Sero-115-05,,2021-01-04,32,Sero-115,5,,,,,,,,,36,No,2021-04-05,follow-up,Negative,,,,Negative,,neg,Negative,,,0,,,,,,,,,91,,,,,,,,,yes,0,,,,,,,,,,,,
375,Sero-115-06,,2021-01-04,30,Sero-115,6,,,,,,,,,35,No,2021-05-05,follow-up,Negative,,,,ND,,,,,,0,,,,,,,,,121,,,,,,,,,yes,,,,,,,,,,,,,
376,Sero-115-07,,2021-01-04,30,Sero-115,7,,,,,,,,,37,No,2021-06-04,follow-up,Negative,,,,ND,,,,,,0,,,,,,,,,151,,,,,,,,,yes,,,,,,,,,,,,,
377,Sero-115-08,,2021-01-04,31,Sero-115,8,,,,,,,,,36,No,2021-07-05,follow-up,Negative,,,,Negative,,neg,Negative,,,0,,,,,,,,,182,,,,,,,,,yes,0,,,,,,,,,,,,
378,Sero-115-09,,2021-01-04,30,Sero-115,9,,,,,,,,,38,Yes,2021-08-04,follow-up,Positive,P.f,8310,0,Pf,Pf,pf,new infection,Pf,,0,,,,,,,,,212,,,,,,,,,yes,,,,,,,,,,,,,
379,Sero-115-10,,2021-01-04,31,Sero-115,10,,,,,,,,,36,No,2021-09-04,follow-up,Negative,,,,ND,,,,,,0,,,,,,,,,243,,,,,,,,,yes,,,,,,,,,,,,,
380,Sero-115-11,,2021-01-04,31,Sero-115,11,,,,,,,,,36,No,2021-10-05,follow-up,Negative,,,,Negative,,neg,Negative,,,0,,,,,,,,,274,,,,,,,,,yes,0,,,,,,,,,,,,
381,Sero-115-12,,2021-01-04,31,Sero-115,12,,,,,,,,,37,No,2021-11-05,follow-up,Negative,,,,ND,,,,,,0,,,,,,,,,305,,,,,,,,,yes,,,,,,,,,,,,,
382,Sero-115-13,,2021-01-04,31,Sero-115,13,,,,,,,,,37,No,2021-12-06,follow-up,Negative,,,,ND,,,,,,0,,,,,,,,,336,,,,,,,,,yes,,,,,,,,,,,,,
383,Sero-115-14,,2021-01-04,30,Sero-115,14,,,,,,,,,36,No,2022-01-05,follow-up,Negative,,,,Negative,,neg,Negative,,,0,,,,,,,,,366,0,366,366,0,,,,,yes,0,,,,,,,,,,,,
384,Sero-116-01,,2021-01-04,0,Sero-116,1,14,37,Male,38,No,,No,Yes,,,2021-01-04,recruitment,Positive,Pv,,,Mic+/PCR+,symptomatic,pv,Recruitment,Recruitment,,0,0,,,1,0,0,0,0,0,,,,,1,1,above 15 years,CQ; 3days + PQ; 14 days,yes,7985,2349,,,,,,,,,,,
385,Sero-116-03,,2021-01-04,24,Sero-116,3,,,,,,,,,36,No,2021-02-04,follow-up,Negative,,,,ND,,,,,,0,,,,,,,,,31,,,,,,,,,yes,,,,,,,,,,,,,
386,Sero-116-04,,2021-01-04,28,Sero-116,4,,,,,,,,,35,Yes,2021-03-04,follow-up,Negative,,,,ND,,,,,,0,,,,,,,,,59,,,,,,,,,yes,,,,,,,,,,,,,
387,Sero-116-05,,2021-01-04,33,Sero-116,5,,,,,,,,,36,No,2021-04-06,follow-up,Negative,,,,Negative,,neg,Negative,,,0,,,,,,,,,92,,,,,,,,,yes,0,,,,,,,,,,,,
388,Sero-116-06,,2021-01-04,34,Sero-116,6,,,,,,,,,36,No,2021-05-10,follow-up,Negative,,,,ND,,,,,,0,,,,,,,,,126,,,,,,,,,yes,,,,,,,,,,,,,
389,Sero-116-07,,2021-01-04,31,Sero-116,7,,,,,,,,,36,No,2021-06-10,follow-up,Negative,,,,ND,,,,,,0,,,,,,,,,157,,,,,,,,,yes,,,,,,,,,,,,,
390,Sero-116-08,,2021-01-04,32,Sero-116,8,,,,,,,,,37,No,2021-07-12,follow-up,Negative,,,,Negative,,neg,Negative,,,0,,,,,,,,,189,,,,,,,,,yes,0,,,,,,,,,,,,
391,Sero-116-09,,2021-01-04,44,Sero-116,9,,,,,,,,,36,No,2021-08-25,follow-up,Negative,,,,ND,,,,,,0,,,,,,,,,233,,,,,,,,,yes,,,,,,,,,,,,,
392,Sero-116-10,,2021-01-04,31,Sero-116,10,,,,,,,,,36,No,2021-09-25,follow-up,Negative,,,,ND,,,,,,0,,,,,,,,,264,,,,,,,,,yes,,,,,,,,,,,,,
393,Sero-116-11,,2021-01-04,31,Sero-116,11,,,,,,,,,36,No,2021-10-26,follow-up,Negative,,,,Negative,,neg,Negative,,,0,,,,,,,,,295,,,,,,,,,yes,0,,,,,,,,,,,,
394,Sero-116-12,,2021-01-04,29,Sero-116,12,,,,,,,,,36,No,2021-11-24,follow-up,Negative,,,,ND,,,,,,0,,,,,,,,,324,,,,,,,,,yes,,,,,,,,,,,,,
395,Sero-116-13,,2021-01-04,33,Sero-116,13,,,,,,,,,36,No,2021-12-27,follow-up,Negative,,,,ND,,,,,,0,,,,,,,,,357,,,,,,,,,yes,,,,,,,,,,,,,
396,Sero-117-01,sym,2021-01-05,0,Sero-117,1,14,30,Male,36,No,,No,Yes,,,2021-01-05,recruitment,Positive,Pv,80,655,Mic+/PCR+,symptomatic,pv,Recruitment,Recruitment,,2,1,,,0,1,0,0,1,0,,,,,0,1,above 15 years,CQ; 3days + PQ; 14 days,yes,51804,1150,32,6,19,infectious,1,,,,,,
397,Sero-117-03,sym,2021-01-05,24,Sero-117,3,,,,,,,,,37,No,2021-02-05,follow-up,Negative,,,,PCR+,submicroscopic,pv,Asym_persisting,persisting,,2,,,,,,,,,31,,,,,,0,,,yes,5,0,,,,,,,,,,,
398,Sero-117-04,sym,2021-01-05,28,Sero-117,4,,,,,,,,,36,No,2021-03-05,follow-up,Negative,,,,Negative,,neg,Negative,,,2,,,,,,,,,59,,,,,,,,,yes,0,,,,,,,,,,,,
399,Sero-117-05,sym,2021-01-05,31,Sero-117,5,,,,,,,,,36,Yes,2021-04-05,recurrence,Positive,Pv,36,366,Mic+/PCR+,symptomatic,pv,symptomatic,recurrence,1,2,,1,,,,,,,90,0,90,90,1,,1,,CQ; 3days + PQ; 14 days,yes,5877,129,32,0,0,non-infectious,0,Sero-117-R01,Sero-117-R05,0,0.02811661,0.97188342,reinfection
400,Sero-117-06,sym,2021-01-05,30,Sero-117,6,,,,,,,,,36,No,2021-05-05,follow-up,Negative,,,,Negative,,neg,Negative,,,2,,,,,,,,,120,,,,,,,,,yes,0,,,,,,,,,,,,
401,Sero-117-07,sym,2021-01-05,31,Sero-117,7,,,,,,,,,34,No,2021-06-05,follow-up,Negative,,,,Negative,,neg,Negative,,,2,,,,,,,,,151,,,,,,,,,yes,0,,,,,,,,,,,,
402,Sero-117-08,sym,2021-01-05,31,Sero-117,8,,,,,,,,,36,No,2021-07-06,follow-up,Negative,,,,Negative,,neg,Negative,,,2,,,,,,,,,182,,,,,,,,,yes,0,,,,,,,,,,,,
403,Sero-117-09,sym,2021-01-05,32,Sero-117,9,,,,,,,,,36,No,2021-08-07,follow-up,Negative,,,,PCR+,submicroscopic,pv,asymptomatic,recurrence,2,2,,,1,,,,,,214,90,214,124,1,,0,,,yes,69,0,,,,,,,,,,,
404,Sero-117-10,sym,2021-01-05,31,Sero-117,10,,,,,,,,,36,No,2021-09-07,follow-up,Negative,,,,Negative,,neg,Negative,,,2,,,,,,,,,245,,,,,,,,,yes,0,,,,,,,,,,,,
405,Sero-117-11,sym,2021-01-05,30,Sero-117,11,,,,,,,,,36,No,2021-10-07,follow-up,Negative,,,,PCR+,submicroscopic,pv,Asym_persisting,persisting,,2,,,,,,,,,275,,,,,,0,,,yes,102,0,,,,,,,,,,,
406,Sero-117-12,sym,2021-01-05,39,Sero-117,12,,,,,,,,,36,No,2021-11-15,follow-up,Negative,,,,Negative,,neg,Negative,,,2,,,,,,,,,314,,,,,,,,,yes,0,,,,,,,,,,,,
407,Sero-117-13,sym,2021-01-05,30,Sero-117,13,,,,,,,,,36,No,2021-12-15,follow-up,Negative,,,,Negative,,neg,Negative,,,2,,,,,,,,,344,,,,,,,,,yes,0,,,,,,,,,,,,
408,Sero-117-14,sym,2021-01-05,31,Sero-117,14,,,,,,,,,35,No,2022-01-15,follow-up,Negative,,,,Negative,,neg,Negative,,,2,,,,,,,,,375,275,375,100,0,,,,,yes,0,,,,,,,,,,,,
409,Sero-118-01,sym,2021-01-06,0,Sero-118,1,14,11,Male,38,No,,No,Yes,,,2021-01-06,recruitment,Positive,Pv,448,546,Mic+/PCR+,symptomatic,pv,Recruitment,Recruitment,,1,1,,,0,1,0,0,0,0,,,,,1,1,< 15 years,CQ; 3days + PQ; 14 days,yes,1800000,14091,31,17,55,infectious,185,,,,,,
410,Sero-118-03,sym,2021-01-06,24,Sero-118,3,,,,,,,,,37,No,2021-02-06,follow-up,Negative,,,,Negative,,neg,Negative,,,1,,,,,,,,,31,,,,,,,,,yes,0,,,,,,,,,,,,
411,Sero-118-04,sym,2021-01-06,28,Sero-118,4,,,,,,,,,36,No,2021-03-06,follow-up,Negative,,,,Negative,,neg,Negative,,,1,,,,,,,,,59,,,,,,,,,yes,0,,,,,,,,,,,,
412,Sero-118-05,sym,2021-01-06,30,Sero-118,5,,,,,,,,,39,Yes,2021-04-05,recurrence,Positive,Pv,14200,545,Mic+/PCR+,symptomatic,pv,symptomatic,recurrence,1,1,,1,,,,,,,89,0,89,89,1,,1,,CQ; 3days + PQ; 14 days,yes,2300000,13324,34,10,29,infectious,5,Sero-118-R01,Sero-118-R05,0,0.054053951,0.94594604,reinfection
413,Sero-118-06,sym,2021-01-06,30,Sero-118,6,,,,,,,,,35,No,2021-05-05,follow-up,Negative,,,,Negative,,neg,Negative,,,1,,,,,,,,,119,,,,,,,,,yes,0,,,,,,,,,,,,
414,Sero-118-07,sym,2021-01-06,31,Sero-118,7,,,,,,,,,35,No,2021-06-05,follow-up,Negative,,,,Negative,,neg,Negative,,,1,,,,,,,,,150,,,,,,,,,yes,0,,,,,,,,,,,,
415,Sero-118-08,sym,2021-01-06,30,Sero-118,8,,,,,,,,,36,No,2021-07-05,follow-up,Negative,,,,Negative,,neg,Negative,,,1,,,,,,,,,180,,,,,,,,,yes,0,,,,,,,,,,,,
416,Sero-118-09,sym,2021-01-06,30,Sero-118,9,,,,,,,,,36,No,2021-08-04,follow-up,Negative,,,,Negative,,neg,Negative,,,1,,,,,,,,,210,,,,,,,,,yes,0,,,,,,,,,,,,
417,Sero-118-10,sym,2021-01-06,30,Sero-118,10,,,,,,,,,37,No,2021-09-03,follow-up,Negative,,,,Negative,,neg,Negative,,,1,,,,,,,,,240,,,,,,,,,yes,0,,,,,,,,,,,,
418,Sero-118-11,sym,2021-01-06,28,Sero-118,11,,,,,,,,,36,No,2021-10-01,follow-up,Negative,,,,Negative,,neg,Negative,,,1,,,,,,,,,268,,,,,,,,,yes,0,,,,,,,,,,,,
419,Sero-118-12,sym,2021-01-06,31,Sero-118,12,,,,,,,,,36,No,2021-11-01,follow-up,Negative,,,,Negative,,neg,Negative,,,1,,,,,,,,,299,,,,,,,,,yes,0,,,,,,,,,,,,
420,Sero-118-13,sym,2021-01-06,31,Sero-118,13,,,,,,,,,36,No,2021-12-02,follow-up,Negative,,,,Negative,,neg,Negative,,,1,,,,,,,,,330,,,,,,,,,yes,0,,,,,,,,,,,,
421,Sero-118-14,sym,2021-01-06,30,Sero-118,14,,,,,,,,,36,No,2022-01-01,follow-up,Negative,,,,Negative,,neg,Negative,,,1,,,,,,,,,360,89,360,271,0,,,,,yes,0,,,,,,,,,,,,
422,Sero-119-01,asym,2021-01-06,0,Sero-119,1,14,17,Male,39,Yes,1,Yes,Yes,,,2021-01-06,recruitment,Positive,Pv,,,Mic+/PCR+,symptomatic,pv,Recruitment,Recruitment,,1,0,,,0,0,1,0,1,0,,,,,1,1,above 15 years,CQ; 3days + PQ; 14 days,yes,94217,7350,,,,,,,,,,,
423,Sero-119-03,asym,2021-01-06,24,Sero-119,3,,,,,,,,,36,No,2021-02-06,follow-up,Negative,,,,Negative,,neg,Negative,,,1,,,,,,,,,31,,,,,,,,,yes,0,,,,,,,,,,,,
424,Sero-119-04,asym,2021-01-06,28,Sero-119,4,,,,,,,,,36,No,2021-03-06,follow-up,Negative,,,,Negative,,neg,Negative,,,1,,,,,,,,,59,,,,,,,,,yes,0,,,,,,,,,,,,
425,Sero-119-05,asym,2021-01-06,30,Sero-119,5,,,,,,,,,36,No,2021-04-05,follow-up,Negative,,,,Negative,,neg,Negative,,,1,,,,,,,,,89,,,,,,,,,yes,0,,,,,,,,,,,,
426,Sero-119-06,asym,2021-01-06,40,Sero-119,6,,,,,,,,,36,No,2021-05-15,follow-up,Negative,,,,Negative,,neg,Negative,,,1,,,,,,,,,129,,,,,,,,,yes,0,,,,,,,,,,,,
427,Sero-119-07,asym,2021-01-06,31,Sero-119,7,,,,,,,,,36,No,2021-06-15,follow-up,Negative,,,,Negative,,neg,Negative,,,1,,,,,,,,,160,,,,,,,,,yes,0,,,,,,,,,,,,
428,Sero-119-08,asym,2021-01-06,30,Sero-119,8,,,,,,,,,34,No,2021-07-15,follow-up,Positive,P.f,530,,Pf,Pf,pf,new infection,Pf,,1,,,,,,,,,190,,,,,,,,,yes,0,,,,,,,,,,,,
429,Sero-119-09,asym,2021-01-06,30,Sero-119,9,,,,,,,,,36,No,2021-08-14,follow-up,Negative,,,,Negative,,neg,Negative,,,1,,,,,,,,,220,,,,,,,,,yes,0,,,,,,,,,,,,
430,Sero-119-10,asym,2021-01-06,31,Sero-119,10,,,,,,,,,37,No,2021-09-14,follow-up,Positive,P.f,2720,,Pf,Pf,pf,new infection,Pf,,1,,,,,,,,,251,,,,,,,,,yes,0,,,,,,,,,,,,
431,Sero-119-11,asym,2021-01-06,31,Sero-119,11,,,,,,,,,36,No,2021-10-15,follow-up,Negative,,,,Negative,,neg,Negative,,,1,,,,,,,,,282,,,,,,,,,yes,0,,,,,,,,,,,,
432,Sero-119-12,asym,2021-01-06,25,Sero-119,12,,,,,,,,,36,No,2021-11-09,follow-up,Negative,,,,Negative,,neg,Negative,,,1,,,,,,,,,307,,,,,,,,,yes,0,,,,,,,,,,,,
433,Sero-119-13,asym,2021-01-06,46,Sero-119,13,,,,,,,,,35,No,2021-12-25,follow-up,Positive,Pv,493,,Mic+/PCR+,asymptomatic ,pv,asymptomatic,recurrence,1,1,,,1,,,,,,353,0,353,353,1,,1,,,yes,879,671,,,,,,,,,,,
434,Sero-122-01,sym,2021-01-08,0,Sero-122,1,7,19,Male,39,Yes,1,Yes,Yes,,,2021-01-08,recruitment,Positive,Pv,680,,Mic+/PCR+,symptomatic,pv,Recruitment,Recruitment,,1,1,,,0,1,0,0,0,0,,,,,1,1,above 15 years,CQ; 3days + PQ; 14 days,yes,188237,9067,,,,,,,,,,,
435,Sero-122-03,sym,2021-01-08,24,Sero-122,3,,,,,,,,,35,No,2021-02-08,follow-up,Negative,,,,ND,,,,,,1,,,,,,,,,31,,,,,,,,,yes,,,,,,,,,,,,,
436,Sero-122-04,sym,2021-01-08,28,Sero-122,4,,,,,,,,,36,No,2021-03-08,follow-up,Negative,,,,ND,,,,,,1,,,,,,,,,59,,,,,,,,,yes,,,,,,,,,,,,,
437,Sero-122-05,sym,2021-01-08,32,Sero-122,5,,,,,,,,,36,No,2021-04-09,follow-up,Negative,,,,PCR+,submicroscopic,pv,Asym_persisting,persisting,,1,,,,,,,,,91,,,,,,0,,,yes,14,0,,,,,,,,,,,
438,Sero-122-06,sym,2021-01-08,29,Sero-122,6,,,,,,,,,39,Yes,2021-05-08,recurrence,Positive,Pv,1877,654,Mic+/PCR+,symptomatic,pv,symptomatic,recurrence,1,1,,1,,,,,,,120,0,91,91,1,,1,,CQ; 3days + PQ; 14 days,yes,1100000,49,32,18,56,infectious,6,Sero-122-R01,Sero-122-R06,0,0.70910984,0.29089013,relapse
439,Sero-122-07,sym,2021-01-08,31,Sero-122,7,,,,,,,,,36,No,2021-06-08,follow-up,Negative,,,,ND,,,,,,1,,,,,,,,,151,,,,,,,,,yes,,,,,,,,,,,,,
440,Sero-123-01,sym,2021-01-08,0,Sero-123,1,16,30,Male,36,Yes,1,No,Yes,,,2021-01-08,recruitment,Positive,Pv,480,,Mic+/PCR+,symptomatic,pv,Recruitment,Recruitment,,2,2,,,0,1,0,0,1,0,,,,,0,1,above 15 years,CQ; 3days + PQ; 14 days,yes,623,1775,,,,,,,,,,,
441,Sero-123-03,sym,2021-01-08,24,Sero-123,3,,,,,,,,,35,No,2021-02-08,follow-up,Negative,,,,Negative,,neg,Negative,,,2,,,,,,,,,31,,,,,,,,,yes,0,,,,,,,,,,,,
442,Sero-123-04,sym,2021-01-08,28,Sero-123,4,,,,,,,,,35,No,2021-03-08,follow-up,Negative,,,,Negative,,neg,Negative,,,2,,,,,,,,,59,,,,,,,,,yes,0,,,,,,,,,,,,
443,Sero-123-05,sym,2021-01-08,32,Sero-123,5,,,,,,,,,34,No,2021-04-09,follow-up,Negative,,,,Negative,,neg,Negative,,,2,,,,,,,,,91,,,,,,,,,yes,0,,,,,,,,,,,,
444,Sero-123-06,sym,2021-01-08,29,Sero-123,6,,,,,,,,,35,No,2021-05-08,follow-up,Negative,,,,Negative,,neg,Negative,,,2,,,,,,,,,120,,,,,,,,,yes,0,,,,,,,,,,,,
445,Sero-123-07,sym,2021-01-08,32,Sero-123,7,,,,,,,,,36,No,2021-06-09,follow-up,Negative,,,,Negative,,neg,Negative,,,2,,,,,,,,,152,,,,,,,,,yes,0,,,,,,,,,,,,
446,Sero-123-08,sym,2021-01-08,30,Sero-123,8,,,,,,,,,36,No,2021-07-09,follow-up,Negative,,,,Negative,,neg,Negative,,,2,,,,,,,,,182,,,,,,,,,yes,0,,,,,,,,,,,,
447,Sero-123-09,sym,2021-01-08,33,Sero-123,9,,,,,,,,,34,No,2021-08-11,follow-up,Negative,,,,Negative,,neg,Negative,,,2,,,,,,,,,215,,,,,,,,,yes,0,,,,,,,,,,,,
448,Sero-123-10,sym,2021-01-08,34,Sero-123,10,,,,,,,,,35,No,2021-09-14,follow-up,Negative,,,,Negative,,neg,Negative,,,2,,,,,,,,,249,,,,,,,,,yes,0,,,,,,,,,,,,
449,Sero-123-11,sym,2021-01-08,32,Sero-123,11,,,,,,,,,35,No,2021-10-16,follow-up,Negative,,,,Negative,,neg,Negative,,,2,,,,,,,,,281,,,,,,,,,yes,0,,,,,,,,,,,,
450,Sero-123-12,sym,2021-01-08,30,Sero-123,12,,,,,,,,,35,No,2021-11-15,follow-up,Negative,,,,Negative,,neg,Negative,,,2,,,,,,,,,311,,,,,,,,,yes,0,,,,,,,,,,,,
451,Sero-123-13,sym,2021-01-08,9,Sero-123,13,,,,,,,,,36,Yes,2021-11-24,recurrence,Positive,Pv,16871,6351,Mic+/PCR+,symptomatic,pv,symptomatic,recurrence,1,2,,1,,,,,,,320,0,320,320,1,,1,,CQ; 3days + PQ; 14 days,yes,66451,352462,28,11,39,infectious,82,Sero-123-R01,Sero-123-R13,0,0.22254097,0.77745903,reinfection
452,Sero-123-14,sym,2021-01-08,31,Sero-123,14,,,,,,,,,36,No,2021-12-25,follow-up,Negative,,,,Negative,,neg,Negative,,,2,,,,,,,,,351,,,,,,,,,yes,0,,,,,,,,,,,,
453,Sero-123-15,sym,2021-01-08,21,Sero-123,15,,,,,,,,,36,No,2022-01-15,follow-up,Negative,,,,ND,,,,,,2,,,,,,,,,372,,,,,,,,,yes,,,,,,,,,,,,,
454,Sero-123-16,sym,2021-01-08,,Sero-123,16,,,,,,,,,,,,,Positive,Pv,1444,5642,Mic+/PCR+,symptomatic,pv,symptomatic,recurrence,,,,,,,,,,,,,,,,,,,,yes,3539.79,16903,30,0,0,non-infectious,0,Sero-123-R13,Sero-123-R16,0,0.99911916,0.00088081,relapse
455,Sero-126-01,asym,2021-01-08,0,Sero-126,1,14,11,Male,37,No,,No,Yes,,,2021-01-08,recruitment,Positive,Pv,3240,,Mic+/PCR+,symptomatic,pv,Recruitment,Recruitment,,2,0,,,0,0,1,0,0,0,,,,,0,1,< 15 years,CQ; 3days + PQ; 14 days,yes,52437,8050,,,,,,,,,,,
456,Sero-126-03,asym,2021-01-08,27,Sero-126,3,,,,,,,,,36,No,2021-02-12,follow-up,Negative,,,,Negative,,neg,Negative,,,2,,,,,,,,,35,,,,,,,,,yes,0,,,,,,,,,,,,
457,Sero-126-04,asym,2021-01-08,31,Sero-126,4,,,,,,,,,37,No,2021-03-15,follow-up,Negative,,,,Negative,,neg,Negative,,,2,,,,,,,,,66,,,,,,,,,yes,0,,,,,,,,,,,,
458,Sero-126-05,asym,2021-01-08,26,Sero-126,5,,,,,,,,,36,No,2021-04-10,follow-up,Negative,,,,Negative,,neg,Negative,,,2,,,,,,,,,92,,,,,,,,,yes,0,,,,,,,,,,,,
459,Sero-126-06,asym,2021-01-08,33,Sero-126,6,,,,,,,,,36,No,2021-05-13,follow-up,Negative,,,,Negative,,neg,Negative,,,2,,,,,,,,,125,,,,,,,,,yes,0,,,,,,,,,,,,
460,Sero-126-07,asym,2021-01-08,30,Sero-126,7,,,,,,,,,36,No,2021-06-12,follow-up,Negative,,,,Negative,,neg,Negative,,,2,,,,,,,,,155,,,,,,,,,yes,0,,,,,,,,,,,,
461,Sero-126-08,asym,2021-01-08,32,Sero-126,8,,,,,,,,,36,No,2021-07-14,follow-up,Negative,,,,PCR+,submicroscopic,pv,asymptomatic,recurrence,1,2,,,1,,,,,,187,0,187,187,1,,1,,,yes,65,46,,,,,,,,,,,
462,Sero-126-09,asym,2021-01-08,35,Sero-126,9,,,,,,,,,36,No,2021-08-18,follow-up,Negative,,,,Negative,,neg,Negative,,,2,,,,,,,,,222,,,,,,,,,yes,0,,,,,,,,,,,,
463,Sero-126-10,asym,2021-01-08,33,Sero-126,10,,,,,,,,,36,No,2021-09-20,follow-up,Negative,,,,Negative,,neg,Negative,,,2,,,,,,,,,255,,,,,,,,,yes,0,,,,,,,,,,,,
464,Sero-126-11,asym,2021-01-08,32,Sero-126,11,,,,,,,,,36,No,2021-10-22,follow-up,Negative,,,,PCR+,submicroscopic,pv,asymptomatic,recurrence,2,2,,,2,,,,,,287,187,287,100,1,,0,,,yes,9,0,,,,,,,,,,,
465,Sero-126-12,asym,2021-01-08,29,Sero-126,12,,,,,,,,,38,No,2021-11-20,follow-up,Negative,,,,Negative,,neg,Negative,,,2,,,,,,,,,316,,,,,,,,,yes,0,,,,,,,,,,,,
466,Sero-126-13,asym,2021-01-08,30,Sero-126,13,,,,,,,,,36,No,2021-12-20,follow-up,Negative,,,,Negative,,neg,Negative,,,2,,,,,,,,,346,,,,,,,,,yes,0,,,,,,,,,,,,
467,Sero-130-01,sym,2021-01-15,0,Sero-130,1,15,7,Male,40,Yes,2,No,Yes,,,2021-01-15,recruitment,Positive,Pv,1160,4,Mic+/PCR+,symptomatic,pv,Recruitment,Recruitment,,2,1,,,0,1,0,1,0,0,,,,,1,1,< 15 years,CQ; 3days + PQ; 14 days,yes,708736,103561,28,5,18,infectious,3,,,,,,
468,Sero-130-03,sym,2021-01-15,24,Sero-130,3,,,,,,,,,36,No,2021-02-15,follow-up,Negative,,,,Negative,,neg,Negative,,,2,,,,,,,,,31,,,,,,,,,yes,0,,,,,,,,,,,,
469,Sero-130-04,sym,2021-01-15,10,Sero-130,4,,,,,,,,,38,Yes,2021-02-25,recurrence,Positive,P.v + P.f,11560,0,Mic+/PCR+,symptomatic,pv,symptomatic,recurrence,1,2,,1,,,,,,,41,0,41,41,1,,1,,CQ; 3days,yes,649,4663,,,,,,Sero-130-R01,Sero-130-R04,0,0.039970934,0.96002907,reinfection
470,Sero-130-05,sym,2021-01-15,28,Sero-130,5,,,,,,,,,36,No,2021-03-25,follow-up,Negative,,,,PCR+,submicroscopic,pv,Asym_persisting,persisting,,2,,,,,,,,,69,,,,,,0,,,yes,23,0,,,,,,,,,,,
471,Sero-130-06,sym,2021-01-15,16,Sero-130,6,,,,,,,,,39,Yes,2021-04-10,recurrence,Positive,Pv,1215,4,Mic+/PCR+,symptomatic,pv,Symp_persisting,persisting,,2,,,,,,,,,85,,,,,,1,,CQ; 3days + PQ; 14 days,yes,1800000,3427,30,5,17,infectious,3,Sero-130-R04,Sero-130-R06,0,0.29653296,0.70346707,reinfection
472,Sero-130-07,sym,2021-01-15,30,Sero-130,7,,,,,,,,,36,No,2021-05-10,follow-up,Negative,,,,Negative,,neg,Negative,,,2,,,,,,,,,115,,,,,,,,,yes,0,,,,,,,,,,,,
473,Sero-130-08,sym,2021-01-15,31,Sero-130,8,,,,,,,,,36,Yes,2021-06-10,follow-up,Negative,,,,Negative,,neg,Negative,,,2,,,,,,,,,146,,,,,,,,,yes,0,,,,,,,,,,,,
474,Sero-130-09,sym,2021-01-15,32,Sero-130,9,,,,,,,,,37,No,2021-07-12,follow-up,Negative,,,,PCR+,submicroscopic,pv,asymptomatic,recurrence,2,2,,,1,,,,,,178,41,178,137,1,,0,,,yes,24,0,,,,,,,,,,,
475,Sero-130-10,sym,2021-01-15,35,Sero-130,10,,,,,,,,,36,No,2021-08-16,follow-up,Negative,,,,Negative,,neg,Negative,,,2,,,,,,,,,213,,,,,,,,,yes,0,,,,,,,,,,,,
476,Sero-130-11,sym,2021-01-15,36,Sero-130,11,,,,,,,,,37,No,2021-09-21,follow-up,Negative,,,,Negative,,neg,Negative,,,2,,,,,,,,,249,,,,,,,,,yes,0,,,,,,,,,,,,
477,Sero-130-12,sym,2021-01-15,31,Sero-130,12,,,,,,,,,36,No,2021-10-22,follow-up,Negative,,,,Negative,,neg,Negative,,,2,,,,,,,,,280,,,,,,,,,yes,0,,,,,,,,,,,,
478,Sero-130-13,sym,2021-01-15,35,Sero-130,13,,,,,,,,,37,No,2021-11-26,follow-up,Negative,,,,Negative,,neg,Negative,,,2,,,,,,,,,315,,,,,,,,,yes,0,,,,,,,,,,,,
479,Sero-130-14,sym,2021-01-15,30,Sero-130,14,,,,,,,,,36,No,2021-12-26,follow-up,Negative,,,,Negative,,neg,Negative,,,2,,,,,,,,,345,,,,,,,,,yes,0,,,,,,,,,,,,
480,Sero-130-15,sym,2021-01-15,31,Sero-130,15,,,,,,,,,37,No,2022-01-26,follow-up,Negative,,,,ND,,,,,,1,,,,,,,,,376,,,,,,,,,yes,,,,,,,,,,,,,
481,Sero-131-01,asym,2021-01-16,0,Sero-131,1,16,13,Male,39,No,,No,Yes,,,2021-01-16,recruitment,Positive,Pv,8636,477,Mic+/PCR+,symptomatic,pv,Recruitment,Recruitment,,2,1,,,0,0,1,1,0,0,,,,,1,1,< 15 years,CQ; 3days + PQ; 14 days,yes,111629,1714,18,0,0,non-infectious,0,,,,,,
482,Sero-131-03,asym,2021-01-16,22,Sero-131,3,,,,,,,,,35,No,2021-02-16,follow-up,Negative,,,,Negative,,neg,Negative,,,2,,,,,,,,,31,,,,,,,,,yes,0,,,,,,,,,,,,
483,Sero-131-04,asym,2021-01-16,28,Sero-131,4,,,,,,,,,35,No,2021-03-16,follow-up,Negative,,,,Negative,,neg,Negative,,,2,,,,,,,,,59,,,,,,,,,yes,0,,,,,,,,,,,,
484,Sero-131-05,asym,2021-01-16,31,Sero-131,5,,,,,,,,,35,No,2021-04-16,follow-up,Negative,,,,Negative,,neg,Negative,,,2,,,,,,,,,90,,,,,,,,,yes,0,,,,,,,,,,,,
485,Sero-131-06,asym,2021-01-16,31,Sero-131,6,,,,,,,,,36,No,2021-05-17,follow-up,Negative,,,,PCR+,submicroscopic,pv,asymptomatic,recurrence,1,2,,,1,,,,,,121,0,121,121,1,,0,,,yes,6,0,,,,,,,,,,,
486,Sero-131-07,asym,2021-01-16,31,Sero-131,7,,,,,,,,,36,No,2021-06-17,follow-up,Positive,Pv,1711,,Mic+/PCR+,asymptomatic ,pv,Asym_persisting,persisting,,2,,,,,,,,,152,,,,,,1,,,yes,844,685,,,,,,,,,,,
487,Sero-131-08,asym,2021-01-16,1,Sero-131,8,,,,,,,,,37,Yes,2021-06-18,recurrence,Positive,Pv,1004,0,Mic+/PCR+,symptomatic,pv,Symp_persisting,persisting,,2,,,,,,,,,153,,,,,,,,CQ; 3days + PQ; 14 days,yes,1000000,0,30,0,0,non-infectious,0,Sero-131-R01,Sero-131-R08,0,0.98785096,0.012149054,relapse
488,Sero-131-09,asym,2021-01-16,25,Sero-131,9,,,,,,,,,35,No,2021-07-13,follow-up,Negative,,,,Negative,,neg,Negative,,,2,,,,,,,,,178,,,,,,,,,yes,0,,,,,,,,,,,,
489,Sero-131-10,asym,2021-01-16,30,Sero-131,10,,,,,,,,,36,No,2021-08-12,follow-up,Negative,,,,Negative,,neg,Negative,,,2,,,,,,,,,208,,,,,,,,,yes,0,,,,,,,,,,,,
490,Sero-131-11,asym,2021-01-16,40,Sero-131,11,,,,,,,,,36,No,2021-09-21,follow-up,Negative,,,,Negative,,neg,Negative,,,2,,,,,,,,,248,,,,,,,,,yes,0,,,,,,,,,,,,
491,Sero-131-12,asym,2021-01-16,30,Sero-131,12,,,,,,,,,36,No,2021-10-21,follow-up,Negative,,,,Negative,,neg,Negative,,,2,,,,,,,,,278,,,,,,,,,yes,0,,,,,,,,,,,,
492,Sero-131-13,asym,2021-01-16,27,Sero-131,13,,,,,,,,,36,No,2021-11-17,follow-up,Negative,,,,Negative,,neg,Negative,,,2,,,,,,,,,305,,,,,,,,,yes,0,,,,,,,,,,,,
493,Sero-131-14,asym,2021-01-16,27,Sero-131,14,,,,,,,,,36,No,2021-12-14,follow-up,Negative,,,,Negative,,neg,Negative,,,2,,,,,,,,,332,,,,,,,,,yes,0,,,,,,,,,,,,
494,Sero-131-15,asym,2021-01-16,32,Sero-131,15,,,,,,,,,36,No,2022-01-15,follow-up,Negative,,,,ND,,,,,,2,,,,,,,,,364,,,,,,,,,yes,,,,,,,,,,,,,
495,Sero-131-16,asym,2021-01-16,,Sero-131,16,,,,,,,,,,,,,Positive,Pv,4414,545,Mic+/PCR+,symptomatic,pv,symptomatic,recurrence,,,,,,,,,,,,,,,,,,,,yes,103763.21,2041325,29,9,31,infectious,4,Sero-131-R08,Sero-131-R16,0,0.15445928,0.8455407,reinfection
496,Sero-132-01,,2021-01-18,0,Sero-132,1,15,6,Female,39,No,,No,Yes,,,2021-01-18,recruitment,Positive,Pv,,,Mic+/PCR+,symptomatic,pv,Recruitment,Recruitment,,0,0,,,1,0,0,0,0,0,,,,,1,1,< 15 years,CQ; 3days + PQ; 14 days,yes,214000,26454,,,,,,,,,,,
497,Sero-132-03,,2021-01-18,24,Sero-132,3,,,,,,,,,37,No,2021-02-19,follow-up,Negative,,,,ND,,,,,,0,,,,,,,,,32,,,,,,,,,yes,,,,,,,,,,,,,
498,Sero-132-04,,2021-01-18,28,Sero-132,4,,,,,,,,,36,No,2021-03-19,follow-up,Negative,,,,ND,,,,,,0,,,,,,,,,60,,,,,,,,,yes,,,,,,,,,,,,,
499,Sero-132-05,,2021-01-18,32,Sero-132,5,,,,,,,,,37,No,2021-04-20,follow-up,Negative,,,,Negative,,neg,Negative,,,0,,,,,,,,,92,,,,,,,,,yes,0,,,,,,,,,,,,
500,Sero-132-06,,2021-01-18,29,Sero-132,6,,,,,,,,,36,No,2021-05-19,follow-up,Negative,,,,ND,,,,,,0,,,,,,,,,121,,,,,,,,,yes,,,,,,,,,,,,,
501,Sero-132-07,,2021-01-18,31,Sero-132,7,,,,,,,,,36,No,2021-06-19,follow-up,Negative,,,,ND,,,,,,0,,,,,,,,,152,,,,,,,,,yes,,,,,,,,,,,,,
502,Sero-132-08,,2021-01-18,31,Sero-132,8,,,,,,,,,36,No,2021-07-20,follow-up,Negative,,,,Negative,,neg,Negative,,,0,,,,,,,,,183,,,,,,,,,yes,0,,,,,,,,,,,,
503,Sero-132-09,,2021-01-18,32,Sero-132,9,,,,,,,,,36,No,2021-08-21,follow-up,Negative,,,,ND,,,,,,0,,,,,,,,,215,,,,,,,,,yes,,,,,,,,,,,,,
504,Sero-132-10,,2021-01-18,32,Sero-132,10,,,,,,,,,37,No,2021-09-22,follow-up,Negative,,,,ND,,,,,,0,,,,,,,,,247,,,,,,,,,yes,,,,,,,,,,,,,
505,Sero-132-11,,2021-01-18,31,Sero-132,11,,,,,,,,,37,No,2021-10-23,follow-up,Negative,,,,Negative,,neg,Negative,,,0,,,,,,,,,278,,,,,,,,,yes,0,,,,,,,,,,,,
506,Sero-132-12,,2021-01-18,32,Sero-132,12,,,,,,,,,37,No,2021-11-24,follow-up,Negative,,,,ND,,,,,,0,,,,,,,,,310,,,,,,,,,yes,,,,,,,,,,,,,
507,Sero-132-13,,2021-01-18,31,Sero-132,13,,,,,,,,,37,No,2021-12-25,follow-up,Negative,,,,ND,,,,,,0,,,,,,,,,341,,,,,,,,,yes,,,,,,,,,,,,,
508,Sero-132-14,,2021-01-18,31,Sero-132,14,,,,,,,,,36,No,2022-01-25,follow-up,Negative,,,,Negative,,neg,Negative,,,0,,,,,,,,,372,,,,,,,,,yes,0,,,,,,,,,,,,
509,Sero-133-01,,2021-01-22,0,Sero-133,1,14,30,Male,38,No,,No,Yes,,,2021-01-22,recruitment,Positive,Pv,5867,55,Mic+/PCR+,symptomatic,pv,Recruitment,Recruitment,,0,0,,,1,0,0,0,0,0,,,,,1,1,above 15 years,CQ; 3days + PQ; 14 days,yes,264990,31512,30,22,73,infectious,2,,,,,,
510,Sero-133-03,,2021-01-22,25,Sero-133,3,,,,,,,,,35,No,2021-02-23,follow-up,Negative,,,,ND,,,,,,0,,,,,,,,,32,,,,,,,,,yes,,,,,,,,,,,,,
511,Sero-133-04,,2021-01-22,30,Sero-133,4,,,,,,,,,35,No,2021-03-25,follow-up,Negative,,,,ND,,,,,,0,,,,,,,,,62,,,,,,,,,yes,,,,,,,,,,,,,
512,Sero-133-05,,2021-01-22,29,Sero-133,5,,,,,,,,,35,No,2021-04-23,follow-up,Negative,,,,Negative,,neg,Negative,,,0,,,,,,,,,91,,,,,,,,,yes,0,,,,,,,,,,,,
513,Sero-133-06,,2021-01-22,29,Sero-133,6,,,,,,,,,36,No,2021-05-22,follow-up,Negative,,,,ND,,,,,,0,,,,,,,,,120,,,,,,,,,yes,,,,,,,,,,,,,
514,Sero-133-07,,2021-01-22,31,Sero-133,7,,,,,,,,,36,Yes,2021-06-22,follow-up,Negative,,,,ND,,,,,,0,,,,,,,,,151,,,,,,,,,yes,,,,,,,,,,,,,
515,Sero-133-08,,2021-01-22,31,Sero-133,8,,,,,,,,,37,No,2021-07-23,follow-up,Negative,,,,Negative,,neg,Negative,,,0,,,,,,,,,182,,,,,,,,,yes,0,,,,,,,,,,,,
516,Sero-133-09,,2021-01-22,32,Sero-133,9,,,,,,,,,36,No,2021-08-24,follow-up,Negative,,,,ND,,,,,,0,,,,,,,,,214,,,,,,,,,yes,,,,,,,,,,,,,
517,Sero-133-10,,2021-01-22,51,Sero-133,10,,,,,,,,,35,No,2021-10-14,follow-up,Negative,,,,ND,,,,,,0,,,,,,,,,265,,,,,,,,,yes,,,,,,,,,,,,,
518,Sero-133-11,,2021-01-22,33,Sero-133,11,,,,,,,,,36,Yes,2021-11-16,follow-up,Negative,,,,Negative,,neg,Negative,,,0,,,,,,,,,298,,,,,,,,,yes,0,,,,,,,,,,,,
519,Sero-133-12,,2021-01-22,30,Sero-133,12,,,,,,,,,36,No,2021-12-16,follow-up,Negative,,,,ND,,,,,,0,,,,,,,,,328,,,,,,,,,yes,,,,,,,,,,,,,
520,Sero-133-13,,2021-01-22,30,Sero-133,13,,,,,,,,,36,No,2022-01-15,follow-up,Negative,,,,ND,,,,,,0,,,,,,,,,358,,,,,,,,,yes,,,,,,,,,,,,,
521,Sero-135-01,,2021-02-10,0,Sero-135,1,14,18,Female,34,No,,No,Yes,,,2021-02-10,recruitment,Positive,Pv,215,0,Mic+/PCR+,symptomatic,pv,Recruitment,Recruitment,,0,0,,,1,0,0,0,0,0,,,,,0,1,above 15 years,CQ; 3days + PQ; 14 days,yes,12243,50,,,,,,,,,,,
522,Sero-135-03,,2021-02-10,20,Sero-135,3,,,,,,,,,37,No,2021-03-09,follow-up,Negative,,,,ND,,,,,,0,,,,,,,,,27,,,,,,,,,yes,,,,,,,,,,,,,
523,Sero-135-04,,2021-02-10,30,Sero-135,4,,,,,,,,,36,No,2021-04-08,follow-up,Negative,,,,ND,,,,,,0,,,,,,,,,57,,,,,,,,,yes,,,,,,,,,,,,,
524,Sero-135-05,,2021-02-10,30,Sero-135,5,,,,,,,,,36,No,2021-05-08,follow-up,Negative,,,,Negative,,neg,Negative,,,0,,,,,,,,,87,,,,,,,,,yes,0,,,,,,,,,,,,
525,Sero-135-06,,2021-02-10,31,Sero-135,6,,,,,,,,,36,No,2021-06-08,follow-up,Negative,,,,ND,,,,,,0,,,,,,,,,118,,,,,,,,,yes,,,,,,,,,,,,,
526,Sero-135-07,,2021-02-10,30,Sero-135,7,,,,,,,,,36,No,2021-07-08,follow-up,Negative,,,,ND,,,,,,0,,,,,,,,,148,,,,,,,,,yes,,,,,,,,,,,,,
527,Sero-135-08,,2021-02-10,30,Sero-135,8,,,,,,,,,36,No,2021-08-07,follow-up,Negative,,,,Negative,,neg,Negative,,,0,,,,,,,,,178,,,,,,,,,yes,0,,,,,,,,,,,,
528,Sero-135-09,,2021-02-10,30,Sero-135,9,,,,,,,,,36,No,2021-09-06,follow-up,Negative,,,,ND,,,,,,0,,,,,,,,,208,,,,,,,,,yes,,,,,,,,,,,,,
529,Sero-135-10,,2021-02-10,28,Sero-135,10,,,,,,,,,36,No,2021-10-04,follow-up,Negative,,,,ND,,,,,,0,,,,,,,,,236,,,,,,,,,yes,,,,,,,,,,,,,
530,Sero-135-11,,2021-02-10,30,Sero-135,11,,,,,,,,,36,No,2021-11-03,follow-up,Negative,,,,Negative,,neg,Negative,,,0,,,,,,,,,266,,,,,,,,,yes,0,,,,,,,,,,,,
531,Sero-135-12,,2021-02-10,30,Sero-135,12,,,,,,,,,36,No,2021-12-03,follow-up,Negative,,,,ND,,,,,,0,,,,,,,,,296,,,,,,,,,yes,,,,,,,,,,,,,
532,Sero-135-13,,2021-02-10,29,Sero-135,13,,,,,,,,,36,No,2022-01-01,follow-up,Negative,,,,ND,,,,,,0,,,,,,,,,325,,,,,,,,,yes,,,,,,,,,,,,,
533,Sero-135-14,,2021-02-10,30,Sero-135,14,,,,,,,,,36,No,2022-01-31,follow-up,Negative,,,,Negative,,neg,Negative,,,0,,,,,,,,,355,0,355,355,0,,,,,yes,0,,,,,,,,,,,,
534,Sero-142-01,sym,2021-02-15,0,Sero-142,1,16,8,Male,37,Yes,,Yes,Yes,,,2021-02-15,recruitment,Positive,Pv,360,,Mic+/PCR+,symptomatic,pv,Recruitment,Recruitment,,1,1,,,0,1,0,1,0,0,,,,,0,1,< 15 years,CQ; 3days + PQ; 14 days,yes,395081,130467,,,,,,,,,,,
535,Sero-142-03,sym,2021-02-15,21,Sero-142,3,,,,,,,,,36,No,2021-03-15,follow-up,Negative,,,,Negative,,neg,Negative,,,1,,,,,,,,,28,,,,,,,,,yes,0,,,,,,,,,,,,
536,Sero-142-04,sym,2021-02-15,10,Sero-142,4,,,,,,,,,39,Yes,2021-03-25,recurrence,Positive,P.v + P.f,49349,0,Mic+/PCR+,symptomatic,mixed,symptomatic,recurrence,1,1,,1,,,,,,,38,0,38,38,1,,1,,ACT; 3 days +SDPQ,yes,341508,160,,,,,,Sero-142-R01,Sero-142-R04,0,0.4510735,0.54892653,reinfection
537,Sero-142-05,sym,2021-02-15,21,Sero-142,5,,,,,,,,,36,No,2021-04-15,follow-up,Negative,,,,PCR+,submicroscopic,pv,Asym_persisting,persisting,,1,,,,,,,,,59,,,,,,0,,,yes,13117,0,,,,,,,,,,,
538,Sero-142-06,sym,2021-02-15,4,Sero-142,6,,,,,,,,,37,No,2021-04-19,recurrence,Positive,Pv,5644,2555,Mic+/PCR+,symptomatic,pv,Symp_persisting,persisting,,1,,,,,,,,,63,,,,,,1,,CQ; 3days + PQ; 14 days,yes,929871,6301,31,27,87,infectious,81,Sero-142-R04,Sero-142-R06,0,0.22003663,0.77996337,reinfection
539,Sero-142-07,sym,2021-02-15,30,Sero-142,7,,,,,,,,,36,No,2021-05-19,follow-up,Negative,,,,Negative,,neg,Negative,,,1,,,,,,,,,93,,,,,,,,,yes,0,,,,,,,,,,,,
540,Sero-142-08,sym,2021-02-15,31,Sero-142,8,,,,,,,,,35,No,2021-06-19,follow-up,Negative,,,,PCR+,submicroscopic,pv,Asym_persisting,persisting,,1,,,,,,,,,124,,,,,,1,,,yes,3021,1296,,,,,,,,,,,
541,Sero-142-09,sym,2021-02-15,30,Sero-142,9,,,,,,,,,35,No,2021-07-19,follow-up,Positive,Pv,45,0,,,,,,,1,,,,,,,,,154,,,,,,,,,yes,,,,,,,,,,,,,
542,Sero-142-10,sym,2021-02-15,30,Sero-142,10,,,,,,,,,36,No,2021-08-18,follow-up,Negative,,,,PCR+,submicroscopic,pv,Asym_persisting,persisting,,1,,,,,,,,,184,,,,,,1,,,yes,8,95,,,,,,,,,,,
543,Sero-142-11,sym,2021-02-15,31,Sero-142,11,,,,,,,,,38,No,2021-09-18,follow-up,Negative,,,,PCR+,submicroscopic,pv,Asym_persisting,persisting,,1,,,,,,,,,215,,,,,,0,,,yes,35,2,,,,,,,,,,,
544,Sero-142-12,sym,2021-02-15,32,Sero-142,12,,,,,,,,,36,No,2021-10-20,follow-up,Negative,,,,Negative,,neg,Negative,,,1,,,,,,,,,247,,,,,,,,,yes,0,,,,,,,,,,,,
545,Sero-142-13,sym,2021-02-15,31,Sero-142,13,,,,,,,,,36,No,2021-11-20,follow-up,Negative,,,,PCR+,submicroscopic,pv,Asym_persisting,persisting,,1,,,,,,,,,278,,,,,,0,,,yes,10,0,,,,,,,,,,,
546,Sero-142-14,sym,2021-02-15,30,Sero-142,14,,,,,,,,,36,No,2021-12-20,follow-up,Negative,,,,ND,,,,,,1,,,,,,,,,308,,,,,,,,,yes,,,,,,,,,,,,,
547,Sero-142-15,sym,2021-02-15,31,Sero-142,15,,,,,,,,,36,No,2022-01-20,follow-up,Negative,,,,ND,,,,,,1,,,,,,,,,339,,,,,,,,,yes,,,,,,,,,,,,,
548,Sero-142-16,sym,2021-02-15,29,Sero-142,16,,,,,,,,,37,No,2022-02-18,follow-up,Negative,,,,ND,,,,,,1,,,,,,,,,368,,,,,,,,,yes,,,,,,,,,,,,,
549,Sero-143-01,sym,2021-02-15,0,Sero-143,1,15,13,Male,38,No,,No,Yes,,,2021-02-15,recruitment,Positive,mixed,,,Mic+/PCR+,symptomatic,mixed,Recruitment,Recruitment,,2,1,,,0,1,0,0,1,0,,,,,1,1,< 15 years,CQ; 3days + PQ; 14 days,yes,46458,766476,,,,,,,,,,,
550,Sero-143-03,sym,2021-02-15,21,Sero-143,3,,,,,,,,,36,No,2021-03-15,follow-up,Negative,pv,,,Pf,Pf,pf,new infection,Pf,,2,,,,,,,,,28,,,,,,,,,yes,0,,,,,,,,,,,,
551,Sero-143-04,sym,2021-02-15,9,Sero-143,4,,,,,,,,,38,Yes,2021-03-24,recurrence,Positive,pv,507,0,Mic+/PCR+,symptomatic,mixed,symptomatic,recurrence,1,2,,1,,,,,,,37,0,37,37,1,,1,,CQ; 3days,yes,2000000,799,,,,,,Sero-143-R01,Sero-143-R04,0,0.054997414,0.94500262,reinfection
552,Sero-143-05,sym,2021-02-15,28,Sero-143,5,,,,,,,,,35,No,2021-04-21,follow-up,Negative,pv,,,Pf,Pf,pf,new infection,Pf,,2,,,,,,,,,65,,,,,,,,,yes,0,,,,,,,,,,,,
553,Sero-143-06,sym,2021-02-15,28,Sero-143,6,,,,,,,,,37,No,2021-05-19,follow-up,Negative,,,,PCR+,submicroscopic,pv,Asym_persisting,persisting,,2,,,,,,,,,93,,,,,,1,,,yes,159,144,,,,,,,,,,,
554,Sero-143-07,sym,2021-02-15,31,Sero-143,7,,,,,,,,,36,No,2021-06-19,follow-up,Negative,pv,,,Negative,,neg,Negative,,,2,,,,,,,,,124,,,,,,,,,yes,0,,,,,,,,,,,,
555,Sero-143-08,sym,2021-02-15,30,Sero-143,8,,,,,,,,,36,No,2021-07-19,follow-up,Negative,,,,Negative,,neg,Negative,,,2,,,,,,,,,154,,,,,,,,,yes,0,,,,,,,,,,,,
556,Sero-143-09,sym,2021-02-15,28,Sero-143,9,,,,,,,,,36,No,2021-08-16,follow-up,Negative,,,,Pf,Pf,pf,new infection,Pf,,2,,,,,,,,,182,,,,,,,,,yes,0,,,,,,,,,,,,
557,Sero-143-10,sym,2021-02-15,31,Sero-143,10,,,,,,,,,35,No,2021-09-16,follow-up,Negative,,,,Negative,,neg,Negative,,,2,,,,,,,,,213,,,,,,,,,yes,0,,,,,,,,,,,,
558,Sero-143-11,sym,2021-02-15,30,Sero-143,11,,,,,,,,,36,No,2021-10-16,follow-up,Negative,,,,Pf,Pf,pf,new infection,Pf,,2,,,,,,,,,243,,,,,,,,,yes,0,,,,,,,,,,,,
559,Sero-143-12,sym,2021-02-15,27,Sero-143,12,,,,,,,,,36,No,2021-11-12,follow-up,Negative,,,,Pf,Pf,pf,new infection,Pf,,2,,,,,,,,,270,,,,,,,,,yes,0,,,,,,,,,,,,
560,Sero-143-13,sym,2021-02-15,34,Sero-143,13,,,,,,,,,36,No,2021-12-16,follow-up,Negative,,,,Negative,,neg,new infection,Pf,,2,,,,,,,,,304,,,,,,,,,yes,0,,,,,,,,,,,,
561,Sero-143-14,sym,2021-02-15,30,Sero-143,14,,,,,,,,,35,No,2022-01-15,follow-up,Negative,,,,PCR+,submicroscopic,mixed,asymptomatic,recurrence,2,2,,,1,,,,,,334,37,334,297,1,,0,,,yes,15,0,,,,,,,,,,,
562,Sero-143-15,sym,2021-02-15,38,Sero-143,15,,,,,,,,,36,No,2022-02-22,follow-up,Negative,,,,ND,,,,,,2,,,,,,,,,372,,,,,,,,,yes,,,,,,,,,,,,,
563,Sero-149-01,,2021-02-18,0,Sero-149,1,14,14,Male,37,No,,No,Yes,,,2021-02-18,recruitment,Positive,Pv,4545,111,Mic+/PCR+,symptomatic,pv,Recruitment,Recruitment,,0,0,,,1,0,0,0,0,0,,,,,0,1,< 15 years,CQ; 3days + PQ; 14 days,yes,7053,22999,24,0,0,non-infectious,0,,,,,,
564,Sero-149-03,,2021-02-18,21,Sero-149,3,,,,,,,,,36,No,2021-03-18,follow-up,Negative,,,,ND,,,,,,0,,,,,,,,,28,,,,,,,,,yes,,,,,,,,,,,,,
565,Sero-149-04,,2021-02-18,32,Sero-149,4,,,,,,,,,36,Yes,2021-04-19,follow-up,Negative,,,,ND,,,,,,0,,,,,,,,,60,,,,,,,,,yes,,,,,,,,,,,,,
566,Sero-149-05,,2021-02-18,29,Sero-149,5,,,,,,,,,36,No,2021-05-18,follow-up,Positive,Pv,566,,Mic+/PCR+,symptomatic,,,,,0,,,,,,,,,89,,,,,,,,,yes,,,,,,,,,,,,,
567,Sero-149-06,,2021-02-18,31,Sero-149,6,,,,,,,,,36,No,2021-06-18,follow-up,Negative,,,,ND,,,,,,0,,,,,,,,,120,,,,,,,,,yes,,,,,,,,,,,,,
568,Sero-149-07,,2021-02-18,30,Sero-149,7,,,,,,,,,36,No,2021-07-18,follow-up,Negative,,,,ND,,,,,,0,,,,,,,,,150,,,,,,,,,yes,,,,,,,,,,,,,
569,Sero-149-08,,2021-02-18,31,Sero-149,8,,,,,,,,,36,No,2021-08-18,follow-up,Negative,,,,Negative,,neg,Negative,,,0,,,,,,,,,181,,,,,,,,,yes,0,,,,,,,,,,,,
570,Sero-149-09,,2021-02-18,31,Sero-149,9,,,,,,,,,36,No,2021-09-18,follow-up,Negative,,,,ND,,,,,,0,,,,,,,,,212,,,,,,,,,yes,,,,,,,,,,,,,
571,Sero-149-10,,2021-02-18,31,Sero-149,10,,,,,,,,,36,No,2021-10-19,follow-up,Negative,,,,ND,,,,,,0,,,,,,,,,243,,,,,,,,,yes,,,,,,,,,,,,,
572,Sero-149-11,,2021-02-18,31,Sero-149,11,,,,,,,,,36,No,2021-11-19,follow-up,Negative,,,,Negative,,neg,Negative,,,0,,,,,,,,,274,,,,,,,,,yes,0,,,,,,,,,,,,
573,Sero-149-12,,2021-02-18,29,Sero-149,12,,,,,,,,,36,No,2021-12-18,follow-up,Negative,,,,ND,,,,,,0,,,,,,,,,303,,,,,,,,,yes,,,,,,,,,,,,,
574,Sero-149-13,,2021-02-18,34,Sero-149,13,,,,,,,,,35,No,2022-01-21,follow-up,Negative,,,,ND,,,,,,0,,,,,,,,,337,,,,,,,,,yes,,,,,,,,,,,,,
575,Sero-149-14,,2021-02-18,31,Sero-149,14,,,,,,,,,36,No,2022-02-21,follow-up,Negative,,,,Negative,,neg,Negative,,,0,,,,,,,,,368,0,368,368,0,,,,,yes,0,,,,,,,,,,,,
576,Sero-150-01,sym,2021-02-19,0,Sero-150,1,14,7,Male,36,Yes,4,Yes,Yes,,,2021-02-19,recruitment,Positive,Pv,,,Mic+/PCR+,symptomatic,pv,Recruitment,Recruitment,,3,2,,,0,1,0,0,1,0,,,,,0,1,< 15 years,CQ; 3days + PQ; 14 days,yes,320114,2900000,,,,,,,,,,,
577,Sero-150-03,sym,2021-02-19,21,Sero-150,3,,,,,,,,,35,No,2021-03-19,follow-up,Negative,,,,Negative,,neg,Negative,,,3,,,,,,,,,28,,,,,,,,,yes,0,,,,,,,,,,,,
578,Sero-150-04,sym,2021-02-19,21,Sero-150,4,,,,,,,,,36,No,2021-04-09,recurrence,Positive,Pv,1560,351,Mic+/PCR+,symptomatic,pv,symptomatic,recurrence,1,3,,1,,,,,,,49,0,49,49,1,,1,,CQ; 3days + PQ; 14 days,yes,29820,206,32,11,34,infectious,2,Sero-150-R01,Sero-150-R04,0,0.50628471,0.49371532,relapse
579,Sero-150-05,sym,2021-02-19,31,Sero-150,5,,,,,,,,,35,No,2021-05-10,follow-up,Negative,,,,Negative,,neg,Negative,,,3,,,,,,,,,80,,,,,,,,,yes,0,,,,,,,,,,,,
580,Sero-150-06,sym,2021-02-19,39,Sero-150,6,,,,,,,,,35,No,2021-06-18,follow-up,Negative,,,,Negative,,neg,Negative,,,3,,,,,,,,,119,,,,,,,,,yes,0,,,,,,,,,,,,
581,Sero-150-07,sym,2021-02-19,31,Sero-150,7,,,,,,,,,33,No,2021-07-19,follow-up,Negative,,,,Negative,,neg,Negative,,,3,,,,,,,,,150,,,,,,,,,yes,0,,,,,,,,,,,,
582,Sero-150-08,sym,2021-02-19,29,Sero-150,8,,,,,,,,,37,Yes,2021-08-17,recurrence,Positive,P.v + P.f,792,226,Mic+/PCR+,symptomatic,mixed,symptomatic,recurrence,2,3,,2,,,,,,,179,49,179,130,1,,1,,CQ; 3days + PQ; 14 days,yes,477430,15,30,19,63,infectious,53,Sero-150-R04,Sero-150-R08,0,0.10080199,0.899198,reinfection
583,Sero-150-09,sym,2021-02-19,31,Sero-150,9,,,,,,,,,36,No,2021-09-17,follow-up,Negative,,,,Negative,,neg,Negative,,,3,,,,,,,,,210,,,,,,,,,yes,0,,,,,,,,,,,,
584,Sero-150-10,sym,2021-02-19,31,Sero-150,10,,,,,,,,,35,No,2021-10-18,follow-up,Negative,,,,PCR+,submicroscopic,pv,Asym_persisting,persisting,,3,,,,,,,,,241,,,,,,1,,,yes,75,630,,,,,,,,,,,
585,Sero-150-11,sym,2021-02-19,31,Sero-150,11,,,,,,,,,35,No,2021-11-18,follow-up,Negative,,,,Negative,,neg,Negative,,,3,,,,,,,,,272,,,,,,,,,yes,0,,,,,,,,,,,,
586,Sero-150-12,sym,2021-02-19,29,Sero-150,12,,,,,,,,,35,No,2021-12-17,follow-up,Negative,,,,Negative,,neg,Negative,,,3,,,,,,,,,301,,,,,,,,,yes,0,,,,,,,,,,,,
587,Sero-150-13,sym,2021-02-19,31,Sero-150,13,,,,,,,,,36,No,2022-01-17,follow-up,Negative,,,,PCR+,submicroscopic,pv,asymptomatic,recurrence,3,3,,,1,,,,,,332,179,332,153,1,,1,,,yes,28,189,,,,,,,,,,,
588,Sero-150-14,sym,2021-02-19,30,Sero-150,14,,,,,,,,,36,No,2022-02-16,follow-up,Negative,,,,PCR+,submicroscopic,pv,Asym_persisting,persisting,,3,,,,,,,,,362,,,,,,1,,,yes,421,37,,,,,,,,,,,
589,Sero-151-01,,2021-02-19,0,Sero-151,1,14,15,Male,37,No,,No,Yes,,,2021-02-19,recruitment,Positive,Pv,,,Mic+/PCR+,symptomatic,pv,Recruitment,Recruitment,,0,0,,,1,0,0,0,0,0,,,,,0,1,< 15 years,CQ; 3days + PQ; 14 days,yes,24734,405418,,,,,,,,,,,
590,Sero-151-03,,2021-02-19,21,Sero-151,3,,,,,,,,,36,No,2021-03-19,follow-up,Negative,,,,ND,,,,,,0,,,,,,,,,28,,,,,,,,,yes,,,,,,,,,,,,,
591,Sero-151-04,,2021-02-19,31,Sero-151,4,,,,,,,,,36,No,2021-04-19,follow-up,Negative,,,,ND,,,,,,0,,,,,,,,,59,,,,,,,,,yes,,,,,,,,,,,,,
592,Sero-151-05,,2021-02-19,30,Sero-151,5,,,,,,,,,36,No,2021-05-19,follow-up,Negative,,,,ND,,,,,,0,,,,,,,,,89,,,,,,,,,yes,,,,,,,,,,,,,
593,Sero-151-06,,2021-02-19,31,Sero-151,6,,,,,,,,,36,No,2021-06-19,follow-up,Negative,,,,ND,,,,,,0,,,,,,,,,120,,,,,,,,,yes,,,,,,,,,,,,,
594,Sero-151-07,,2021-02-19,30,Sero-151,7,,,,,,,,,36,No,2021-07-19,follow-up,Negative,,,,ND,,,,,,0,,,,,,,,,150,,,,,,,,,yes,,,,,,,,,,,,,
595,Sero-151-08,,2021-02-19,30,Sero-151,8,,,,,,,,,36,No,2021-08-18,follow-up,Negative,,,,Negative,,neg,Negative,,,0,,,,,,,,,180,,,,,,,,,yes,0,,,,,,,,,,,,
596,Sero-151-09,,2021-02-19,31,Sero-151,9,,,,,,,,,36,No,2021-09-18,follow-up,Negative,,,,ND,,,,,,0,,,,,,,,,211,,,,,,,,,yes,,,,,,,,,,,,,
597,Sero-151-10,,2021-02-19,21,Sero-151,10,,,,,,,,,36,No,2021-10-09,follow-up,Negative,,,,ND,,,,,,0,,,,,,,,,232,,,,,,,,,yes,,,,,,,,,,,,,
598,Sero-151-11,,2021-02-19,30,Sero-151,11,,,,,,,,,36,No,2021-11-08,follow-up,Negative,,,,Negative,,neg,Negative,,,0,,,,,,,,,262,,,,,,,,,yes,0,,,,,,,,,,,,
599,Sero-151-12,,2021-02-19,30,Sero-151,12,,,,,,,,,35,No,2021-12-08,follow-up,Negative,,,,ND,,,,,,0,,,,,,,,,292,,,,,,,,,yes,,,,,,,,,,,,,
600,Sero-151-13,,2021-02-19,29,Sero-151,13,,,,,,,,,36,No,2022-01-06,follow-up,Negative,,,,ND,,,,,,0,,,,,,,,,321,,,,,,,,,yes,,,,,,,,,,,,,
601,Sero-151-14,,2021-02-19,31,Sero-151,14,,,,,,,,,36,No,2022-02-06,follow-up,Negative,,,,Negative,,neg,Negative,,,0,,,,,,,,,352,0,352,352,0,,,,,yes,0,,,,,,,,,,,,
602,Sero-153-01,,2021-02-19,0,Sero-153,1,14,40,Male,38,No,,No,Yes,,,2021-02-19,recruitment,Positive,Pv,,,Mic+/PCR+,symptomatic,pv,Recruitment,Recruitment,,0,0,,,1,0,0,0,0,0,,,,,1,1,above 15 years,CQ; 3days + PQ; 14 days,yes,6814,3309,,,,,,,,,,,
603,Sero-153-03,,2021-02-19,21,Sero-153,3,,,,,,,,,36,No,2021-03-19,follow-up,Negative,,,,ND,,,,,,0,,,,,,,,,28,,,,,,,,,yes,,,,,,,,,,,,,
604,Sero-153-04,,2021-02-19,31,Sero-153,4,,,,,,,,,35,No,2021-04-19,follow-up,Negative,,,,ND,,,,,,0,,,,,,,,,59,,,,,,,,,yes,,,,,,,,,,,,,
605,Sero-153-05,,2021-02-19,30,Sero-153,5,,,,,,,,,36,No,2021-05-19,follow-up,Negative,,,,ND,,,,,,0,,,,,,,,,89,,,,,,,,,yes,,,,,,,,,,,,,
606,Sero-153-06,,2021-02-19,31,Sero-153,6,,,,,,,,,36,No,2021-06-19,follow-up,Negative,,,,ND,,,,,,0,,,,,,,,,120,,,,,,,,,yes,,,,,,,,,,,,,
607,Sero-153-07,,2021-02-19,30,Sero-153,7,,,,,,,,,36,No,2021-07-19,follow-up,Negative,,,,Negative,,neg,Negative,,,0,,,,,,,,,150,,,,,,,,,yes,0,,,,,,,,,,,,
608,Sero-153-08,,2021-02-19,30,Sero-153,8,,,,,,,,,36,No,2021-08-18,follow-up,Negative,,,,Negative,,neg,Negative,,,0,,,,,,,,,180,,,,,,,,,yes,0,,,,,,,,,,,,
609,Sero-153-09,,2021-02-19,31,Sero-153,9,,,,,,,,,36,No,2021-09-18,follow-up,Negative,,,,ND,,,,,,0,,,,,,,,,211,,,,,,,,,yes,,,,,,,,,,,,,
610,Sero-153-10,,2021-02-19,31,Sero-153,10,,,,,,,,,36,No,2021-10-19,follow-up,Negative,,,,ND,,,,,,0,,,,,,,,,242,,,,,,,,,yes,,,,,,,,,,,,,
611,Sero-153-11,,2021-02-19,30,Sero-153,11,,,,,,,,,36,No,2021-11-18,follow-up,Negative,,,,Negative,,neg,Negative,,,0,,,,,,,,,272,,,,,,,,,yes,0,,,,,,,,,,,,
612,Sero-153-12,,2021-02-19,30,Sero-153,12,,,,,,,,,37,No,2021-12-18,follow-up,Negative,,,,ND,,,,,,0,,,,,,,,,302,,,,,,,,,yes,,,,,,,,,,,,,
613,Sero-153-13,,2021-02-19,31,Sero-153,13,,,,,,,,,36,No,2022-01-18,follow-up,Negative,,,,ND,,,,,,0,,,,,,,,,333,,,,,,,,,yes,,,,,,,,,,,,,
614,Sero-153-14,,2021-02-19,31,Sero-153,14,,,,,,,,,36,No,2022-02-18,follow-up,Negative,,,,Negative,,neg,Negative,,,0,,,,,,,,,364,0,364,364,0,,,,,yes,0,,,,,,,,,,,,
615,Sero-175-01,,2021-03-17,0,Sero-175,1,1,18,Male,36,Yes,,No,Yes,,,2021-03-17,recruitment,Positive,Pv,1120,0,Mic+/PCR+,symptomatic,pv,Recruitment,Recruitment,,0,0,,,1,0,0,0,0,0,,,,,0,1,above 15 years,CQ; 3days + PQ; 14 days,yes,7351,3728,32,0,0,non-infectious,0,,,,,,
616,Sero-177-01,sym,2021-03-29,0,Sero-177,1,10,5,Male,37,Yes,1,No,Yes,,,2021-03-29,recruitment,Positive,Pv,5454,512,Mic+/PCR+,symptomatic,pv,Recruitment,Recruitment,,1,1,,,0,1,0,0,0,0,,,,,0,1,< 15 years,CQ; 3days + PQ; 14 days,yes,497391,37801,30,6,20,infectious,3,,,,,,
617,Sero-177-03,sym,2021-03-29,24,Sero-177,3,,,,,,,,,36,No,2021-04-29,follow-up,Negative,,,,Negative,,neg,Negative,,,1,,,,,,,,,31,,,,,,,,,yes,0,,,,,,,,,,,,
618,Sero-177-04,sym,2021-03-29,32,Sero-177,4,,,,,,,,,36,No,2021-05-31,follow-up,Negative,,,,Negative,,neg,Negative,,,1,,,,,,,,,63,,,,,,,,,yes,0,,,,,,,,,,,,
619,Sero-177-05,sym,2021-03-29,30,Sero-177,5,,,,,,,,,36,No,2021-06-30,follow-up,Negative,,,,Negative,,neg,Negative,,,1,,,,,,,,,93,,,,,,,,,yes,0,,,,,,,,,,,,
620,Sero-177-06,sym,2021-03-29,61,Sero-177,6,,,,,,,,,37,No,2021-08-30,follow-up,Negative,,,,Negative,,neg,Negative,,,1,,,,,,,,,154,,,,,,,,,yes,0,,,,,,,,,,,,
621,Sero-177-07,sym,2021-03-29,32,Sero-177,7,,,,,,,,,35,No,2021-10-01,follow-up,Negative,,,,Negative,,neg,Negative,,,1,,,,,,,,,186,,,,,,,,,yes,0,,,,,,,,,,,,
622,Sero-177-08,sym,2021-03-29,33,Sero-177,8,,,,,,,,,37,No,2021-11-03,follow-up,Negative,,,,Negative,,neg,Negative,,,1,,,,,,,,,219,,,,,,,,,yes,0,,,,,,,,,,,,
623,Sero-177-09,sym,2021-03-29,68,Sero-177,9,,,,,,,,,35,No,2022-01-10,follow-up,Negative,,,,Negative,,neg,Negative,,,1,,,,,,,,,287,,,,,,,,,yes,0,,,,,,,,,,,,
624,Sero-177-10,sym,2021-03-29,21,Sero-177,10,,,,,,,,,38,Yes,2022-01-31,recurrence,Positive,Pv,4910,215,Mic+/PCR+,symptomatic,pv,symptomatic,recurrence,1,1,,1,,,,,,,308,0,308,308,1,,1,,CQ; 3days + PQ; 14 days,yes,84752,176279,30,0,0,non-infectious,0,Sero-177-R01,Sero-177-R10,0,0.036278445,0.96372157,reinfection
625,Sero-178-01,,2021-03-29,0,Sero-178,1,14,7,Female,38,No,,No,Yes,,,2021-03-29,recruitment,Positive,Pv,7882,0,Mic+/PCR+,symptomatic,pv,Recruitment,Recruitment,,0,0,,,1,0,0,0,0,0,,,,,1,1,< 15 years,CQ; 3days + PQ; 14 days,yes,99559,13895,33,0,0,non-infectious,0,,,,,,
626,Sero-178-03,,2021-03-29,24,Sero-178,3,,,,,,,,,37,No,2021-04-29,follow-up,Negative,,,,ND,,,,,,0,,,,,,,,,31,,,,,,,,,yes,,,,,,,,,,,,,
627,Sero-178-04,,2021-03-29,34,Sero-178,4,,,,,,,,,37,No,2021-06-02,follow-up,Negative,,,,ND,,,,,,0,,,,,,,,,65,,,,,,,,,yes,,,,,,,,,,,,,
628,Sero-178-05,,2021-03-29,30,Sero-178,5,,,,,,,,,35,No,2021-07-02,follow-up,Negative,,,,Negative,,neg,Negative,,,0,,,,,,,,,95,,,,,,,,,yes,0,,,,,,,,,,,,
629,Sero-178-06,,2021-03-29,32,Sero-178,6,,,,,,,,,36,No,2021-08-03,follow-up,Negative,,,,ND,,,,,,0,,,,,,,,,127,,,,,,,,,yes,,,,,,,,,,,,,
630,Sero-178-07,,2021-03-29,31,Sero-178,7,,,,,,,,,35,No,2021-09-03,follow-up,Negative,,,,ND,,,,,,0,,,,,,,,,158,,,,,,,,,yes,,,,,,,,,,,,,
631,Sero-178-08,,2021-03-29,31,Sero-178,8,,,,,,,,,36,No,2021-10-04,follow-up,Negative,,,,Negative,,neg,Negative,,,0,,,,,,,,,189,,,,,,,,,yes,0,,,,,,,,,,,,
632,Sero-178-09,,2021-03-29,30,Sero-178,9,,,,,,,,,37,No,2021-11-03,follow-up,Negative,,,,ND,,,,,,0,,,,,,,,,219,,,,,,,,,yes,,,,,,,,,,,,,
633,Sero-178-10,,2021-03-29,30,Sero-178,10,,,,,,,,,37,No,2021-12-03,follow-up,Negative,,,,ND,,,,,,0,,,,,,,,,249,,,,,,,,,yes,,,,,,,,,,,,,
634,Sero-178-11,,2021-03-29,29,Sero-178,11,,,,,,,,,37,No,2022-01-01,follow-up,Negative,,,,Negative,,neg,Negative,,,0,,,,,,,,,278,,,,,,,,,yes,0,,,,,,,,,,,,
635,Sero-178-12,,2021-03-29,31,Sero-178,12,,,,,,,,,37,No,2022-02-01,follow-up,Negative,,,,ND,,,,,,0,,,,,,,,,309,,,,,,,,,yes,,,,,,,,,,,,,
636,Sero-178-13,,2021-03-29,27,Sero-178,13,,,,,,,,,36,No,2022-02-28,follow-up,Negative,,,,ND,,,,,,0,,,,,,,,,336,,,,,,,,,yes,,,,,,,,,,,,,
637,Sero-178-14,,2021-03-29,28,Sero-178,14,,,,,,,,,35,No,2022-03-28,follow-up,Negative,,,,Negative,,neg,Negative,,,0,,,,,,,,,364,0,364,0,,,,,,yes,0,,,,,,,,,,,,
638,Sero-179-01,asym,2021-03-29,0,Sero-179,1,14,9,Male,37,Yes,1,Yes,Yes,,,2021-03-29,recruitment,Positive,Pv,2242,0,Mic+/PCR+,symptomatic,pv,Recruitment,Recruitment,,1,0,,,0,0,1,1,0,0,,,,,0,1,< 15 years,CQ; 3days + PQ; 14 days,yes,2800000,136063,30,0,0,non-infectious,0,,,,,,
639,Sero-179-03,asym,2021-03-29,24,Sero-179,3,,,,,,,,,36,No,2021-04-29,follow-up,Negative,,,,PCR+,submicroscopic,pv,Asym_persisting,persisting,,1,,,,,,,,,31,,,,,,0,,,yes,76,0,,,,,,,,,,,
640,Sero-179-04,asym,2021-03-29,30,Sero-179,4,,,,,,,,,36,Yes,2021-05-29,recurrence,Positive,Pv,77,0,Mic+/PCR+,symptomatic,pv,Symp_persisting,persisting,,1,,,,,,,,,61,,,,,,1,,CQ; 3days + PQ; 14 days,yes,1931,176,34,0,0,non-infectious,0,Sero-179-R01,Sero-179-R04,0,0.99368298,0.006317005,relapse
641,Sero-179-05,asym,2021-03-29,31,Sero-179,5,,,,,,,,,35,No,2021-06-29,follow-up,Negative,,,,Negative,,neg,Negative,,,1,,,,,,,,,92,,,,,,,,,yes,0,,,,,,,,,,,,
642,Sero-179-06,asym,2021-03-29,30,Sero-179,6,,,,,,,,,37,No,2021-07-29,follow-up,Negative,,,,Negative,,neg,Negative,,,1,,,,,,,,,122,,,,,,,,,yes,0,,,,,,,,,,,,
643,Sero-179-07,asym,2021-03-29,32,Sero-179,7,,,,,,,,,36,No,2021-08-30,follow-up,Negative,,,,Negative,,neg,Negative,,,1,,,,,,,,,154,,,,,,,,,yes,0,,,,,,,,,,,,
644,Sero-179-08,asym,2021-03-29,31,Sero-179,8,,,,,,,,,36,No,2021-09-30,follow-up,Negative,,,,PCR+,submicroscopic,pv,asymptomatic,recurrence,1,1,,,1,,,,,,185,0,185,185,1,,1,,,yes,234,97,,,,,,,,,,,
645,Sero-179-09,asym,2021-03-29,30,Sero-179,9,,,,,,,,,36,No,2021-10-30,follow-up,Negative,,,,Negative,,neg,Negative,,,1,,,,,,,,,215,,,,,,,,,yes,0,,,,,,,,,,,,
646,Sero-179-10,asym,2021-03-29,32,Sero-179,10,,,,,,,,,37,No,2021-12-01,follow-up,Negative,,,,Negative,,neg,Negative,,,1,,,,,,,,,247,,,,,,,,,yes,0,,,,,,,,,,,,
647,Sero-179-11,asym,2021-03-29,30,Sero-179,11,,,,,,,,,36,No,2021-12-31,follow-up,Negative,,,,Negative,,neg,Negative,,,1,,,,,,,,,277,,,,,,,,,yes,0,,,,,,,,,,,,
648,Sero-179-12,asym,2021-03-29,28,Sero-179,12,,,,,,,,,35,No,2022-01-28,follow-up,Negative,,,,Negative,,neg,Negative,,,1,,,,,,,,,305,,,,,,,,,yes,0,,,,,,,,,,,,
649,Sero-179-13,asym,2021-03-29,31,Sero-179,13,,,,,,,,,36,No,2022-02-28,follow-up,Negative,,,,Negative,,neg,Negative,,,1,,,,,,,,,336,,,,,,,,,yes,0,,,,,,,,,,,,
650,Sero-179-14,asym,2021-03-29,28,Sero-179,14,,,,,,,,,36,No,2022-03-28,follow-up,Negative,,,,Negative,,neg,Negative,,,1,,,,,,,,,364,185,364,179,0,,,,,yes,0,,,,,,,,,,,,
651,Sero-180-01,,2021-03-30,0,Sero-180,1,14,16,Male,37,No,,No,Yes,,,2021-03-30,recruitment,Positive,Pv,4544,235,Mic+/PCR+,symptomatic,pv,Recruitment,Recruitment,,0,0,,,1,0,0,0,0,0,,,,,0,1,above 15 years,CQ; 3days + PQ; 14 days,yes,113492,39978,30,15,50,infectious,14,,,,,,
652,Sero-180-03,,2021-03-30,23,Sero-180,3,,,,,,,,,36,No,2021-04-29,follow-up,Negative,,,,ND,,,,,,0,,,,,,,,,30,,,,,,,,,yes,,,,,,,,,,,,,
653,Sero-180-04,,2021-03-30,30,Sero-180,4,,,,,,,,,36,No,2021-05-29,follow-up,Negative,,,,ND,,,,,,0,,,,,,,,,60,,,,,,,,,yes,,,,,,,,,,,,,
654,Sero-180-05,,2021-03-30,31,Sero-180,5,,,,,,,,,35,No,2021-06-29,follow-up,Negative,,,,Negative,,neg,Negative,,,0,,,,,,,,,91,,,,,,,,,yes,0,,,,,,,,,,,,
655,Sero-180-06,,2021-03-30,30,Sero-180,6,,,,,,,,,36,No,2021-07-29,follow-up,Negative,,,,ND,,,,,,0,,,,,,,,,121,,,,,,,,,yes,,,,,,,,,,,,,
656,Sero-180-07,,2021-03-30,30,Sero-180,7,,,,,,,,,35,No,2021-08-28,follow-up,Negative,,,,ND,,,,,,0,,,,,,,,,151,,,,,,,,,yes,,,,,,,,,,,,,
657,Sero-180-08,,2021-03-30,31,Sero-180,8,,,,,,,,,34,No,2021-09-28,follow-up,Negative,,,,Negative,,neg,Negative,,,0,,,,,,,,,182,,,,,,,,,yes,0,,,,,,,,,,,,
658,Sero-180-09,,2021-03-30,30,Sero-180,9,,,,,,,,,37,No,2021-10-28,follow-up,Negative,,,,ND,,,,,,0,,,,,,,,,212,,,,,,,,,yes,,,,,,,,,,,,,
659,Sero-180-10,,2021-03-30,32,Sero-180,10,,,,,,,,,36,No,2021-11-29,follow-up,Negative,,,,ND,,,,,,0,,,,,,,,,244,,,,,,,,,yes,,,,,,,,,,,,,
660,Sero-180-11,,2021-03-30,30,Sero-180,11,,,,,,,,,36,No,2021-12-29,follow-up,Negative,,,,Negative,,neg,Negative,,,0,,,,,,,,,274,,,,,,,,,yes,0,,,,,,,,,,,,
661,Sero-180-12,,2021-03-30,30,Sero-180,12,,,,,,,,,36,No,2022-01-28,follow-up,Negative,,,,ND,,,,,,0,,,,,,,,,304,,,,,,,,,yes,,,,,,,,,,,,,
662,Sero-180-13,,2021-03-30,29,Sero-180,13,,,,,,,,,36,No,2022-02-26,follow-up,Negative,,,,ND,,,,,,0,,,,,,,,,333,,,,,,,,,yes,,,,,,,,,,,,,
663,Sero-180-14,,2021-04-01,30,Sero-180,14,,,,,,,,,37,No,2022-03-28,follow-up,Negative,,,,Negative,,neg,Negative,,,0,,,,,,,,,363,0,363,363,0,,,,,yes,0,,,,,,,,,,,,
664,Sero-181-01,sym,2021-04-01,0,Sero-181,1,9,14,Male,37,Yes,1,Yes,Yes,,,2021-04-01,recruitment,Positive,Pv,520,0,Mic+/PCR+,symptomatic,pv,Recruitment,Recruitment,,2,2,,,0,1,0,0,0,0,,,,,0,1,< 15 years,CQ; 3days + PQ; 14 days,yes,514,2300,32,0,0,non-infectious,0,,,,,,
665,Sero-181-03,sym,2021-04-01,21,Sero-181,3,,,,,,,,,37,No,2021-04-29,follow-up,Negative,,,,Negative,,neg,Negative,,,2,,,,,,,,,28,,,,,,,,,yes,0,,,,,,,,,,,,
666,Sero-181-04,sym,2021-04-01,30,Sero-181,4,,,,,,,,,36,No,2021-05-29,follow-up,Negative,,,,Negative,,neg,Negative,,,2,,,,,,,,,58,,,,,,,,,yes,0,,,,,,,,,,,,
667,Sero-181-05,sym,2021-04-01,31,Sero-181,5,,,,,,,,,36,No,2021-06-29,follow-up,Negative,,,,Pf,Pf,pf,new infection,Pf,,2,,,,,,,,,89,,,,,,,,,yes,0,,,,,,,,,,,,
668,Sero-181-06,sym,2021-04-01,4,Sero-181,6,,,,,,,,,36,Yes,2021-07-03,recurrence,Positive,Pv,2029,0,Mic+/PCR+,symptomatic,pv,symptomatic,recurrence,1,2,,1,,,,,,,93,0,93,93,1,,1,,CQ; 3days,yes,194189,700,31,9,29,infectious,4,Sero-181-R01,Sero-181-R06,0,0.22692534,0.77307469,reinfection
669,Sero-181-07,sym,2021-04-01,30,Sero-181,7,,,,,,,,,35,Yes,2021-08-02,follow-up,Negative,,,,Negative,,neg,Negative,,,2,,,,,,,,,123,,,,,,,,,yes,0,,,,,,,,,,,,
670,Sero-181-08,sym,2021-04-01,19,Sero-181,8,,,,,,,,,39,Yes,2021-08-21,recurrence,Positive,Pv,2297,235,Mic+/PCR+,symptomatic,pv,symptomatic,recurrence,2,2,,2,,,,,,,142,93,142,49,1,,1,,CQ; 3days + PQ; 14 days,yes,705346,7,30,19,63,infectious,6,Sero-181-R06,Sero-181-R08,0,0.040880542,0.95911944,reinfection
671,Sero-181-09,sym,2021-04-01,31,Sero-181,9,,,,,,,,,37,No,2021-09-21,follow-up,Negative,,,,Negative,,neg,Negative,,,2,,,,,,,,,173,142,173,31,0,,,,,yes,0,,,,,,,,,,,,
672,Sero-182-01,sym,2021-04-01,0,Sero-182,1,12,15,Male,38,Yes,2,No,Yes,,,2021-04-01,recruitment,Positive,Pv,2560,6266,Mic+/PCR+,symptomatic,pv,Recruitment,Recruitment,,2,2,,,0,1,0,0,0,0,,,,,1,1,< 15 years,CQ; 3days + PQ; 14 days,yes,995629,17383,28,0,0,non-infectious,0,,,,,,
673,Sero-182-03,sym,2021-04-01,21,Sero-182,3,,,,,,,,,35,No,2021-04-29,follow-up,Negative,,,,Negative,,neg,Negative,,,2,,,,,,,,,28,,,,,,,,,yes,0,,,,,,,,,,,,
674,Sero-182-04,sym,2021-04-01,34,Sero-182,4,,,,,,,,,36,No,2021-06-02,follow-up,Negative,,,,Negative,,neg,Negative,,,2,,,,,,,,,62,,,,,,,,,yes,0,,,,,,,,,,,,
675,Sero-182-05,sym,2021-04-01,31,Sero-182,5,,,,,,,,,36,No,2021-07-03,follow-up,Negative,,,,Negative,,pf,Negative,,,2,,,,,,,,,93,,,,,,,,,yes,0,,,,,,,,,,,,
676,Sero-182-06,sym,2021-04-01,7,Sero-182,6,,,,,,,,,36,Yes,2021-07-10,recurrence,Positive,Pv,6407,56,Mic+/PCR+,symptomatic,pv,symptomatic,recurrence,1,2,,1,,,,,,,100,0,100,100,1,,1,,CQ; 3days + PQ; 14 days,yes,710527,6434,36,16,44,infectious,5,Sero-182-R01,Sero-182-R06,0,0.82339412,0.17660587,relapse
677,Sero-182-07,sym,2021-04-01,31,Sero-182,7,,,,,,,,,35,No,2021-08-10,follow-up,Negative,,,,Negative,,neg,Negative,,,2,,,,,,,,,131,,,,,,,,,yes,0,,,,,,,,,,,,
678,Sero-182-08,sym,2021-04-01,30,Sero-182,8,,,,,,,,,36,No,2021-09-09,follow-up,Negative,,,,Negative,,neg,Negative,,,2,,,,,,,,,161,,,,,,,,,yes,0,,,,,,,,,,,,
679,Sero-182-09,sym,2021-04-01,30,Sero-182,9,,,,,,,,,35,No,2021-10-09,follow-up,Negative,,,,Negative,,neg,Negative,,,2,,,,,,,,,191,,,,,,,,,yes,0,,,,,,,,,,,,
680,Sero-182-10,sym,2021-04-01,30,Sero-182,10,,,,,,,,,37,No,2021-11-08,follow-up,Negative,,,,Negative,,neg,Negative,,,2,,,,,,,,,221,,,,,,,,,yes,0,,,,,,,,,,,,
681,Sero-182-11,sym,2021-04-01,30,Sero-182,11,,,,,,,,,37,No,2021-12-08,follow-up,Negative,,,,Negative,,neg,Negative,,,2,,,,,,,,,251,,,,,,0,,,yes,4,0,,,,,,,,,,,
682,Sero-182-12,sym,2021-04-01,6,Sero-182,12,,,,,,,,,36,Yes,2021-12-14,recurrence,Positive,Pv,16756,215,Mic+/PCR+,symptomatic,mixed,symptomatic,recurrence,2,2,,2,,,,,,,257,100,257,157,1,,1,,,yes,67646,11343,30,1,3,infectious,2,Sero-182-R06,Sero-182-R12,0,0.063995555,0.93600446,reinfection
683,Sero-183-01,sym,2021-04-05,0,Sero-183,1,15,12,Female,35,No,,No,Yes,,,2021-04-05,recruitment,Positive,Pv,776,22,Mic+/PCR+,symptomatic,pv,Recruitment,Recruitment,,1,1,,,0,1,0,0,0,0,,,,,0,0,< 15 years,CQ; 3days + PQ; 14 days,yes,3464,5,31,2,7,infectious,1,,,,,,
684,Sero-183-03,sym,2021-04-05,23,Sero-183,3,,,,,,,,,36,No,2021-05-05,follow-up,Negative,,,,Negative,,neg,Negative,,,1,,,,,,,,,30,,,,,,,,,yes,0,,,,,,,,,,,,
685,Sero-183-04,sym,2021-04-05,31,Sero-183,4,,,,,,,,,36,No,2021-06-05,follow-up,Negative,,,,Negative,,neg,Negative,,,1,,,,,,,,,61,,,,,,,,,yes,0,,,,,,,,,,,,
686,Sero-183-05,sym,2021-04-05,28,Sero-183,5,,,,,,,,,36,No,2021-07-03,follow-up,Negative,,,,Negative,,neg,Negative,,,1,,,,,,,,,89,,,,,,,,,yes,0,,,,,,,,,,,,
687,Sero-183-06,sym,2021-04-05,24,Sero-183,6,,,,,,,,,36,No,2021-07-27,follow-up,Negative,,,,Negative,,neg,Negative,,,1,,,,,,,,,113,,,,,,,,,yes,0,,,,,,,,,,,,
688,Sero-183-07,sym,2021-04-05,31,Sero-183,7,,,,,,,,,36,No,2021-08-27,follow-up,Negative,,,,Negative,,neg,Negative,,,1,,,,,,,,,144,,,,,,,,,yes,0,,,,,,,,,,,,
689,Sero-183-08,sym,2021-04-05,29,Sero-183,8,,,,,,,,,35,No,2021-09-25,follow-up,Negative,,,,Negative,,neg,Negative,,,1,,,,,,,,,173,,,,,,,,,yes,0,,,,,,,,,,,,
690,Sero-183-09,sym,2021-04-05,32,Sero-183,9,,,,,,,,,36,No,2021-10-27,follow-up,Negative,,,,Negative,,neg,Negative,,,1,,,,,,,,,205,,,,,,,,,yes,0,,,,,,,,,,,,
691,Sero-183-10,sym,2021-04-05,12,Sero-183,10,,,,,,,,,37,Yes,2021-11-08,recurrence,Positive,Pv,198,74,Mic+/PCR+,symptomatic,pv,symptomatic,recurrence,1,1,,1,,,,,,,217,0,217,217,1,,1,,CQ; 3days + PQ; 14 days,yes,6007,571,31,24,77,infectious,85,Sero-183-R01,Sero-183-R10,0,0.14347021,0.85652977,reinfection
692,Sero-183-11,sym,2021-04-05,30,Sero-183,11,,,,,,,,,36,No,2021-12-08,follow-up,Negative,,,,Negative,,neg,Negative,,,1,,,,,,,,,247,,,,,,,,,yes,0,,,,,,,,,,,,
693,Sero-183-12,sym,2021-04-05,33,Sero-183,12,,,,,,,,,35,No,2022-01-10,follow-up,Negative,,,,Negative,,neg,Negative,,,1,,,,,,,,,280,,,,,,,,,yes,0,,,,,,,,,,,,
694,Sero-183-13,sym,2021-04-05,24,Sero-183,13,,,,,,,,,36,No,2022-02-03,follow-up,Negative,,,,Negative,,neg,Negative,,,1,,,,,,,,,304,,,,,,,,,yes,0,,,,,,,,,,,,
695,Sero-183-14,sym,2021-04-05,28,Sero-183,14,,,,,,,,,36,No,2022-03-03,follow-up,Negative,,,,Negative,,neg,Negative,,,1,,,,,,,,,332,,,,,,,,,yes,0,,,,,,,,,,,,
696,Sero-183-15,sym,2021-04-05,30,Sero-183,15,,,,,,,,,36,No,2022-04-02,follow-up,Negative,,,,ND,,,,,,1,,,,,,,,,362,,,,,,,,,yes,,,,,,,,,,,,,
697,Sero-184-01,,2021-04-05,0,Sero-184,1,1,25,Male,37,No,,No,Yes,,,2021-04-05,recruitment,Positive,Pv,936,,Mic+/PCR+,symptomatic,pv,Recruitment,Recruitment,,0,0,,,1,0,0,0,0,0,,,,,0,1,above 15 years,CQ; 3days + PQ; 14 days,yes,26867,9589,31,13,42,infectious,7,,,,,,
698,Sero-185-01,sym,2021-04-06,0,Sero-185,1,16,12,Male,40,Yes,2,Yes,Yes,,,2021-04-06,recruitment,Positive,Pv,41980,1525,Mic+/PCR+,symptomatic,pv,Recruitment,Recruitment,,3,3,,,0,1,0,0,1,0,,,,,1,1,< 15 years,CQ; 3days + PQ; 14 days,yes,1900000,32635,31,3,10,infectious,3,,,,,,
699,Sero-185-03,sym,2021-04-06,23,Sero-185,3,,,,,,,,,36,No,2021-05-06,follow-up,Negative,,,,Negative,,neg,Negative,,,3,,,,,,,,,30,,,,,,,,,yes,0,,,,,,,,,,,,
700,Sero-185-04,sym,2021-04-06,11,Sero-185,4,,,,,,,,,38,Yes,2021-05-17,recurrence,Positive,Pv,1126,352,Mic+/PCR+,symptomatic,pv,symptomatic,recurrence,1,3,,1,,,,,,,41,0,41,41,1,,1,,CQ; 3days + PQ; 14 days,yes,556770,9,31,13,42,infectious,2,Sero-185-R01,Sero-185-R04,0,0.99936843,0.000631549,relapse
701,Sero-185-05,sym,2021-04-06,31,Sero-185,5,,,,,,,,,37,No,2021-06-17,follow-up,Negative,,,,Negative,,neg,Negative,,,3,,,,,,,,,72,,,,,,,,,yes,0,,,,,,,,,,,,
702,Sero-185-06,sym,2021-04-06,30,Sero-185,6,,,,,,,,,35,No,2021-07-17,follow-up,Positive,mixed,369,,Mic+/PCR+,asymptomatic ,pv,Asym_persisting,persisting,,3,,,,,,,,,102,,,,,,1,,,yes,393,4897,,,,,,,,,,,
703,Sero-185-07,sym,2021-04-06,32,Sero-185,7,,,,,,,,,36,No,2021-08-18,follow-up,Negative,,,,Negative,,neg,Negative,,,3,,,,,,,,,134,,,,,,,,,yes,0,,,,,,,,,,,,
704,Sero-185-08,sym,2021-04-06,31,Sero-185,8,,,,,,,,,35,No,2021-09-18,follow-up,Positive,Pv,1267,,Mic+/PCR+,asymptomatic ,pv,Asym_persisting,persisting,,3,,,,,,,,,165,,,,,,1,,,yes,35889,362,,,,,,,,,,,
705,Sero-185-09,sym,2021-04-06,31,Sero-185,9,,,,,,,,,37,No,2021-10-19,follow-up,Negative,,,,PCR+,submicroscopic,pv,Asym_persisting,persisting,,3,,,,,,,,,196,,,,,,1,,,yes,11,10,,,,,,,,,,,
706,Sero-185-10,sym,2021-04-06,29,Sero-185,10,,,,,,,,,36,No,2021-11-17,follow-up,Negative,,,,PCR+,submicroscopic,pv,Asym_persisting,persisting,,3,,,,,,,,,225,,,,,,1,,,yes,30,18,,,,,,,,,,,
707,Sero-185-11,sym,2021-04-06,31,Sero-185,11,,,,,,,,,36,No,2021-12-18,follow-up,Negative,,,,Negative,,neg,Negative,,,3,,,,,,,,,256,,,,,,0,,,yes,7,0,,,,,,,,,,,
708,Sero-185-12,sym,2021-04-06,24,Sero-185,12,,,,,,,,,36,Yes,2022-01-11,recurrence,Positive,Pv,31950,4545,Mic+/PCR+,symptomatic,pv,symptomatic,recurrence,2,3,,2,,,,,,,280,41,280,239,1,,1,,CQ; 3days + PQ; 14 days,yes,285500,36501,32,22,69,infectious,53,Sero-185-R04,Sero-185-R12,0,0.046749189,0.95325083,reinfection
709,Sero-185-13,sym,2021-04-06,28,Sero-185,13,,,,,,,,,35,No,2022-02-08,follow-up,Negative,,,,Negative,,neg,Negative,,,3,,,,,,,,,308,,,,,,,,,yes,0,,,,,,,,,,,,
710,Sero-185-14,sym,2021-04-06,29,Sero-185,14,,,,,,,,,36,No,2022-03-09,follow-up,Negative,,,,Negative,,neg,Negative,,,3,,,,,,,,,337,,,,,,,,,yes,0,,,,,,,,,,,,
711,Sero-185-15,sym,2021-04-06,12,Sero-185,15,,,,,,,,,37,Yes,2022-03-21,recurrence,Positive,Pv,19980,275,Mic+/PCR+,symptomatic,pv,symptomatic,recurrence,3,3,,3,,,,,,,349,280,349,69,1,,1,,CQ; 3days + PQ; 14 days,yes,85658,766476,30,6,20,infectious,19,Sero-185-R12,Sero-185-R15,0,0.99999988,1.41E-07,relapse
712,Sero-186-01,per,2021-04-07,0,Sero-186,1,1,16,Male,39,Yes,4,Yes,Yes,,,2021-04-07,recruitment,Positive,Pv,15080,415,Mic+/PCR+,symptomatic,pv,Recruitment,Recruitment,,0,0,,,1,0,0,0,1,0,,,,,1,1,above 15 years,CQ; 3days + PQ; 14 days,yes,542758,25014,30,15,50,infectious,6,,,,,,
713,Sero-186-03,per,2021-04-07,23,Sero-186,3,,,,,,,,,36,No,2021-05-07,follow-up,Negative,,,,Negative,,neg,Negative,,,0,,,,,,,,,30,,,,,,,,,yes,0,,,,,,,,,,,,
714,Sero-186-04,per,2021-04-07,31,Sero-186,4,,,,,,,,,36,No,2021-06-07,follow-up,Negative,,,,PCR+,submicroscopic,pv,Asym_persisting,persisting,,0,,,,,,,,,61,,,,,,0,,,yes,5,0,,,,,,,,,,,
715,Sero-186-05,per,2021-04-07,30,Sero-186,5,,,,,,,,,36,No,2021-07-07,follow-up,Positive,Pv,754,0,Pf,Pf,pf,new infection,Pf,,0,,,,,,,,,91,,,,,,,,,yes,0,,,,,,,,,,,,
716,Sero-186-06,per,2021-04-07,30,Sero-186,6,,,,,,,,,36,No,2021-08-06,follow-up,Negative,,,,PCR+,submicroscopic,pv,Asym_persisting,persisting,,0,,,,,,,,,121,,,,,,1,,,yes,116,79,,,,,,,,,,,
717,Sero-186-07,per,2021-04-07,34,Sero-186,7,,,,,,,,,36,No,2021-09-09,follow-up,Negative,,,,PCR+,submicroscopic,pv,Asym_persisting,persisting,,0,,,,,,,,,155,,,,,,1,,,yes,29,613,,,,,,,,,,,
718,Sero-187-01,,2021-04-09,0,Sero-187,1,14,17,Female,39,No,,No,Yes,,,2021-04-09,recruitment,Positive,Pv,396,321,Mic+/PCR+,symptomatic,pv,Recruitment,Recruitment,,0,0,,,1,0,0,0,0,0,,,,,1,1,above 15 years,CQ; 3days + PQ; 14 days,yes,32363,834,34,14,41,infectious,2,,,,,,
719,Sero-187-03,,2021-04-09,24,Sero-187,3,,,,,,,,,37,No,2021-05-10,follow-up,Negative,,,,ND,,,,,,0,,,,,,,,,31,,,,,,,,,yes,,,,,,,,,,,,,
720,Sero-187-04,,2021-04-09,31,Sero-187,4,,,,,,,,,37,No,2021-06-10,follow-up,Negative,,,,ND,,,,,,0,,,,,,,,,62,,,,,,,,,yes,,,,,,,,,,,,,
721,Sero-187-05,,2021-04-09,30,Sero-187,5,,,,,,,,,37,No,2021-07-10,follow-up,Negative,,,,Negative,,neg,Negative,,,0,,,,,,,,,92,,,,,,,,,yes,0,,,,,,,,,,,,
722,Sero-187-06,,2021-04-09,31,Sero-187,6,,,,,,,,,37,No,2021-08-10,follow-up,Negative,,,,ND,,,,,,0,,,,,,,,,123,,,,,,,,,yes,,,,,,,,,,,,,
723,Sero-187-07,,2021-04-09,29,Sero-187,7,,,,,,,,,35,No,2021-09-08,follow-up,Negative,,,,ND,,,,,,0,,,,,,,,,152,,,,,,,,,yes,,,,,,,,,,,,,
724,Sero-187-08,,2021-04-09,45,Sero-187,8,,,,,,,,,37,No,2021-10-23,follow-up,Negative,,,,Negative,,neg,Negative,,,0,,,,,,,,,197,,,,,,,,,yes,0,,,,,,,,,,,,
725,Sero-187-09,,2021-04-09,28,Sero-187,9,,,,,,,,,35,No,2021-11-20,follow-up,Negative,,,,ND,,,,,,0,,,,,,,,,225,,,,,,,,,yes,,,,,,,,,,,,,
726,Sero-187-10,,2021-04-09,30,Sero-187,10,,,,,,,,,36,No,2021-12-20,follow-up,Negative,,,,ND,,,,,,0,,,,,,,,,255,,,,,,,,,yes,,,,,,,,,,,,,
727,Sero-187-11,,2021-04-09,36,Sero-187,11,,,,,,,,,37,No,2022-01-25,follow-up,Negative,,,,Negative,,neg,Negative,,,0,,,,,,,,,291,,,,,,,,,yes,0,,,,,,,,,,,,
728,Sero-187-12,,2021-04-09,29,Sero-187,12,,,,,,,,,36,No,2022-02-23,follow-up,Negative,,,,ND,,,,,,0,,,,,,,,,320,,,,,,,,,yes,,,,,,,,,,,,,
729,Sero-187-13,,2021-04-09,31,Sero-187,13,,,,,,,,,36,No,2022-03-26,follow-up,Negative,,,,ND,,,,,,0,,,,,,,,,351,,,,,,,,,yes,,,,,,,,,,,,,
730,Sero-188-01,,2021-04-14,0,Sero-188,1,14,7,Male,38,No,,No,Yes,,,2021-04-14,recruitment,Positive,Pv,13358,0,Mic+/PCR+,symptomatic,pv,Recruitment,Recruitment,,0,0,,,1,0,0,0,0,0,,,,,1,1,< 15 years,CQ; 3days + PQ; 14 days,yes,735094,965612,33,0,0,non-infectious,0,,,,,,
731,Sero-188-03,,2021-04-14,21,Sero-188,3,,,,,,,,,36,Yes,2021-05-12,follow-up,Negative,,,,ND,,,,,,0,,,,,,,,,28,,,,,,,,,yes,,,,,,,,,,,,,
732,Sero-188-04,,2021-04-14,31,Sero-188,4,,,,,,,,,39,No,2021-06-12,follow-up,Positive,Pv,13532,0,Mic+/PCR+,symptomatic,,,,,0,,,,,,,,,59,,,,,,,,,yes,,,,,,,,,,,,,
733,Sero-188-05,,2021-04-14,30,Sero-188,5,,,,,,,,,36,No,2021-07-12,follow-up,Negative,,,,Negative,,neg,Negative,,,0,,,,,,,,,89,,,,,,,,,yes,0,,,,,,,,,,,,
734,Sero-188-06,,2021-04-14,29,Sero-188,6,,,,,,,,,35,No,2021-08-10,follow-up,Negative,,,,ND,,,,,,0,,,,,,,,,118,,,,,,,,,yes,,,,,,,,,,,,,
735,Sero-188-07,,2021-04-14,29,Sero-188,7,,,,,,,,,36,No,2021-09-08,follow-up,Negative,,,,ND,,,,,,0,,,,,,,,,147,,,,,,,,,yes,,,,,,,,,,,,,
736,Sero-188-08,,2021-04-14,31,Sero-188,8,,,,,,,,,35,No,2021-10-09,follow-up,Negative,,,,Negative,,neg,Negative,,,0,,,,,,,,,178,,,,,,,,,yes,0,,,,,,,,,,,,
737,Sero-188-09,,2021-04-14,31,Sero-188,9,,,,,,,,,36,No,2021-11-09,follow-up,Negative,,,,ND,,,,,,0,,,,,,,,,209,,,,,,,,,yes,,,,,,,,,,,,,
738,Sero-188-10,,2021-04-14,31,Sero-188,10,,,,,,,,,36,No,2021-12-10,follow-up,Negative,,,,ND,,,,,,0,,,,,,,,,240,,,,,,,,,yes,,,,,,,,,,,,,
739,Sero-188-11,,2021-04-14,29,Sero-188,11,,,,,,,,,35,No,2022-01-08,follow-up,Negative,,,,Negative,,neg,Negative,,,0,,,,,,,,,269,,,,,,,,,yes,0,,,,,,,,,,,,
740,Sero-188-12,,2021-04-14,31,Sero-188,12,,,,,,,,,35,No,2022-02-08,follow-up,Negative,,,,ND,,,,,,0,,,,,,,,,300,,,,,,,,,yes,,,,,,,,,,,,,
741,Sero-188-13,,2021-04-14,28,Sero-188,13,,,,,,,,,36,No,2022-03-08,follow-up,Negative,,,,ND,,,,,,0,,,,,,,,,328,,,,,,,,,yes,,,,,,,,,,,,,
742,Sero-188-14,,2021-04-14,31,Sero-188,14,,,,,,,,,36,No,2022-04-08,follow-up,Negative,,,,Negative,,neg,Negative,,,0,,,,,,,,,359,0,359,359,0,,,,,yes,0,,,,,,,,,,,,
743,Sero-189-01,sym,2021-04-16,0,Sero-189,1,7,25,Female,36,Yes,2,No,Yes,,,2021-04-16,recruitment,Positive,Pv,3200,545,Mic+/PCR+,symptomatic,pv,Recruitment,Recruitment,,1,1,,,0,1,0,0,1,0,,,,,0,1,above 15 years,CQ; 3days + PQ; 14 days,yes,175140,27396,31,10,32,infectious,29,,,,,,
744,Sero-189-03,sym,2021-04-16,23,Sero-189,3,,,,,,,,,36,No,2021-05-16,follow-up,Negative,,,,Negative,,neg,Negative,,,1,,,,,,,,,30,,,,,,,,,yes,0,,,,,,,,,,,,
745,Sero-189-04,sym,2021-04-16,27,Sero-189,4,,,,,,,,,36,Yes,2021-06-12,recurrence,Positive,Pv,2200,362,Mic+/PCR+,symptomatic,pv,symptomatic,recurrence,1,1,,1,,,,,,,57,0,57,57,1,,1,,CQ; 3days + PQ; 14 days,yes,164010,24494,32,30,94,infectious,41,,,,,,
746,Sero-189-05,sym,2021-04-16,30,Sero-189,5,,,,,,,,,35,No,2021-07-12,follow-up,Negative,,,,PCR+,submicroscopic,pv,Asym_persisting,persisting,,1,,,,,,,,,87,,,,,,0,,,yes,7556,0,,,,,,,,,,,
747,Sero-189-06,sym,2021-04-16,44,Sero-189,6,,,,,,,,,36,No,2021-08-25,follow-up,Positive,Pv,893,,Mic+/PCR+,asymptomatic ,pv,Asym_persisting,persisting,,1,,,,,,,,,131,,,,,,1,,,yes,300,3625,,,,,,,,,,,
748,Sero-189-07,sym,2021-04-16,31,Sero-189,7,,,,,,,,,35,No,2021-09-25,follow-up,Negative,,,,PCR+,submicroscopic,pv,Asym_persisting,persisting,,1,,,,,,,,,162,,,,,,1,,,yes,73,1314,,,,,,,,,,,
749,Sero-190-01,per,2021-04-16,0,Sero-190,1,14,15,Male,38,Yes,1,No,Yes,,,2021-04-16,recruitment,Positive,Pv,5782,0,Mic+/PCR+,symptomatic,pv,Recruitment,Recruitment,,0,0,,,1,0,0,0,1,0,,,,,1,1,< 15 years,CQ; 3days + PQ; 14 days,yes,314832,1126,34,8,24,infectious,6,,,,,,
750,Sero-190-03,per,2021-04-16,24,Sero-190,3,,,,,,,,,34,No,2021-05-17,follow-up,Negative,,,,PCR+,submicroscopic,pv,Asym_persisting,persisting,,0,,,,,,,,,31,,,,,,0,,,yes,6,0,,,,,,,,,,,
751,Sero-190-04,per,2021-04-16,30,Sero-190,4,,,,,,,,,36,No,2021-06-16,follow-up,Negative,,,,PCR+,submicroscopic,pv,Asym_persisting,persisting,,0,,,,,,,,,61,,,,,,1,,,yes,126,919,,,,,,,,,,,
752,Sero-190-05,per,2021-04-16,30,Sero-190,5,,,,,,,,,36,No,2021-07-16,follow-up,Negative,,,,PCR+,submicroscopic,pv,Asym_persisting,persisting,,0,,,,,,,,,91,,,,,,1,,,yes,82,117,,,,,,,,,,,
753,Sero-190-06,per,2021-04-16,31,Sero-190,6,,,,,,,,,35,No,2021-08-16,follow-up,Negative,,,,PCR+,submicroscopic,pv,Asym_persisting,persisting,,0,,,,,,,,,122,,,,,,1,,,yes,15,391,,,,,,,,,,,
754,Sero-190-07,per,2021-04-16,31,Sero-190,7,,,,,,,,,35,No,2021-09-16,follow-up,Negative,,,,PCR+,submicroscopic,pv,Asym_persisting,persisting,,0,,,,,,,,,153,,,,,,1,,,yes,130,254,,,,,,,,,,,
755,Sero-190-08,per,2021-04-16,30,Sero-190,8,,,,,,,,,34,No,2021-10-16,follow-up,Negative,,,,PCR+,submicroscopic,pv,Asym_persisting,persisting,,0,,,,,,,,,183,,,,,,1,,,yes,120,355,,,,,,,,,,,
756,Sero-190-09,per,2021-04-16,30,Sero-190,9,,,,,,,,,36,No,2021-11-15,follow-up,Negative,,,,PCR+,submicroscopic,pv,Asym_persisting,persisting,,0,,,,,,,,,213,,,,,,1,,,yes,44,6,,,,,,,,,,,
757,Sero-190-10,per,2021-04-16,30,Sero-190,10,,,,,,,,,36,No,2021-12-15,follow-up,Negative,,,,PCR+,submicroscopic,pv,Asym_persisting,persisting,,0,,,,,,,,,243,,,,,,1,,,yes,24,9,,,,,,,,,,,
758,Sero-190-11,per,2021-04-16,49,Sero-190,11,,,,,,,,,36,No,2022-02-02,follow-up,Negative,,,,PCR+,submicroscopic,pv,Asym_persisting,persisting,,0,,,,,,,,,292,,,,,,0,,,yes,11,0,,,,,,,,,,,
759,Sero-190-12,per,2021-04-16,29,Sero-190,12,,,,,,,,,36,No,2022-03-03,follow-up,Negative,,,,PCR+,submicroscopic,pv,Asym_persisting,persisting,,0,,,,,,,,,321,,,,,,0,,,yes,38,5,,,,,,,,,,,
760,Sero-190-13,per,2021-04-16,33,Sero-190,13,,,,,,,,,35,No,2022-04-05,follow-up,Positive,Pv,117,,Mic+/PCR+,asymptomatic ,pv,Asym_persisting,persisting,,0,,,,,,,,,354,,,,,,0,,,yes,166,1,,,,,,,,,,,
761,Sero-191-01,sym,2021-04-17,0,Sero-191,1,8,17,Female,38,Yes,1,Yes,Yes,,,2021-04-17,recruitment,Positive,Pv,8557,366,Mic+/PCR+,symptomatic,pv,Recruitment,Recruitment,,2,2,,,0,1,0,0,0,0,,,,,1,1,above 15 years,CQ; 3days + PQ; 14 days,yes,425243,88163,31,17,55,infectious,34,,,,,,
762,Sero-191-03,sym,2021-04-17,25,Sero-191,3,,,,,,,,,36,No,2021-05-19,follow-up,Negative,,,,Negative,,neg,Negative,,,2,,,,,,,,,32,,,,,,,,,yes,0,,,,,,,,,,,,
763,Sero-191-04,sym,2021-04-17,31,Sero-191,4,,,,,,,,,35,No,2021-06-19,follow-up,Negative,,,,Negative,,neg,Negative,,,2,,,,,,,,,63,,,,,,,,,yes,0,,,,,,,,,,,,
764,Sero-191-05,sym,2021-04-17,32,Sero-191,5,,,,,,,,,36,No,2021-07-21,follow-up,Negative,,,,PCR+,submicroscopic,pv,Asym_persisting,persisting,,2,,,,,,,,,95,,,,,,1,,,yes,619,368,,,,,,,,,,,
765,Sero-191-06,sym,2021-04-17,5,Sero-191,6,,,,,,,,,35,Yes,2021-07-26,recurrence,Positive,Pv,3287,325,Mic+/PCR+,symptomatic,pv,symptomatic,recurrence,1,2,,1,,,,,,,100,0,100,100,1,,1,,CQ; 3days + PQ; 14 days,yes,29743,3356,32,25,78,infectious,28,Sero-191-R01,Sero-191-R06,0,0.3826687,0.61733127,reinfection
766,Sero-191-07,sym,2021-04-17,33,Sero-191,7,,,,,,,,,37,No,2021-08-28,follow-up,Negative,,,,Negative,,neg,Negative,,,2,,,,,,,,,133,,,,,,,,,yes,0,,,,,,,,,,,,
767,Sero-191-08,sym,2021-04-17,35,Sero-191,8,,,,,,,,,36,Yes,2021-10-02,recurrence,Positive,P.v + P.f,3843,470,Mic+/PCR+,symptomatic,mixed,symptomatic,recurrence,2,2,,2,,,,,,,168,100,168,68,1,,1,,CQ; 3days + PQ; 14 days,yes,6535,15112,,,,,,Sero-191-R06,Sero-191-R08,0,0.02758608,0.9724139,reinfection
768,Sero-192-01,asym,2021-04-20,0,Sero-192,1,14,18,Male,36,Yes,1,No,Yes,,,2021-04-20,recruitment,Positive,Pv,6297,35,Mic+/PCR+,symptomatic,pv,Recruitment,Recruitment,,1,0,,,0,0,1,1,0,0,,,,,0,1,above 15 years,CQ; 3days + PQ; 14 days,yes,397132,115832,32,13,41,infectious,18,,,,,,
769,Sero-192-03,asym,2021-04-20,22,Sero-192,3,,,,,,,,,34,No,2021-05-19,follow-up,Negative,,,,PCR+,submicroscopic,pv,Asym_persisting,persisting,,1,,,,,,,,,29,,,,,,,,,yes,5,,,,,,,,,,,,
770,Sero-192-04,asym,2021-04-20,6,Sero-192,4,,,,,,,,,38,Yes,2021-05-25,recurrence,Positive,Pv,153,24,Mic+/PCR+,symptomatic,pv,Symp_persisting,persisting,,1,,,,,,,,,35,,,,,,1,,CQ; 3days,yes,260413,2798,33,24,73,infectious,4,Sero-192-R01,Sero-192-R04,0,0.31589577,0.68410426,reinfection
771,Sero-192-05,asym,2021-04-20,43,Sero-192,5,,,,,,,,,36,No,2021-07-07,follow-up,Negative,,,,Negative,,neg,Negative,,,1,,,,,,,,,78,,,,,,,,,yes,0,,,,,,,,,,,,
772,Sero-192-06,asym,2021-04-20,31,Sero-192,6,,,,,,,,,37,No,2021-08-07,follow-up,Positive,Pv,688,,Mic+/PCR+,asymptomatic ,pv,Asym_persisting,persisting,,1,,,,,,,,,109,,,,,,1,,,yes,1516,29589,,,,,,,,,,,
773,Sero-192-07,asym,2021-04-20,30,Sero-192,7,,,,,,,,,35,No,2021-09-06,follow-up,Negative,,,,PCR+,submicroscopic,pv,Asym_persisting,persisting,,1,,,,,,,,,139,,,,,,1,,,yes,135,3860,,,,,,,,,,,
774,Sero-192-08,asym,2021-04-20,30,Sero-192,8,,,,,,,,,36,No,2021-10-06,follow-up,Negative,,,,PCR+,submicroscopic,pv,Asym_persisting,persisting,,1,,,,,,,,,169,,,,,,1,,,yes,49,86,,,,,,,,,,,
775,Sero-192-09,asym,2021-04-20,31,Sero-192,9,,,,,,,,,37,No,2021-11-06,follow-up,Positive,Pv,2564,,Mic+/PCR+,asymptomatic ,pv,Asym_persisting,persisting,,1,,,,,,,,,200,,,,,,1,,,yes,3170,7197,,,,,,,,,,,
776,Sero-192-10,asym,2021-04-20,91,Sero-192,10,,,,,,,,,36,No,2022-02-05,follow-up,Positive,Pv,1359,,Mic+/PCR+,asymptomatic ,pv,asymptomatic,recurrence,1,1,,,1,,,,,,291,168,291,123,1,,1,,,yes,1339,1323,,,,,,,,,,,
777,Sero-192-11,asym,2021-04-20,30,Sero-192,11,,,,,,,,,36,No,2022-03-07,follow-up,Positive,Pv,669,118,Mic+/PCR+,asymptomatic ,pv,Asym_persisting,persisting,,0,,,,,,,,,321,,,,,,1,,,yes,423,7,,,,,,,,,,,
778,Sero-192-12,asym,2021-04-20,33,Sero-192,12,,,,,,,,,36,No,2022-04-09,follow-up,Negative,,,,PCR+,submicroscopic,pv,Asym_persisting,persisting,,0,,,,,,,,,354,,,,,,1,,,yes,10,9,,,,,,,,,,,
779,Sero-193-01,per,2021-04-20,0,Sero-193,1,7,16,Female,38,Yes,1,No,Yes,,,2021-04-20,recruitment,Positive,Pv,1640,0,Mic+/PCR+,symptomatic,pv,Recruitment,Recruitment,,0,0,,,1,0,0,0,1,0,,,,,1,1,above 15 years,CQ; 3days + PQ; 14 days,yes,61872,47290,31,0,0,non-infectious,0,,,,,,
780,Sero-193-03,per,2021-04-20,27,Sero-193,3,,,,,,,,,37,No,2021-05-24,follow-up,Negative,,,,Negative,,neg,Negative,,,0,,,,,,,,,34,,,,,,,,,yes,0,,,,,,,,,,,,
781,Sero-193-04,per,2021-04-20,31,Sero-193,4,,,,,,,,,37,No,2021-06-24,follow-up,Positive,Pv,123,0,Mic+/PCR+,asymptomatic ,pv,Asym_persisting,persisting,,0,,,,,,,,,65,,,,,,1,,,yes,118,7882,,,,,,,,,,,
782,Sero-193-05,per,2021-04-20,30,Sero-193,5,,,,,,,,,35,No,2021-07-24,follow-up,Negative,,,,PCR+,submicroscopic,pv,Asym_persisting,persisting,,0,,,,,,,,,95,,,,,,1,,,yes,134,544,,,,,,,,,,,
783,Sero-193-06,per,2021-04-20,31,Sero-193,6,,,,,,,,,36,No,2021-08-24,follow-up,Negative,,,,PCR+,submicroscopic,pv,Asym_persisting,persisting,,0,,,,,,,,,126,,,,,,0,,,yes,13,3,,,,,,,,,,,
784,Sero-193-07,per,2021-04-20,37,Sero-193,7,,,,,,,,,36,No,2021-09-30,follow-up,Negative,,,,PCR+,submicroscopic,pv,Asym_persisting,persisting,,0,,,,,,,,,163,,,,,,1,,,yes,70,3887,,,,,,,,,,,
785,Sero-194-01,sym,2021-04-21,0,Sero-194,1,14,13,Male,38,No,,No,Yes,,,2021-04-21,recruitment,Positive,Pv,609,238,Mic+/PCR+,symptomatic,mixed,Recruitment,Recruitment,,2,2,,,0,1,0,1,0,0,,,,,1,1,< 15 years,CQ; 3days + PQ; 14 days,yes,160056,27015,31,0,0,non-infectious,0,,,,,,
786,Sero-194-03,sym,2021-04-21,23,Sero-194,3,,,,,,,,,36,No,2021-05-21,follow-up,Negative,,,,Negative,,neg,Negative,,,2,,,,,,,,,30,,,,,,,,,yes,0,,,,,,,,,,,,
787,Sero-194-04,sym,2021-04-21,31,Sero-194,4,,,,,,,,,35,No,2021-06-21,follow-up,Negative,,,,Negative,,neg,Negative,,,2,,,,,,,,,61,,,,,,,,,yes,0,,,,,,,,,,,,
788,Sero-194-05,sym,2021-04-21,30,Sero-194,5,,,,,,,,,36,No,2021-07-21,follow-up,Negative,,,,Negative,,neg,Negative,,,2,,,,,,,,,91,,,,,,,,,yes,0,,,,,,,,,,,,
789,Sero-194-06,sym,2021-04-21,13,Sero-194,6,,,,,,,,,36,Yes,2021-08-03,recurrence,Positive,Pv,512,112,Mic+/PCR+,symptomatic,pv,symptomatic,recurrence,1,2,,1,,,,,,,104,0,104,104,1,,1,,CQ; 3days + PQ; 14 days,yes,43573,14695,31,25,81,infectious,3,Sero-194-R01,Sero-194-R06,0,0.21420948,0.7857905,reinfection
790,Sero-194-07,sym,2021-04-21,34,Sero-194,7,,,,,,,,,36,No,2021-09-06,follow-up,Negative,,,,PCR+,submicroscopic,pv,Asym_persisting,persisting,,2,,,,,,,,,138,,,,,,0,,,yes,8,0,,,,,,,,,,,
791,Sero-194-08,sym,2021-04-21,30,Sero-194,8,,,,,,,,,36,No,2021-10-06,follow-up,Negative,,,,PCR+,submicroscopic,pv,Asym_persisting,persisting,,2,,,,,,,,,168,,,,,,1,,,yes,330,21,,,,,,,,,,,
792,Sero-194-09,sym,2021-04-21,5,Sero-194,9,,,,,,,,,38,Yes,2021-10-11,recurrence,Positive,P.v + P.f,1560,0,Mic+/PCR+,symptomatic,pv,Symp_persisting,persisting,,2,,,,,,,,,173,,,,,,1,,CQ; 3days + PQ; 14 days,yes,47549,2938,,,,,,Sero-194-R06,Sero-194-R09,0,0.14877293,0.8512271,reinfection
793,Sero-194-10,sym,2021-04-21,31,Sero-194,10,,,,,,,,,37,No,2021-11-11,follow-up,Negative,,,,Negative,,neg,Negative,,,2,,,,,,,,,204,,,,,,,,,yes,0,,,,,,,,,,,,
794,Sero-194-11,sym,2021-04-21,30,Sero-194,11,,,,,,,,,37,No,2021-12-11,follow-up,Negative,,,,PCR+,submicroscopic,pv,Asym_persisting,persisting,,2,,,,,,,,,234,,,,,,0,,,yes,614,1,,,,,,,,,,,
795,Sero-194-12,sym,2021-04-21,6,Sero-194,12,,,,,,,,,38,Yes,2021-12-17,recurrence,Positive,Pv,14376,455,Mic+/PCR+,symptomatic,pv,Symp_persisting,persisting,,2,,,,,,,,,240,,,,,,1,,CQ; 3days + PQ; 14 days,yes,240534,306424,30,2,7,infectious,1,Sero-194-R09,Sero-194-R12,0,0.99953032,0.000469712,relapse
796,Sero-194-13,sym,2021-04-21,31,Sero-194,13,,,,,,,,,36,No,2022-01-17,follow-up,Negative,,,,Negative,,neg,Negative,,,2,,,,,,,,,271,,,,,,,,,yes,0,,,,,,,,,,,,
797,Sero-194-14,sym,2021-04-21,30,Sero-194,14,,,,,,,,,35,No,2022-02-16,recurrence,Positive,Pv,,,Mic+/PCR+,symptomatic,pv,symptomatic,recurrence,2,2,,2,,,,,,,301,104,301,197,1,,,,,yes,514,,,,,,,,,,,,
798,Sero-196-01,asym,2021-04-28,0,Sero-196,1,11,14,Male,36,No,,No,Yes,,,2021-04-28,recruitment,Positive,Pv,6660,564,Mic+/PCR+,symptomatic,pv,Recruitment,Recruitment,,1,0,,,0,0,1,1,0,0,,,,,0,1,< 15 years,CQ; 3days + PQ; 14 days,yes,220459,354938,30,23,77,infectious,14,,,,,,
799,Sero-196-03,asym,2021-04-28,23,Sero-196,3,,,,,,,,,36,No,2021-05-28,follow-up,Negative,,,,Negative,,neg,Negative,,,1,,,,,,,,,30,,,,,,,,,yes,0,,,,,,,,,,,,
800,Sero-196-04,asym,2021-04-28,31,Sero-196,4,,,,,,,,,37,No,2021-06-28,follow-up,Negative,,,,Negative,,neg,Negative,,,1,,,,,,,,,61,,,,,,,,,yes,0,,,,,,,,,,,,
801,Sero-196-05,asym,2021-04-28,30,Sero-196,5,,,,,,,,,36,No,2021-07-28,follow-up,Negative,,,,PCR+,submicroscopic,pv,asymptomatic,recurrence,1,1,,,1,,,,,,91,0,91,91,1,,1,,,yes,1864,2645,,,,,,,,,,,
802,Sero-196-06,asym,2021-04-28,30,Sero-196,6,,,,,,,,,37,No,2021-08-27,follow-up,Negative,,,,PCR+,submicroscopic,pv,Asym_persisting,persisting,,1,,,,,,,,,121,,,,,,1,,,yes,3926,1036,,,,,,,,,,,
803,Sero-196-07,asym,2021-04-28,4,Sero-196,7,,,,,,,,,38,Yes,2021-08-31,recurrence,Positive,Pv,1037,152,Mic+/PCR+,symptomatic,pv,Symp_persisting,persisting,,1,,,,,,,,,125,,,,,,1,,CQ; 3days + PQ; 14 days,yes,181361,40542,34,12,35,infectious,2,Sero-196-R01,Sero-196-R07,0,0.85443032,0.1455697,relapse
804,Sero-196-08,asym,2021-04-28,31,Sero-196,8,,,,,,,,,36,No,2021-10-01,follow-up,Negative,,,,Negative,,neg,Negative,,,1,,,,,,,,,156,,,,,,,,,yes,0,,,,,,,,,,,,
805,Sero-196-09,asym,2021-04-28,31,Sero-196,9,,,,,,,,,37,No,2021-11-01,follow-up,Negative,,,,PCR+,submicroscopic,pv,Asym_persisting,persisting,,1,,,,,,,,,187,,,,,,0,,,yes,80,5,,,,,,,,,,,
806,Sero-196-10,asym,2021-04-28,31,Sero-196,10,,,,,,,,,37,No,2021-12-02,follow-up,Negative,,,,Negative,,neg,Negative,,,1,,,,,,,,,218,,,,,,,,,yes,0,,,,,,,,,,,,
807,Sero-196-11,asym,2021-04-28,30,Sero-196,11,,,,,,,,,36,No,2022-01-01,follow-up,Negative,,,,PCR+,submicroscopic,pv,Asym_persisting,persisting,,1,,,,,,,,,248,,,,,,0,,,yes,14,0,,,,,,,,,,,
808,Sero-197-01,,2021-05-06,0,Sero-197,1,10,18,Female,39,No,,No,Yes,,,2021-05-06,recruitment,Positive,Pv,6884,346,Mic+/PCR+,symptomatic,pv,Recruitment,Recruitment,,0,0,,,1,0,0,0,0,0,,,,,1,1,above 15 years,CQ; 3days + PQ; 14 days,yes,325874,17876,34,28,82,infectious,40,,,,,,
809,Sero-197-03,,2021-05-06,26,Sero-197,3,,,,,,,,,35,No,2021-06-08,follow-up,Negative,,,,ND,,,,,,0,,,,,,,,,33,,,,,,,,,yes,,,,,,,,,,,,,
810,Sero-197-04,,2021-05-06,30,Sero-197,4,,,,,,,,,35,No,2021-07-08,follow-up,Negative,,,,ND,,,,,,0,,,,,,,,,63,,,,,,,,,yes,,,,,,,,,,,,,
811,Sero-197-05,,2021-05-06,34,Sero-197,5,,,,,,,,,36,No,2021-08-11,follow-up,Negative,,,,Negative,,neg,Negative,,,0,,,,,,,,,97,,,,,,,,,yes,0,,,,,,,,,,,,
812,Sero-197-06,,2021-05-06,33,Sero-197,6,,,,,,,,,36,No,2021-09-13,follow-up,Negative,,,,ND,,,,,,0,,,,,,,,,130,,,,,,,,,yes,,,,,,,,,,,,,
813,Sero-197-07,,2021-05-06,30,Sero-197,7,,,,,,,,,35,No,2021-10-13,follow-up,Negative,,,,ND,,,,,,0,,,,,,,,,160,,,,,,,,,yes,,,,,,,,,,,,,
814,Sero-197-08,,2021-05-06,34,Sero-197,8,,,,,,,,,36,No,2021-11-16,follow-up,Negative,,,,Negative,,neg,Negative,,,0,,,,,,,,,194,,,,,,,,,yes,0,,,,,,,,,,,,
815,Sero-197-09,,2021-05-06,42,Sero-197,9,,,,,,,,,36,No,2021-12-28,follow-up,Negative,,,,ND,,,,,,0,,,,,,,,,236,,,,,,,,,yes,,,,,,,,,,,,,
816,Sero-197-10,,2021-05-06,77,Sero-197,10,,,,,,,,,36,No,2022-03-15,follow-up,Negative,,,,ND,,,,,,0,,,,,,,,,313,,,,,,,,,yes,,,,,,,,,,,,,
817,Sero-198-01,asym,2021-05-08,0,Sero-198,1,14,7,Male,36,Yes,1,Yes,Yes,,,2021-05-08,recruitment,Positive,Pv,5560,256,Mic+/PCR+,symptomatic,pv,Recruitment,Recruitment,,2,0,,,0,0,1,0,1,0,,,,,0,1,< 15 years,CQ; 3days + PQ; 14 days,yes,42935,29589,32,16,50,infectious,15,,,,,,
818,Sero-198-03,asym,2021-05-08,25,Sero-198,3,,,,,,,,,35,No,2021-06-09,follow-up,Negative,,,,Negative,,neg,Negative,,,2,,,,,,,,,32,,,,,,,,,yes,0,,,,,,,,,,,,
819,Sero-198-04,asym,2021-05-08,30,Sero-198,4,,,,,,,,,37,Yes,2021-07-09,follow-up,Negative,,,,Negative,,neg,Negative,,,2,,,,,,,,,62,,,,,,,,,yes,0,,,,,,,,,,,,
820,Sero-198-05,asym,2021-05-08,31,Sero-198,5,,,,,,,,,36,No,2021-08-09,follow-up,Negative,,,,Negative,,neg,Negative,,,2,,,,,,,,,93,,,,,,,,,yes,0,,,,,,,,,,,,
821,Sero-198-06,asym,2021-05-08,36,Sero-198,6,,,,,,,,,36,No,2021-09-14,follow-up,Negative,,,,Negative,,neg,Negative,,,2,,,,,,,,,129,,,,,,,,,yes,0,,,,,,,,,,,,
822,Sero-198-07,asym,2021-05-08,32,Sero-198,7,,,,,,,,,36,No,2021-10-16,follow-up,Negative,,,,PCR+,submicroscopic,pv,asymptomatic,recurrence,1,2,,,1,,,,,,161,0,161,161,1,,1,,,yes,122,298,,,,,,,,,,,
823,Sero-198-08,asym,2021-05-08,31,Sero-198,8,,,,,,,,,36,No,2021-11-16,follow-up,Positive,Pv,31,,Mic+/PCR+,asymptomatic ,pv,Asym_persisting,persisting,,2,,,,,,,,,192,,,,,,1,,,yes,1312,13,,,,,,,,,,,
824,Sero-198-09,asym,2021-05-08,29,Sero-198,9,,,,,,,,,37,No,2021-12-15,follow-up,Negative,,,,Negative,,neg,Negative,,,2,,,,,,,,,221,,,,,,,,,yes,0,,,,,,,,,,,,
825,Sero-198-10,asym,2021-05-08,31,Sero-198,10,,,,,,,,,37,No,2022-01-15,follow-up,Negative,,,,PCR+,submicroscopic,pv,Asym_persisting,persisting,,2,,,,,,,,,252,,,,,,1,,,yes,528,41,,,,,,,,,,,
826,Sero-198-11,asym,2021-05-08,32,Sero-198,11,,,,,,,,,35,No,2022-02-16,follow-up,Negative,,,,PCR+,submicroscopic,pv,Asym_persisting,persisting,,2,,,,,,,,,284,,,,,,0,,,yes,154,0,,,,,,,,,,,
827,Sero-198-12,asym,,29,Sero-198,12,,,,,,,,,36,No,2022-03-17,follow-up,Negative,,,,Negative,,neg,Negative,,,2,,,,,,,,,313,,,,,,,,,yes,0,,,,,,,,,,,,
828,Sero-198-13,asym,,30,Sero-198,13,,,,,,,,,36,No,2022-04-16,follow-up,Negative,,,,Negative,,neg,Negative,,,2,,,,,,,,,343,,,,,,,,,yes,0,,,,,,,,,,,,
829,Sero-198-14,asym,,30,Sero-198,14,,,,,,,,,36,No,2022-05-16,follow-up,Negative,,,,PCR+,submicroscopic,pv,asymptomatic,recurrence,2,2,,,2,,,,,,373,161,373,212,1,,0,,,yes,82,0,,,,,,,,,,,
830,Sero-199-01,asym,2021-05-11,0,Sero-199,1,14,24,Female,36,No,,No,Yes,,,2021-05-11,recruitment,Positive,Pv,79,0,Mic+/PCR+,symptomatic,mixed,Recruitment,Recruitment,,2,0,,,0,0,1,0,1,0,,,,,0,1,above 15 years,CQ; 3days + PQ; 14 days,yes,34673,1800,32,1,3,infectious,1,,,,,,
831,Sero-199-03,asym,2021-05-11,28,Sero-199,3,,,,,,,,,34,No,2021-06-16,follow-up,Negative,,,,Negative,,neg,Negative,,,2,,,,,,,,,36,,,,,,,,,yes,0,,,,,,,,,,,,
832,Sero-199-04,asym,2021-05-11,33,Sero-199,4,,,,,,,,,36,No,2021-07-19,follow-up,Negative,,,,Negative,,neg,Negative,,,2,,,,,,,,,69,,,,,,,,,yes,0,,,,,,,,,,,,
833,Sero-199-05,asym,2021-05-11,32,Sero-199,5,,,,,,,,,36,No,2021-08-20,follow-up,Negative,,,,Negative,,neg,Negative,,,2,,,,,,,,,101,,,,,,,,,yes,0,,,,,,,,,,,,
834,Sero-199-06,asym,2021-05-11,31,Sero-199,6,,,,,,,,,37,No,2021-09-20,follow-up,Negative,,,,PCR+,submicroscopic,pv,asymptomatic,recurrence,1,2,,,1,,,,,,132,0,132,132,1,,0,,,yes,8,0,,,,,,,,,,,
835,Sero-199-07,asym,2021-05-11,33,Sero-199,7,,,,,,,,,36,No,2021-10-23,follow-up,Negative,,,,Negative,,neg,Negative,,,2,,,,,,,,,165,,,,,,,,,yes,0,,,,,,,,,,,,
836,Sero-199-08,asym,2021-05-11,30,Sero-199,8,,,,,,,,,36,No,2021-11-22,follow-up,Negative,,,,PCR+,submicroscopic,pv,Asym_persisting,persisting,,2,,,,,,,,,195,,,,,,0,,,yes,20,1,,,,,,,,,,,
837,Sero-199-09,asym,2021-05-11,31,Sero-199,9,,,,,,,,,36,No,2021-12-23,follow-up,Negative,,,,Negative,,neg,Negative,,,2,,,,,,,,,226,,,,,,,,,yes,0,,,,,,,,,,,,
838,Sero-199-10,asym,2021-05-11,33,Sero-199,10,,,,,,,,,36,No,2022-01-25,follow-up,Negative,,,,Negative,,neg,Negative,,,2,,,,,,,,,259,,,,,,,,,yes,0,,,,,,,,,,,,
839,Sero-199-11,asym,2021-05-11,30,Sero-199,11,,,,,,,,,37,No,2022-02-24,follow-up,Negative,,,,Negative,,neg,Negative,,,2,,,,,,,,,289,,,,,,,,,yes,0,,,,,,,,,,,,
840,Sero-199-12,asym,2021-05-11,30,Sero-199,12,,,,,,,,,37,No,2022-03-26,follow-up,Negative,,,,Negative,,neg,Negative,,,2,,,,,,,,,319,,,,,,,,,yes,0,,,,,,,,,,,,
841,Sero-199-13,asym,2021-05-11,39,Sero-199,13,,,,,,,,,36,No,2022-05-04,follow-up,Negative,,,,Negative,,neg,Negative,,,2,,,,,,,,,358,,,,,,,,,yes,0,,,,,,,,,,,,
842,Sero-201-01,,2021-05-12,0,Sero-201,1,1,7,Female,34,Yes,2,No,Yes,,,2021-05-12,recruitment,Positive,Pv,13771,477,Mic+/PCR+,symptomatic,pv,Recruitment,Recruitment,,0,0,,,1,0,0,0,0,0,,,,,0,1,< 15 years,CQ; 3days + PQ; 14 days,yes,48273,54395,32,10,31,infectious,13,,,,,,
843,Sero-202-01,,2021-05-17,0,Sero-202,1,14,10,Male,39,No,,No,Yes,,,2021-05-17,recruitment,Positive,Pv,21234,0,Mic+/PCR+,symptomatic,pv,Recruitment,Recruitment,,0,0,,,1,0,0,0,0,0,,,,,1,1,< 15 years,CQ; 3days + PQ; 14 days,yes,636017,35246,30,8,27,infectious,2,,,,,,
844,Sero-202-03,,2021-05-17,22,Sero-202,3,,,,,,,,,36,No,2021-06-17,follow-up,Negative,,,,ND,,,,,,0,,,,,,,,,31,,,,,,,,,yes,,,,,,,,,,,,,
845,Sero-202-04,,2021-05-17,30,Sero-202,4,,,,,,,,,36,No,2021-07-17,follow-up,Negative,,,,ND,,,,,,0,,,,,,,,,61,,,,,,,,,yes,,,,,,,,,,,,,
846,Sero-202-05,,2021-05-17,31,Sero-202,5,,,,,,,,,36,No,2021-08-17,follow-up,Negative,,,,Negative,,neg,Negative,,,0,,,,,,,,,92,,,,,,,,,yes,0,,,,,,,,,,,,
847,Sero-202-06,,2021-05-17,31,Sero-202,6,,,,,,,,,36,No,2021-09-17,follow-up,Negative,,,,ND,,,,,,0,,,,,,,,,123,,,,,,,,,yes,,,,,,,,,,,,,
848,Sero-202-07,,2021-05-17,33,Sero-202,7,,,,,,,,,36,No,2021-10-20,follow-up,Negative,,,,ND,,,,,,0,,,,,,,,,156,,,,,,,,,yes,,,,,,,,,,,,,
849,Sero-202-08,,2021-05-17,31,Sero-202,8,,,,,,,,,37,No,2021-11-20,follow-up,Negative,,,,Negative,,neg,Negative,,,0,,,,,,,,,187,,,,,,,,,yes,0,,,,,,,,,,,,
850,Sero-202-09,,2021-05-17,31,Sero-202,9,,,,,,,,,37,No,2021-12-21,follow-up,Negative,,,,ND,,,,,,0,,,,,,,,,218,,,,,,,,,yes,,,,,,,,,,,,,
851,Sero-202-10,,2021-05-17,62,Sero-202,10,,,,,,,,,37,No,2022-02-21,follow-up,Negative,,,,ND,,,,,,0,,,,,,,,,280,,,,,,,,,yes,,,,,,,,,,,,,
852,Sero-202-11,,2021-05-17,30,Sero-202,11,,,,,,,,,37,No,2022-03-23,follow-up,Negative,,,,Negative,,neg,Negative,,,0,,,,,,,,,310,,,,,,,,,yes,0,,,,,,,,,,,,
853,Sero-202-12,,2021-05-17,36,Sero-202,12,,,,,,,,,36,No,2022-04-28,follow-up,Negative,,,,ND,,,,,,0,,,,,,,,,346,,,,,,,,,yes,,,,,,,,,,,,,
854,Sero-202-13,,2021-05-17,30,Sero-202,13,,,,,,,,,35,No,2022-05-28,follow-up,Negative,,,,ND,,,,,,0,,,,,,,,,376,,,,,,,,,yes,,,,,,,,,,,,,
855,Sero-203-01,,2021-05-19,0,Sero-203,1,1,12,Female,35,No,,No,Yes,,,2021-05-19,recruitment,Positive,Pv,754,0,Mic+/PCR+,symptomatic,pv,Recruitment,Recruitment,,0,0,,,1,0,0,0,0,0,,,,,0,0,< 15 years,CQ; 3days + PQ; 14 days,yes,89,0,32,0,0,non-infectious,0,,,,,,
856,Sero-204-01,per,2021-05-20,0,Sero-204,1,14,12,Male,37,No,,No,Yes,,,2021-05-20,recruitment,Positive,Pv,3360,0,Mic+/PCR+,symptomatic,pv,Recruitment,Recruitment,,0,0,,,1,0,0,0,1,0,,,,,0,1,< 15 years,CQ; 3days + PQ; 14 days,yes,65380,2332,30,0,0,non-infectious,0,,,,,,
857,Sero-204-03,per,2021-05-20,25,Sero-204,3,,,,,,,,,37,No,2021-06-21,follow-up,Positive,Pv,1203,,Mic+/PCR+,asymptomatic ,pv,Asym_persisting,persisting,,0,,,,,,,,,32,,,,,,1,,,yes,2508,47622,,,,,,,,,,,
858,Sero-204-04,per,2021-05-20,30,Sero-204,4,,,,,,,,,38,No,2021-07-21,follow-up,Positive,mixed,3390,0,Mic+/PCR+,asymptomatic ,pv,Asym_persisting,persisting,,0,,,,,,,,,62,,,,,,1,,,yes,2440,482937,,,,,,,,,,,
859,Sero-204-05,per,2021-05-20,34,Sero-204,5,,,,,,,,,36,No,2021-08-24,follow-up,Positive,Pv,47,0,Mic+/PCR+,asymptomatic ,pv,Asym_persisting,persisting,,0,,,,,,,,,96,,,,,,1,,,yes,804,13511,,,,,,,,,,,
860,Sero-204-06,per,2021-05-20,35,Sero-204,6,,,,,,,,,36,No,2021-09-28,follow-up,Negative,,,,PCR+,submicroscopic,pv,Asym_persisting,persisting,,0,,,,,,,,,131,,,,,,1,,,yes,18,133,,,,,,,,,,,
861,Sero-204-07,per,2021-05-20,31,Sero-204,7,,,,,,,,,36,No,2021-10-29,follow-up,Negative,,,,PCR+,submicroscopic,pv,Asym_persisting,persisting,,0,,,,,,,,,162,,,,,,1,,,yes,99,480,,,,,,,,,,,
862,Sero-204-08,per,2021-05-20,35,Sero-204,8,,,,,,,,,37,No,2021-12-03,follow-up,Positive,Pv,75,0,Mic+/PCR+,asymptomatic ,pv,Asym_persisting,persisting,,0,,,,,,,,,197,,,,,,0,,,yes,354,2,,,,,,,,,,,
863,Sero-204-09,per,2021-05-20,32,Sero-204,9,,,,,,,,,35,No,2022-01-04,follow-up,Negative,,,,PCR+,submicroscopic,pv,Asym_persisting,persisting,,0,,,,,,,,,229,,,,,,1,,,yes,19,7,,,,,,,,,,,
864,Sero-204-10,per,2021-05-20,41,Sero-204,10,,,,,,,,,35,No,2022-02-14,follow-up,Negative,,,,Negative,,neg,Negative,,,0,,,,,,,,,270,,,,,,,,,yes,0,,,,,,,,,,,,
865,Sero-204-11,per,2021-05-20,29,Sero-204,11,,,,,,,,,36,No,2022-03-15,follow-up,Negative,,,,PCR+,submicroscopic,pv,Asym_persisting,persisting,,0,,,,,,,,,299,,,,,,0,,,yes,19,0,,,,,,,,,,,
866,Sero-204-12,per,2021-05-20,44,Sero-204,12,,,,,,,,,36,No,2022-04-28,follow-up,Negative,,,,Negative,,neg,Negative,,,0,,,,,,,,,343,,,,,,,,,yes,0,,,,,,,,,,,,
867,Sero-206-01,,2021-05-24,0,Sero-206,1,14,12,Female,36,Yes,4,Yes,Yes,,,2021-05-24,recruitment,Positive,Pv,12334,0,Mic+/PCR+,symptomatic,pv,Recruitment,Recruitment,,0,0,,,1,0,0,0,0,0,,,,,0,0,< 15 years,CQ; 3days + PQ; 14 days,yes,514,0,32,0,0,non-infectious,0,,,,,,
868,Sero-206-03,,2021-05-24,25,Sero-206,3,,,,,,,,,36,No,2021-06-25,follow-up,Negative,,,,ND,,,,,,0,,,,,,,,,32,,,,,,,,,yes,,,,,,,,,,,,,
869,Sero-206-04,,2021-05-24,27,Sero-206,4,,,,,,,,,34,No,2021-07-22,follow-up,Negative,,,,ND,,,,,,0,,,,,,,,,59,,,,,,,,,yes,,,,,,,,,,,,,
870,Sero-206-05,,2021-05-24,56,Sero-206,5,,,,,,,,,35,No,2021-09-16,follow-up,Negative,,,,Negative,,neg,Negative,,,0,,,,,,,,,115,,,,,,,,,yes,0,,,,,,,,,,,,
871,Sero-206-06,,2021-05-24,30,Sero-206,6,,,,,,,,,35,Yes,2021-10-16,follow-up,Negative,,,,ND,,,,,,0,,,,,,,,,145,,,,,,,,,yes,,,,,,,,,,,,,
872,Sero-206-07,,2021-05-24,30,Sero-206,7,,,,,,,,,36,No,2021-11-15,follow-up,Negative,,,,ND,,,,,,0,,,,,,,,,175,,,,,,,,,yes,,,,,,,,,,,,,
873,Sero-206-08,,2021-05-24,30,Sero-206,8,,,,,,,,,36,No,2021-12-15,follow-up,Negative,,,,Negative,,neg,Negative,,,0,,,,,,,,,205,,,,,,,,,yes,0,,,,,,,,,,,,
874,Sero-206-09,,2021-05-24,26,Sero-206,9,,,,,,,,,36,No,2022-01-10,follow-up,Negative,,,,ND,,,,,,0,,,,,,,,,231,,,,,,,,,yes,,,,,,,,,,,,,
875,Sero-206-10,,2021-05-24,29,Sero-206,10,,,,,,,,,36,No,2022-02-08,follow-up,Negative,,,,ND,,,,,,0,,,,,,,,,260,,,,,,,,,yes,,,,,,,,,,,,,
876,Sero-206-11,,2021-05-24,28,Sero-206,11,,,,,,,,,36,No,2022-03-08,follow-up,Negative,,,,Negative,,neg,Negative,,,0,,,,,,,,,288,,,,,,,,,yes,0,,,,,,,,,,,,
877,Sero-206-12,,2021-05-24,25,Sero-206,12,,,,,,,,,36,No,2022-04-02,follow-up,Negative,,,,ND,,,,,,0,,,,,,,,,313,,,,,,,,,yes,,,,,,,,,,,,,
878,Sero-206-13,,2021-05-24,30,Sero-206,13,,,,,,,,,35,No,2022-05-02,follow-up,Negative,,,,ND,,,,,,0,,,,,,,,,343,,,,,,,,,yes,,,,,,,,,,,,,
879,Sero-206-14,,2021-05-24,30,Sero-206,14,,,,,,,,,34,No,2022-06-01,follow-up,Negative,,,,Negative,,neg,Negative,,,0,,,,,,,,,373,0,373,373,0,,,,,yes,0,,,,,,,,,,,,
880,Sero-207-01,,2021-05-26,0,Sero-207,1,14,35,Female,35,No,,No,No,,,2021-05-26,recruitment,Positive,Pv,594,451,Mic+/PCR+,symptomatic,pv,Recruitment,Recruitment,,0,0,,,1,0,0,0,0,0,,,,,0,1,above 15 years,CQ; 3days + PQ; 14 days,yes,2724,201,32,16,50,infectious,3,,,,,,
881,Sero-207-03,,2021-05-26,24,Sero-207,3,,,,,,,,,35,No,2021-06-26,follow-up,Negative,,,,ND,,,,,,0,,,,,,,,,31,,,,,,,,,yes,,,,,,,,,,,,,
882,Sero-207-04,,2021-05-26,30,Sero-207,4,,,,,,,,,35,No,2021-07-26,follow-up,Negative,,,,ND,,,,,,0,,,,,,,,,61,,,,,,,,,yes,,,,,,,,,,,,,
883,Sero-207-05,,2021-05-26,30,Sero-207,5,,,,,,,,,36,No,2021-08-25,follow-up,Negative,,,,Negative,,neg,Negative,,,0,,,,,,,,,91,,,,,,,,,yes,0,,,,,,,,,,,,
884,Sero-207-06,,2021-05-26,26,Sero-207,6,,,,,,,,,37,Yes,2021-09-20,follow-up,Negative,,,,ND,,,,,,0,,,,,,,,,117,,,,,,,,,yes,,,,,,,,,,,,,
885,Sero-207-07,,2021-05-26,30,Sero-207,7,,,,,,,,,36,No,2021-10-20,follow-up,Negative,,,,ND,,,,,,0,,,,,,,,,147,,,,,,,,,yes,,,,,,,,,,,,,
886,Sero-207-08,,2021-05-26,30,Sero-207,8,,,,,,,,,36,No,2021-11-19,follow-up,Negative,,,,Negative,,neg,Negative,,,0,,,,,,,,,177,,,,,,,,,yes,0,,,,,,,,,,,,
887,Sero-207-09,,2021-05-26,32,Sero-207,9,,,,,,,,,36,No,2021-12-21,follow-up,Negative,,,,ND,,,,,,0,,,,,,,,,209,,,,,,,,,yes,,,,,,,,,,,,,
888,Sero-207-10,,2021-05-26,27,Sero-207,10,,,,,,,,,36,No,2022-01-17,follow-up,Negative,,,,ND,,,,,,0,,,,,,,,,236,,,,,,,,,yes,,,,,,,,,,,,,
889,Sero-207-11,,2021-05-26,30,Sero-207,11,,,,,,,,,36,No,2022-02-16,follow-up,Negative,,,,ND,,,,,,0,,,,,,,,,266,,,,,,,,,yes,,,,,,,,,,,,,
890,Sero-207-12,,2021-05-26,29,Sero-207,12,,,,,,,,,35,No,2022-03-17,follow-up,Negative,,,,ND,,,,,,0,,,,,,,,,295,,,,,,,,,yes,,,,,,,,,,,,,
891,Sero-207-13,,2021-05-26,29,Sero-207,13,,,,,,,,,37,No,2022-04-15,follow-up,Negative,,,,ND,,,,,,0,,,,,,,,,324,,,,,,,,,yes,,,,,,,,,,,,,
892,Sero-207-14,,2021-05-26,31,Sero-207,14,,,,,,,,,36,No,2022-05-16,follow-up,Negative,,,,Negative,,neg,Negative,,,0,,,,,,,,,355,0,355,355,0,,,,,yes,0,,,,,,,,,,,,
893,Sero-208-01,,2021-05-31,0,Sero-208,1,5,19,Male,37,Yes,1,No,Yes,,,2021-05-31,recruitment,Positive,Pv,1342,0,Mic+/PCR+,symptomatic,pv,Recruitment,Recruitment,,0,0,,,1,0,0,0,0,0,,,,,0,1,above 15 years,CQ; 3days + PQ; 14 days,yes,29184,189058,32,8,25,infectious,2,,,,,,
894,Sero-208-03,,2021-05-31,23,Sero-208,3,,,,,,,,,36,Yes,2021-06-30,follow-up,Positive,P.f,264,,Mic+/PCR+,,,,,,0,,,,,,,,,30,,,,,,,,,yes,,,,,,,,,,,,,
895,Sero-208-04,,2021-05-31,47,Sero-208,4,,,,,,,,,36,No,2021-08-16,follow-up,Negative,,,,ND,,,,,,0,,,,,,,,,77,,,,,,,,,yes,,,,,,,,,,,,,
896,Sero-208-05,,2021-05-31,31,Sero-208,5,,,,,,,,,36,No,2021-09-16,follow-up,Negative,,,,Negative,,neg,Negative,,,0,,,,,,,,,108,0,108,108,0,,,,,yes,0,,,,,,,,,,,,
897,Sero-209-01,sym,2021-05-31,0,Sero-209,1,7,11,Male,37,No,,No,Yes,,,2021-05-31,recruitment,Positive,Pv,1176,0,Mic+/PCR+,symptomatic,pv,Recruitment,Recruitment,,2,2,,,0,1,0,1,0,0,,,,,0,1,< 15 years,CQ; 3days + PQ; 14 days,yes,114681,1490,32,9,28,infectious,2,,,,,,
898,Sero-209-03,sym,2021-05-31,31,Sero-209,3,,,,,,,,,36,No,2021-07-08,follow-up,Negative,,,,Negative,,neg,Negative,,,2,,,,,,,,,38,,,,,,,,,yes,0,,,,,,,,,,,,
899,Sero-209-04,sym,2021-05-31,30,Sero-209,4,,,,,,,,,37,Yes,2021-08-07,recurrence,Positive,Pv,995,362,Mic+/PCR+,symptomatic,pv,symptomatic,recurrence,1,2,,1,,,,,,,68,0,68,68,1,,1,,CQ; 3days + PQ; 14 days,yes,160564,9130,34,24,71,infectious,38,Sero-209-R01,Sero-209-R04,0,0.094572432,0.90542758,reinfection
900,Sero-209-05,sym,2021-05-31,70,Sero-209,5,,,,,,,,,36,Yes,2021-10-16,recurrence,Positive,Pv,5408,0,Mic+/PCR+,symptomatic,pv,symptomatic,recurrence,2,2,,2,,,,,,,138,68,138,70,1,,1,,CQ; 3days + PQ; 14 days,yes,48227,22364,,,,,,Sero-209-R04,Sero-209-R05,0,0.046902176,0.95309782,reinfection
901,Sero-209-06,sym,2021-05-31,32,Sero-209,6,,,,,,,,,36,No,2021-11-17,follow-up,Negative,,,,Negative,,neg,Negative,,,2,,,,,,,,,170,,,,,,,,,yes,0,,,,,,,,,,,,
902,Sero-209-07,sym,2021-05-31,38,Sero-209,7,,,,,,,,,37,No,2021-12-25,follow-up,Negative,,,,Negative,,neg,Negative,,,2,,,,,,,,,208,68,208,140,0,,,,,yes,0,,,,,,,,,,,,
903,Sero-210-01,,2021-05-31,0,Sero-210,1,14,11,Female,38,No,,No,Yes,,,2021-05-31,recruitment,Positive,Pv,53653,0,Mic+/PCR+,symptomatic,pv,Recruitment,Recruitment,,0,0,,,1,0,0,0,0,0,,,,,1,1,< 15 years,CQ; 3days + PQ; 14 days,yes,1200000,238177,30,0,0,non-infectious,0,,,,,,
904,Sero-210-03,,2021-05-31,23,Sero-210,3,,,,,,,,,35,No,2021-06-30,follow-up,Negative,,,,ND,,,,,,0,,,,,,,,,30,,,,,,,,,yes,,,,,,,,,,,,,
905,Sero-210-04,,2021-05-31,30,Sero-210,4,,,,,,,,,36,No,2021-07-30,follow-up,Negative,,,,Negative,,neg,Negative,,,0,,,,,,,,,60,,,,,,,,,yes,0,,,,,,,,,,,,
906,Sero-210-05,,2021-05-31,31,Sero-210,5,,,,,,,,,35,No,2021-08-30,follow-up,Negative,,,,Negative,,neg,Negative,,,0,,,,,,,,,91,,,,,,,,,yes,0,,,,,,,,,,,,
907,Sero-210-06,,2021-05-31,31,Sero-210,6,,,,,,,,,36,No,2021-09-30,follow-up,Negative,,,,ND,,,,,,0,,,,,,,,,122,,,,,,,,,yes,,,,,,,,,,,,,
908,Sero-210-07,,2021-05-31,30,Sero-210,7,,,,,,,,,36,No,2021-10-30,follow-up,Negative,,,,ND,,,,,,0,,,,,,,,,152,,,,,,,,,yes,,,,,,,,,,,,,
909,Sero-210-08,,2021-05-31,31,Sero-210,8,,,,,,,,,36,No,2021-11-30,follow-up,Negative,,,,Negative,,neg,Negative,,,0,,,,,,,,,183,,,,,,,,,yes,0,,,,,,,,,,,,
910,Sero-210-09,,2021-05-31,30,Sero-210,9,,,,,,,,,35,No,2021-12-30,follow-up,Negative,,,,ND,,,,,,0,,,,,,,,,213,,,,,,,,,yes,,,,,,,,,,,,,
911,Sero-210-10,,2021-05-31,30,Sero-210,10,,,,,,,,,34,No,2022-01-29,follow-up,Negative,,,,ND,,,,,,0,,,,,,,,,243,,,,,,,,,yes,,,,,,,,,,,,,
912,Sero-210-11,,2021-05-31,30,Sero-210,11,,,,,,,,,36,No,2022-02-28,follow-up,Negative,,,,Negative,,neg,Negative,,,0,,,,,,,,,273,,,,,,,,,yes,0,,,,,,,,,,,,
913,Sero-210-12,,2021-05-31,30,Sero-210,12,,,,,,,,,36,No,2022-03-30,follow-up,Negative,,,,ND,,,,,,0,,,,,,,,,303,,,,,,,,,yes,,,,,,,,,,,,,
914,Sero-210-13,,2021-05-31,31,Sero-210,13,,,,,,,,,35,No,2022-04-30,follow-up,Negative,,,,ND,,,,,,0,,,,,,,,,334,,,,,,,,,yes,,,,,,,,,,,,,
915,Sero-210-14,,2021-05-31,30,Sero-210,14,,,,,,,,,35,No,2022-05-30,follow-up,Negative,,,,ND,,,,,,0,,,,,,,,,364,,,,,,,,,yes,,,,,,,,,,,,,
916,Sero-211-01,asym,2021-06-04,0,Sero-211,1,14,10,Female,37,Yes,1,Yes,Yes,,,2021-06-04,recruitment,Positive,Pv,1672,254,Mic+/PCR+,symptomatic,pv,Recruitment,Recruitment,,2,0,,,0,0,1,0,1,0,,,,,0,1,< 15 years,CQ; 3days + PQ; 14 days,yes,24734,59995,30,28,93,infectious,74,,,,,,
917,Sero-211-03,asym,2021-06-04,24,Sero-211,3,,,,,,,,,36,No,2021-07-05,follow-up,Negative,,,,Negative,,neg,Negative,,,2,,,,,,,,,31,,,,,,,,,yes,0,,,,,,,,,,,,
918,Sero-211-04,asym,2021-06-04,30,Sero-211,4,,,,,,,,,36,No,2021-08-04,follow-up,Negative,,,,Negative,,neg,Negative,,,2,,,,,,,,,61,,,,,,,,,yes,0,,,,,,,,,,,,
919,Sero-211-05,asym,2021-06-04,31,Sero-211,5,,,,,,,,,37,No,2021-09-04,follow-up,Negative,,,,Negative,,neg,Negative,,,2,,,,,,,,,92,,,,,,,,,yes,0,,,,,,,,,,,,
920,Sero-211-06,asym,2021-06-04,31,Sero-211,6,,,,,,,,,36,No,2021-10-05,follow-up,Negative,,,,PCR+,submicroscopic,pv,asymptomatic,recurrence,1,2,,,1,,,,,,123,0,123,123,1,,0,,,yes,95,0,,,,,,,,,,,
921,Sero-211-07,asym,2021-06-04,29,Sero-211,7,,,,,,,,,36,No,2021-11-03,follow-up,Negative,,,,Negative,,neg,Negative,,,2,,,,,,,,,152,,,,,,,,,yes,0,,,,,,,,,,,,
922,Sero-211-08,asym,2021-06-04,30,Sero-211,8,,,,,,,,,37,No,2021-12-03,follow-up,Positive,Pv,180,0,Mic+/PCR+,asymptomatic ,pv,Asym_persisting,persisting,,2,,,,,,,,,182,,,,,,0,,,yes,110,0,,,,,,,,,,,
923,Sero-211-09,asym,2021-06-04,31,Sero-211,9,,,,,,,,,36,No,2022-01-03,follow-up,Negative,,,,Negative,,neg,Negative,,,2,,,,,,,,,213,,,,,,,,,yes,0,,,,,,,,,,,,
924,Sero-211-10,asym,2021-06-04,30,Sero-211,10,,,,,,,,,36,No,2022-02-02,follow-up,Negative,,,,ND,,,,,,2,,,,,,,,,243,,,,,,,,,yes,,,,,,,,,,,,,
925,Sero-211-11,asym,2021-06-04,29,Sero-211,11,,,,,,,,,36,No,2022-03-03,follow-up,Negative,,,,PCR+,submicroscopic,pv,Asym_persisting,persisting,,2,,,,,,,,,272,,,,,,0,,,yes,6,0,,,,,,,,,,,
926,Sero-211-12,asym,2021-06-04,30,Sero-211,12,,,,,,,,,37,No,2022-04-02,follow-up,Negative,,,,Negative,,neg,Negative,,,2,,,,,,,,,302,,,,,,,,,yes,0,,,,,,,,,,,,
927,Sero-211-13,asym,2021-06-04,30,Sero-211,13,,,,,,,,,36,No,2022-05-02,follow-up,Negative,,,,Negative,,neg,Negative,,,2,,,,,,,,,332,,,,,,,,,yes,0,,,,,,,,,,,,
928,Sero-211-14,asym,2021-06-04,32,Sero-211,14,,,,,,,,,35,No,2022-06-03,follow-up,Negative,,,,PCR+,submicroscopic,pv,asymptomatic,recurrence,2,2,,,2,,,,,,364,123,364,241,1,,0,,,yes,16,0,,,,,,,,,,,
929,Sero-214-01,sym,2021-06-08,0,Sero-214,1,15,10,Female,39,Yes,3,Yes,Yes,,,2021-06-08,recruitment,Positive,Pv,7527,542,Mic+/PCR+,symptomatic,pv,Recruitment,Recruitment,,2,2,,,0,1,0,0,1,0,,,,,1,1,< 15 years,CQ; 3days + PQ; 14 days,yes,1600000,233228,31,27,87,infectious,11,,,,,,
930,Sero-214-03,sym,2021-06-08,24,Sero-214,3,,,,,,,,,35,No,2021-07-09,follow-up,Negative,,,,Negative,,neg,Negative,,,2,,,,,,,,,31,,,,,,,,,yes,0,,,,,,,,,,,,
931,Sero-214-04,sym,2021-06-08,17,Sero-214,4,,,,,,,,,37,Yes,2021-07-26,recurrence,Positive,Pv,3657,325,Mic+/PCR+,symptomatic,pv,symptomatic,recurrence,1,2,,1,,,,,,,48,0,48,48,1,,1,,CQ; 3days + PQ; 14 days,yes,418636,24,32,21,66,infectious,8,Sero-214-R01,Sero-214-R04,0,0.088173203,0.91182679,reinfection
932,Sero-214-05,sym,2021-06-08,31,Sero-214,5,,,,,,,,,35,No,2021-08-26,follow-up,Negative,,,,Negative,,neg,Negative,,,2,,,,,,,,,79,,,,,,,,,yes,0,,,,,,,,,,,,
933,Sero-214-06,sym,2021-06-08,26,Sero-214,6,,,,,,,,,37,Yes,2021-09-21,recurrence,Positive,Pv,3661,0,Mic+/PCR+,symptomatic,pv,symptomatic,recurrence,2,2,,2,,,,,,,105,48,105,57,1,,1,,CQ; 3days + PQ; 14 days,yes,128661,32864,,,,,,Sero-214-R04,Sero-214-R06,0,0.12237497,0.87762505,reinfection
934,Sero-214-07,sym,2021-06-08,31,Sero-214,7,,,,,,,,,36,No,2021-10-22,follow-up,Positive,Pv,400,,Mic+/PCR+,asymptomatic ,pv,Asym_persisting,persisting,,2,,,,,,,,,136,,,,,,1,,,yes,838,822,,,,,,,,,,,
935,Sero-214-08,sym,2021-06-08,29,Sero-214,8,,,,,,,,,35,No,2021-11-20,follow-up,Positive,mixed,523,,Mic+/PCR+,asymptomatic ,pv,Asym_persisting,persisting,,2,,,,,,,,,165,,,,,,1,,,yes,88548,13511,,,,,,,,,,,
936,Sero-214-09,sym,2021-06-08,31,Sero-214,9,,,,,,,,,36,No,2021-12-21,follow-up,Negative,,,,PCR+,submicroscopic,pv,Asym_persisting,persisting,,2,,,,,,,,,196,,,,,,1,,,yes,113,141,,,,,,,,,,,
937,Sero-214-10,sym,2021-06-08,32,Sero-214,10,,,,,,,,,35,No,2022-01-22,follow-up,Negative,,,,PCR+,submicroscopic,pv,Asym_persisting,persisting,,2,,,,,,,,,228,,,,,,1,,,yes,176,130,,,,,,,,,,,
938,Sero-214-11,sym,2021-06-08,33,Sero-214,11,,,,,,,,,36,No,2022-02-24,follow-up,Negative,,,,PCR+,submicroscopic,pv,Asym_persisting,persisting,,2,,,,,,,,,261,,,,,,0,,,yes,463,3,,,,,,,,,,,
939,Sero-214-12,sym,2021-06-08,27,Sero-214,12,,,,,,,,,37,No,2022-03-23,follow-up,Negative,,,,PCR+,submicroscopic,pv,Asym_persisting,persisting,,2,,,,,,,,,288,,,,,,1,,,yes,21,183,,,,,,,,,,,
940,Sero-214-13,sym,2021-06-08,26,Sero-214,13,,,,,,,,,36,No,2022-04-18,follow-up,Negative,,,,PCR+,submicroscopic,pv,Asym_persisting,persisting,,2,,,,,,,,,314,,,,,,1,,,yes,11,71,,,,,,,,,,,
941,Sero-214-14,sym,2021-06-08,35,Sero-214,14,,,,,,,,,35,No,2022-05-23,follow-up,Negative,,,,PCR+,submicroscopic,pv,Asym_persisting,persisting,,2,,,,,,,,,349,,,,,,0,,,yes,144,1,,,,,,,,,,,
942,Sero-215-01,sym,2021-06-08,0,Sero-215,1,14,11,Male,38,Yes,1,Yes,Yes,,,2021-06-08,recruitment,Positive,Pv,32,12,Mic+/PCR+,symptomatic,pv,Recruitment,Recruitment,,2,2,,,0,1,0,1,0,0,,,,,1,1,< 15 years,CQ; 3days + PQ; 14 days,yes,299883,24494,32,27,84,infectious,9,,,,,,
943,Sero-215-03,sym,2021-06-08,24,Sero-215,3,,,,,,,,,36,No,2021-07-09,follow-up,Negative,,,,Negative,,neg,Negative,,,2,,,,,,,,,31,,,,,,,,,yes,0,,,,,,,,,,,,
944,Sero-215-04,sym,2021-06-08,32,Sero-215,4,,,,,,,,,40,Yes,2021-08-10,recurrence,Positive,Pv,6930,365,Mic+/PCR+,symptomatic,pv,symptomatic,recurrence,1,2,,1,,,,,,,63,0,63,63,1,,1,,CQ; 3days + PQ; 14 days,yes,193020,29589,32,27,84,infectious,24,Sero-215-R01,Sero-215-R04,0,0.20801701,0.79198301,reinfection
945,Sero-215-05,sym,2021-06-08,38,Sero-215,5,,,,,,,,,37,Yes,2021-09-17,recurrence,Positive,Pv,1600,254,Mic+/PCR+,symptomatic,pv,Symp_persisting,persisting,,2,,,,,,,,,101,,,,,,1,,CQ; 3days + PQ; 14 days,yes,1400000,129557,30,13,43,infectious,45,Sero-215-R04,Sero-215-R05,0,0.18255933,0.81744069,reinfection
946,Sero-215-06,sym,2021-06-08,31,Sero-215,6,,,,,,,,,36,No,2021-10-18,follow-up,Negative,,,,Negative,,neg,Negative,,,2,,,,,,,,,132,,,,,,,,,yes,0,,,,,,,,,,,,
947,Sero-215-07,sym,2021-06-08,33,Sero-215,7,,,,,,,,,37,Yes,2021-11-20,recurrence,Positive,Pv,1970,0,Mic+/PCR+,symptomatic,pv,symptomatic,recurrence,2,2,,2,,,,,,,165,63,165,102,1,,1,,CQ; 3days + PQ; 14 days,yes,1700000,65710,30,8,27,infectious,43,Sero-215-R05,Sero-215-R07,0,0.12766516,0.87233484,reinfection
948,Sero-215-08,sym,2021-06-08,34,Sero-215,8,,,,,,,,,36,No,2021-12-24,follow-up,Negative,,,,PCR+,submicroscopic,pv,Asym_persisting,persisting,,2,,,,,,,,,199,,,,,,0,,,yes,16,0,,,,,,,,,,,
949,Sero-215-09,sym,2021-06-08,29,Sero-215,9,,,,,,,,,36,No,2022-01-22,follow-up,Negative,,,,PCR+,submicroscopic,pv,Asym_persisting,persisting,,2,,,,,,,,,228,,,,,,1,,,yes,246,210,,,,,,,,,,,
950,Sero-215-10,sym,2021-06-08,33,Sero-215,10,,,,,,,,,37,No,2022-02-24,follow-up,Negative,,,,PCR+,submicroscopic,pv,Asym_persisting,persisting,,2,,,,,,,,,261,,,,,,1,,,yes,614,254,,,,,,,,,,,
951,Sero-215-11,sym,2021-06-08,30,Sero-215,11,,,,,,,,,36,No,2022-03-26,follow-up,Positive,Pv,133,,Mic+/PCR+,asymptomatic ,pv,Asym_persisting,persisting,,2,,,,,,,,,291,,,,,,0,,,yes,423,1,,,,,,,,,,,
952,Sero-215-12,sym,2021-06-08,31,Sero-215,12,,,,,,,,,36,No,2022-04-26,follow-up,Negative,,,,PCR+,submicroscopic,pv,Asym_persisting,persisting,,2,,,,,,,,,322,,,,,,1,,,yes,64,99,,,,,,,,,,,
953,Sero-215-13,sym,2021-06-08,27,Sero-215,13,,,,,,,,,36,Yes,2022-05-23,follow-up,Negative,,,,Negative,,neg,Negative,,,2,,,,,,,,,349,,,,,,,,,yes,0,,,,,,,,,,,,
954,Sero-216-01,asym,2021-06-10,0,Sero-216,1,14,11,Female,36,Yes,,No,Yes,,,2021-06-10,recruitment,Positive,Pv,3111,315,Mic+/PCR+,symptomatic,pv,Recruitment,Recruitment,,1,0,,,0,0,1,0,1,0,,,,,0,1,< 15 years,CQ; 3days + PQ; 14 days,yes,71019,115832,29,26,90,infectious,32,,,,,,
955,Sero-216-03,asym,2021-06-10,22,Sero-216,3,,,,,,,,,37,No,2021-07-09,follow-up,Negative,,,,Negative,,neg,Negative,,,1,,,,,,,,,29,,,,,,,,,yes,0,,,,,,,,,,,,
956,Sero-216-04,asym,2021-06-10,32,Sero-216,4,,,,,,,,,35,No,2021-08-10,follow-up,Positive,Pv,355,,Mic+/PCR+,asymptomatic ,pv,Asym_persisting,persisting,,1,,,,,,,,,61,,,,,,1,,,yes,107,2980,,,,,,,,,,,
957,Sero-216-05,asym,2021-06-10,30,Sero-216,5,,,,,,,,,36,No,2021-09-09,follow-up,Negative,,,,PCR+,submicroscopic,pv,Asym_persisting,persisting,,1,,,,,,,,,91,,,,,,1,,,yes,23,403,,,,,,,,,,,
958,Sero-216-06,asym,2021-06-10,32,Sero-216,6,,,,,,,,,35,No,2021-10-11,follow-up,Negative,,,,Negative,,neg,Negative,,,1,,,,,,,,,123,,,,,,,,,yes,0,,,,,,,,,,,,
959,Sero-216-07,asym,2021-06-10,31,Sero-216,7,,,,,,,,,36,No,2021-11-11,follow-up,Negative,,,,PCR+,submicroscopic,pv,Asym_persisting,persisting,,1,,,,,,,,,154,,,,,,1,,,yes,7,274,,,,,,,,,,,
960,Sero-216-08,asym,2021-06-10,29,Sero-216,8,,,,,,,,,36,No,2021-12-10,follow-up,Negative,,,,PCR+,submicroscopic,pv,Asym_persisting,persisting,,1,,,,,,,,,183,,,,,,0,,,yes,19,1,,,,,,,,,,,
961,Sero-216-09,asym,2021-06-10,34,Sero-216,9,,,,,,,,,36,No,2022-01-13,follow-up,Negative,,,,Negative,,neg,Negative,,,1,,,,,,,,,217,,,,,,,,,yes,0,,,,,,,,,,,,
962,Sero-216-10,asym,2021-06-10,35,Sero-216,10,,,,,,,,,36,No,2022-02-17,follow-up,Negative,,,,Negative,,neg,Negative,,,1,,,,,,,,,252,,,,,,,,,yes,0,,,,,,,,,,,,
963,Sero-216-11,asym,2021-06-10,22,Sero-216,11,,,,,,,,,35,No,2022-03-11,follow-up,Positive,Pv,,47,Mic+/PCR+,asymptomatic ,pv,asymptomatic,recurrence,1,1,,,1,,,,,,274,0,274,274,1,,0,,,yes,356,2,,,,,,,,,,,
964,Sero-216-12,asym,2021-06-10,40,Sero-216,12,,,,,,,,,35,No,2022-04-20,follow-up,Positive,Pv,44,,Mic+/PCR+,asymptomatic ,pv,Asym_persisting,persisting,,1,,,,,,,,,314,,,,,,1,,,yes,16,621,,,,,,,,,,,
965,Sero-216-13,asym,2021-06-10,34,Sero-216,13,,,,,,,,,36,No,2022-05-24,follow-up,Negative,,,,PCR+,submicroscopic,pv,Asym_persisting,persisting,,1,,,,,,,,,348,,,,,,1,,,yes,16,21,,,,,,,,,,,
966,Sero-217-01,,2021-06-10,0,Sero-217,1,1,16,Female,35,No,,No,Yes,,,2021-06-10,recruitment,Positive,Pv,10400,5642,Mic+/PCR+,symptomatic,pv,Recruitment,Recruitment,,0,0,,,1,0,0,0,0,0,,,,,0,1,above 15 years,CQ; 3days + PQ; 14 days,yes,662877,630075,30,29,97,infectious,70,,,,,,
967,Sero-218-01,sym,2021-06-14,0,Sero-218,1,15,15,Female,37,Yes,3,No,Yes,,,2021-06-14,recruitment,Positive,Pv,1512,124,Mic+/PCR+,symptomatic,pv,Recruitment,Recruitment,,1,1,,,0,1,0,0,1,0,,,,,0,1,< 15 years,CQ; 3days + PQ; 14 days,yes,64784,2432,31,14,45,infectious,8,,,,,,
968,Sero-218-03,sym,2021-06-14,24,Sero-218,3,,,,,,,,,34,No,2021-07-16,follow-up,Negative,,,,Negative,,neg,Negative,,,1,,,,,,,,,32,,,,,,,,,yes,0,,,,,,,,,,,,
969,Sero-218-04,sym,2021-06-14,33,Sero-218,4,,,,,,,,,36,No,2021-08-18,follow-up,Negative,,,,Negative,,neg,Negative,,,1,,,,,,,,,65,,,,,,,,,yes,0,,,,,,,,,,,,
970,Sero-218-05,sym,2021-06-14,34,Sero-218,5,,,,,,,,,36,No,2021-09-21,follow-up,Negative,,,,Negative,,neg,Negative,,,1,,,,,,,,,99,,,,,,,,,yes,0,,,,,,,,,,,,
971,Sero-218-06,sym,2021-06-14,30,Sero-218,6,,,,,,,,,35,No,2021-10-21,follow-up,Negative,,,,Negative,,neg,Negative,,,1,,,,,,,,,129,,,,,,,,,yes,0,,,,,,,,,,,,
972,Sero-218-07,sym,2021-06-14,29,Sero-218,7,,,,,,,,,35,Yes,2021-11-19,follow-up,Positive,Pv,121,,Mic+/PCR+,asymptomatic ,pv,Asym_persisting,persisting,,1,,,,,,,,,158,,,,,,1,,,yes,46,348,,,,,,,,,,,
973,Sero-218-08,sym,2021-06-14,4,Sero-218,8,,,,,,,,,38,Yes,2021-11-23,recurrence,Positive,Pv,2009,546,Mic+/PCR+,symptomatic,pv,symptomatic,recurrence,1,1,,1,,,,,,,162,0,162,162,1,,1,,CQ; 3days + PQ; 14 days,yes,75508,70473,30,13,43,infectious,6,Sero-218-R01,Sero-218-R08,0,0.19268094,0.80731905,reinfection
974,Sero-218-09,sym,2021-06-14,31,Sero-218,9,,,,,,,,,36,No,2021-12-24,follow-up,Negative,,,,Negative,,neg,Negative,,,1,,,,,,,,,193,,,,,,,,,yes,0,,,,,,,,,,,,
975,Sero-218-10,sym,2021-06-14,31,Sero-218,10,,,,,,,,,36,No,2022-01-24,follow-up,Negative,,,,Negative,,neg,Negative,,,1,,,,,,,,,224,,,,,,,,,yes,0,,,,,,,,,,,,
976,Sero-218-11,sym,2021-06-14,30,Sero-218,11,,,,,,,,,35,No,2022-02-23,follow-up,Negative,,,,Negative,,neg,Negative,,,1,,,,,,,,,254,,,,,,,,,yes,0,,,,,,,,,,,,
977,Sero-218-12,sym,2021-06-14,27,Sero-218,12,,,,,,,,,35,No,2022-03-22,follow-up,Negative,,,,Negative,,neg,Negative,,,1,,,,,,,,,281,,,,,,,,,yes,0,,,,,,,,,,,,
978,Sero-218-13,sym,2021-06-14,27,Sero-218,13,,,,,,,,,34,No,2022-04-18,follow-up,Negative,,,,Negative,,neg,Negative,,,1,,,,,,,,,308,,,,,,0,,,yes,0,0,,,,,,,,,,,
979,Sero-218-14,sym,2021-06-14,30,Sero-218,14,,,,,,,,,35,No,2022-05-18,follow-up,Negative,,,,Negative,,neg,Negative,,,1,,,,,,,,,338,,,,,,,,,yes,0,,,,,,,,,,,,
980,Sero-218-15,sym,2021-06-14,33,Sero-218,15,,,,,,,,,36,No,2022-06-20,follow-up,Negative,,,,ND,,,,,,1,,,,,,,,,371,,,,,,,,,yes,,,,,,,,,,,,,
981,Sero-219-01,,2021-06-16,0,Sero-219,1,14,30,Female,37,Yes,4,Yes,Yes,,,2021-06-16,recruitment,Positive,Pv,130,23,Mic+/PCR+,symptomatic,pv,Recruitment,Recruitment,,0,0,,,1,0,0,0,0,0,,,,,0,1,above 15 years,CQ; 3days + PQ; 14 days,yes,4063,2252,30,29,97,infectious,11,,,,,,
982,Sero-219-03,,2021-06-16,23,Sero-219,3,,,,,,,,,37,No,2021-07-16,follow-up,Negative,,,,Negative,,neg,Negative,,,0,,,,,,,,,30,,,,,,,,,yes,0,,,,,,,,,,,,
983,Sero-219-04,,2021-06-16,31,Sero-219,4,,,,,,,,,37,No,2021-08-16,follow-up,Negative,,,,Negative,,neg,Negative,,,0,,,,,,,,,61,,,,,,,,,yes,0,,,,,,,,,,,,
984,Sero-219-05,,2021-06-16,31,Sero-219,5,,,,,,,,,36,No,2021-09-16,follow-up,Negative,,,,Negative,,neg,Negative,,,0,,,,,,,,,92,,,,,,,,,yes,0,,,,,,,,,,,,
985,Sero-219-06,,2021-06-16,32,Sero-219,6,,,,,,,,,37,No,2021-10-18,follow-up,Negative,,,,Negative,,neg,Negative,,,0,,,,,,,,,124,,,,,,,,,yes,0,,,,,,,,,,,,
986,Sero-219-07,,2021-06-16,30,Sero-219,7,,,,,,,,,37,No,2021-11-17,follow-up,Negative,,,,Negative,,neg,Negative,,,0,,,,,,,,,154,,,,,,,,,yes,0,,,,,,,,,,,,
987,Sero-219-08,,2021-06-16,29,Sero-219,8,,,,,,,,,39,Yes,2021-12-16,follow-up,Positive,P.f,60380,,Pf,Pf,pf,new infection,Pf,,0,,,,,,,,,183,,,,,,,,,yes,0,,,,,,,,,,,,
988,Sero-219-09,,2021-06-16,30,Sero-219,9,,,,,,,,,37,No,2022-01-15,follow-up,Negative,,,,Negative,,neg,Negative,,,0,,,,,,,,,213,,,,,,,,,yes,0,,,,,,,,,,,,
989,Sero-219-10,,2021-06-16,30,Sero-219,10,,,,,,,,,37,No,2022-02-14,follow-up,Negative,,,,Negative,,neg,Negative,,,0,,,,,,,,,243,,,,,,,,,yes,0,,,,,,,,,,,,
990,Sero-219-11,,2021-06-16,29,Sero-219,11,,,,,,,,,37,No,2022-03-15,follow-up,Negative,,,,Negative,,neg,Negative,,,0,,,,,,,,,272,,,,,,,,,yes,0,,,,,,,,,,,,
991,Sero-219-12,,2021-06-16,31,Sero-219,12,,,,,,,,,37,No,2022-04-15,follow-up,Negative,,,,Negative,,neg,Negative,,,0,,,,,,,,,303,,,,,,,,,yes,0,,,,,,,,,,,,
992,Sero-219-13,,2021-06-16,33,Sero-219,13,,,,,,,,,37,No,2022-05-18,follow-up,Negative,,,,Negative,,neg,Negative,,,0,,,,,,,,,336,,,,,,,,,yes,0,,,,,,,,,,,,
993,Sero-219-14,,2021-06-16,28,Sero-219,14,,,,,,,,,36,No,2022-06-15,follow-up,Negative,,,,Negative,,neg,Negative,,,0,,,,,,,,,364,0,364,364,0,,,,,yes,0,,,,,,,,,,,,
994,Sero-220-01,,2021-06-16,0,Sero-220,1,1,8,Male,40,Yes,1,No,Yes,,,2021-06-16,recruitment,Positive,Pv,12019,0,Mic+/PCR+,symptomatic,pv,Recruitment,Recruitment,,0,0,,,1,0,0,0,0,0,,,,,1,1,< 15 years,CQ; 3days + PQ; 14 days,yes,441353,46960,32,0,0,non-infectious,0,,,,,,
995,Sero-221-01,,2021-06-17,0,Sero-221,1,14,40,Female,37,No,,No,Yes,,,2021-06-17,recruitment,Positive,Pv,31,0,Mic+/PCR+,symptomatic,pv,Recruitment,Recruitment,,0,0,,,1,0,0,0,0,0,,,,,0,1,above 15 years,CQ; 3days + PQ; 14 days,yes,5579,4199,32,4,13,infectious,1,,,,,,
996,Sero-221-03,,2021-06-17,22,Sero-221,3,,,,,,,,,36,No,2021-07-16,follow-up,Negative,,,,ND,,,,,,0,,,,,,,,,29,,,,,,,,,yes,,,,,,,,,,,,,
997,Sero-221-04,,2021-06-17,33,Sero-221,4,,,,,,,,,36,No,2021-08-18,follow-up,Negative,,,,ND,,,,,,0,,,,,,,,,62,,,,,,,,,yes,,,,,,,,,,,,,
998,Sero-221-05,,2021-06-17,29,Sero-221,5,,,,,,,,,36,Yes,2021-09-16,follow-up,Negative,,,,Negative,,neg,Negative,,,0,,,,,,,,,91,,,,,,,,,yes,0,,,,,,,,,,,,
999,Sero-221-06,,2021-06-17,30,Sero-221,6,,,,,,,,,36,No,2021-10-16,follow-up,Negative,,,,ND,,,,,,0,,,,,,,,,121,,,,,,,,,yes,,,,,,,,,,,,,
1000,Sero-221-07,,2021-06-17,32,Sero-221,7,,,,,,,,,36,No,2021-11-17,follow-up,Negative,,,,ND,,,,,,0,,,,,,,,,153,,,,,,,,,yes,,,,,,,,,,,,,
1001,Sero-221-08,,2021-06-17,30,Sero-221,8,,,,,,,,,36,No,2021-12-17,follow-up,Negative,,,,Negative,,neg,Negative,,,0,,,,,,,,,183,,,,,,,,,yes,0,,,,,,,,,,,,
1002,Sero-221-09,,2021-06-17,31,Sero-221,9,,,,,,,,,36,No,2022-01-17,follow-up,Negative,,,,ND,,,,,,0,,,,,,,,,214,,,,,,,,,yes,,,,,,,,,,,,,
1003,Sero-221-10,,2021-06-17,40,Sero-221,10,,,,,,,,,36,No,2022-02-26,follow-up,Negative,,,,ND,,,,,,0,,,,,,,,,254,,,,,,,,,yes,,,,,,,,,,,,,
1004,Sero-221-11,,2021-06-17,28,Sero-221,11,,,,,,,,,35,No,2022-03-26,follow-up,Negative,,,,Negative,,neg,Negative,,,0,,,,,,,,,282,,,,,,,,,yes,0,,,,,,,,,,,,
1005,Sero-221-12,,2021-06-17,21,Sero-221,12,,,,,,,,,35,No,2022-04-16,follow-up,Negative,,,,ND,,,,,,0,,,,,,,,,303,,,,,,,,,yes,,,,,,,,,,,,,
1006,Sero-221-13,,2021-06-17,32,Sero-221,13,,,,,,,,,36,No,2022-05-18,follow-up,Negative,,,,ND,,,,,,0,,,,,,,,,335,,,,,,,,,yes,,,,,,,,,,,,,
1007,Sero-221-14,,2021-06-17,30,Sero-221,14,,,,,,,,,36,No,2022-06-17,follow-up,Negative,,,,Negative,,neg,Negative,,,0,,,,,,,,,335,0,335,335,0,,,,,yes,0,,,,,,,,,,,,
1008,Sero-222-01,sym,2021-06-18,0,Sero-222,1,15,13,Male,40,Yes,2,Yes,Yes,,,2021-06-18,recruitment,Positive,Pv,21157,4554,Mic+/PCR+,symptomatic,pv,Recruitment,Recruitment,,1,1,,,0,1,0,0,1,0,,,,,1,1,< 15 years,CQ; 3days + PQ; 14 days,yes,1700000,13606,31,20,65,infectious,20,,,,,,
1009,Sero-222-03,sym,2021-06-18,24,Sero-222,3,,,,,,,,,36,No,2021-07-19,follow-up,Negative,,,,Negative,,neg,Negative,,,1,,,,,,,,,31,,,,,,,,,yes,0,,,,,,,,,,,,
1010,Sero-222-04,sym,2021-06-18,30,Sero-222,4,,,,,,,,,37,No,2021-08-18,follow-up,Negative,,,,Negative,,neg,Negative,,,1,,,,,,,,,61,,,,,,,,,yes,0,,,,,,,,,,,,
1011,Sero-222-05,sym,2021-06-18,10,Sero-222,5,,,,,,,,,41,Yes,2021-08-28,recurrence,Positive,Pv,4254,0,Mic+/PCR+,symptomatic,pv,symptomatic,recurrence,1,1,,1,,,,,,,71,0,71,71,1,,1,,,yes,106119,111849,30,0,0,non-infectious,0,Sero-222-R01,Sero-222-R05,0,0.99990392,9.61E-05,relapse
1012,Sero-222-06,sym,2021-06-18,33,Sero-222,6,,,,,,,,,36,No,2021-09-30,follow-up,Negative,,,,Negative,,neg,Negative,,,1,,,,,,,,,104,,,,,,,,,yes,0,,,,,,,,,,,,
1013,Sero-222-07,sym,2021-06-18,30,Sero-222,7,,,,,,,,,36,No,2021-10-30,follow-up,Positive,Pv,,,Mic+/PCR+,asymptomatic ,pv,Asym_persisting,persisting,,1,,,,,,,,,134,,,,,,1,,,yes,640,12865,,,,,,,,,,,
1014,Sero-222-08,sym,2021-06-18,31,Sero-222,8,,,,,,,,,36,No,2021-11-30,follow-up,Negative,,,,PCR+,submicroscopic,pv,Asym_persisting,persisting,,1,,,,,,,,,165,,,,,,1,,,yes,272,22,,,,,,,,,,,
1015,Sero-222-09,sym,2021-06-18,30,Sero-222,9,,,,,,,,,36,No,2021-12-30,follow-up,Negative,,,,PCR+,submicroscopic,pv,Asym_persisting,persisting,,1,,,,,,,,,195,,,,,,1,,,yes,96,86,,,,,,,,,,,
1016,Sero-222-10,sym,2021-06-18,31,Sero-222,10,,,,,,,,,34,No,2022-01-30,follow-up,Negative,,,,PCR+,submicroscopic,pv,Asym_persisting,persisting,,1,,,,,,,,,226,,,,,,0,,,yes,18,1,,,,,,,,,,,
1017,Sero-222-11,sym,2021-06-18,29,Sero-222,11,,,,,,,,,35,No,2022-02-28,follow-up,Negative,,,,PCR+,submicroscopic,pv,Asym_persisting,persisting,,1,,,,,,,,,255,,,,,,0,,,yes,18,0,,,,,,,,,,,
1018,Sero-222-12,sym,2021-06-18,33,Sero-222,12,,,,,,,,,35,No,2022-04-02,follow-up,Negative,,,,Negative,,neg,Negative,,,1,,,,,,,,,288,,,,,,,,,yes,0,,,,,,,,,,,,
1019,Sero-222-13,sym,2021-06-18,35,Sero-222,13,,,,,,,,,36,No,2022-05-07,follow-up,Negative,,,,Negative,,neg,Negative,,,1,,,,,,,,,323,,,,,,,,,yes,0,,,,,,,,,,,,
1020,Sero-222-14,sym,2021-06-18,31,Sero-222,14,,,,,,,,,35,No,2022-06-07,follow-up,Negative,,,,Negative,,neg,Negative,,,1,,,,,,,,,354,,,,,,,,,yes,0,,,,,,,,,,,,
1021,Sero-223-01,,2021-06-22,0,Sero-223,1,14,35,Female,36,No,,No,Yes,,,2021-06-22,recruitment,Positive,Pv,31,0,Mic+/PCR+,symptomatic,pv,Recruitment,Recruitment,,0,0,,,1,0,0,0,0,0,,,,,0,1,above 15 years,CQ; 3days + PQ; 14 days,yes,7151,77,,,,,,,,,,,
1022,Sero-223-03,,2021-06-22,20,Sero-223,3,,,,,,,,,36,No,2021-07-23,follow-up,Negative,,,,ND,,,,,,0,,,,,,,,,31,,,,,,,,,yes,,,,,,,,,,,,,
1023,Sero-223-04,,2021-06-22,33,Sero-223,4,,,,,,,,,35,No,2021-08-25,follow-up,Negative,,,,ND,,,,,,0,,,,,,,,,64,,,,,,,,,yes,,,,,,,,,,,,,
1024,Sero-223-05,,2021-06-22,30,Sero-223,5,,,,,,,,,37,No,2021-09-24,follow-up,Negative,,,,Negative,,neg,Negative,,,0,,,,,,,,,94,,,,,,,,,yes,0,,,,,,,,,,,,
1025,Sero-223-06,,2021-06-22,29,Sero-223,6,,,,,,,,,38,Yes,2021-10-23,follow-up,Negative,,,,ND,,,,,,0,,,,,,,,,123,,,,,,,,,yes,,,,,,,,,,,,,
1026,Sero-223-07,,2021-06-22,32,Sero-223,7,,,,,,,,,36,No,2021-11-24,follow-up,Negative,,,,ND,,,,,,0,,,,,,,,,155,,,,,,,,,yes,,,,,,,,,,,,,
1027,Sero-223-08,,2021-06-22,31,Sero-223,8,,,,,,,,,34,No,2021-12-25,follow-up,Negative,,,,Negative,,neg,Negative,,,0,,,,,,,,,186,,,,,,,,,yes,0,,,,,,,,,,,,
1028,Sero-223-09,,2021-06-22,34,Sero-223,9,,,,,,,,,34,No,2022-01-28,follow-up,Negative,,,,ND,,,,,,0,,,,,,,,,220,,,,,,,,,yes,,,,,,,,,,,,,
1029,Sero-223-10,,2021-06-22,33,Sero-223,10,,,,,,,,,36,No,2022-03-02,follow-up,Negative,,,,ND,,,,,,0,,,,,,,,,253,,,,,,,,,yes,,,,,,,,,,,,,
1030,Sero-223-11,,2021-06-22,30,Sero-223,11,,,,,,,,,36,No,2022-04-01,follow-up,Negative,,,,Negative,,neg,Negative,,,0,,,,,,,,,283,,,,,,,,,yes,0,,,,,,,,,,,,
1031,Sero-223-12,,2021-06-22,34,Sero-223,12,,,,,,,,,35,No,2022-05-05,follow-up,Negative,,,,ND,,,,,,0,,,,,,,,,317,,,,,,,,,yes,,,,,,,,,,,,,
1032,Sero-223-13,,2021-06-22,32,Sero-223,13,,,,,,,,,35,No,2022-06-06,follow-up,Negative,,,,ND,,,,,,0,,,,,,,,,349,,,,,,,,,yes,,,,,,,,,,,,,
1033,Sero-224-01,asym,2021-06-22,0,Sero-224,1,14,11,Male,35,No,,No,Yes,,,2021-06-22,recruitment,Positive,Pv,1053,0,Mic+/PCR+,symptomatic,pv,Recruitment,Recruitment,,1,0,,,0,0,1,1,0,0,,,,,0,1,< 15 years,CQ; 3days + PQ; 14 days,yes,259438,6664,,,,,,,,,,,
1034,Sero-224-03,asym,2021-06-22,23,Sero-224,3,,,,,,,,,36,No,2021-07-22,follow-up,Negative,,,,Negative,,neg,Negative,,,1,,,,,,,,,30,,,,,,,,,yes,0,,,,,,,,,,,,
1035,Sero-224-04,asym,2021-06-22,30,Sero-224,4,,,,,,,,,36,No,2021-08-21,follow-up,Negative,,,,PCR+,submicroscopic,pv,Asym_persisting,persisting,,1,,,,,,,,,60,,,,,,1,,,yes,62,13324,,,,,,,,,,,
1036,Sero-224-05,asym,2021-06-22,31,Sero-224,5,,,,,,,,,36,Yes,2021-09-21,recurrence,Positive,P.v + P.f,9393,0,Mic+/PCR+,symptomatic,pv,Symp_persisting,persisting,,1,,,,,,,,,91,,,,,,1,,CQ; 3days + PQ; 14 days,yes,456332,315123,,,,,,Sero-224-R01,Sero-224-R05,0,0.98409015,0.01590988,relapse
1037,Sero-224-06,asym,2021-06-22,31,Sero-224,6,,,,,,,,,36,Yes,2021-10-22,recurrence,Positive,Pv,15722,0,Mic+/PCR+,symptomatic,pv,Symp_persisting,persisting,,1,,,,,,,,,122,,,,,,1,,CQ; 3days + PQ; 14 days,yes,472628,370160,,,,,,Sero-224-R05,Sero-224-R06,0,0.78003407,0.21996593,relapse
1038,Sero-224-07,asym,2021-06-22,29,Sero-224,7,,,,,,,,,36,No,2021-11-20,follow-up,Negative,,,,Negative,,neg,Negative,,,1,,,,,,,,,151,,,,,,,,,yes,0,,,,,,,,,,,,
1039,Sero-224-08,asym,2021-06-22,30,Sero-224,8,,,,,,,,,36,No,2021-12-20,follow-up,Negative,,,,Negative,,neg,Negative,,,1,,,,,,,,,181,,,,,,,,,yes,0,,,,,,,,,,,,
1040,Sero-224-09,asym,2021-06-22,26,Sero-224,9,,,,,,,,,36,No,2022-01-15,follow-up,Negative,,,,Negative,,neg,Negative,,,1,,,,,,,,,207,,,,,,,,,yes,0,,,,,,,,,,,,
1041,Sero-224-10,asym,2021-06-22,30,Sero-224,10,,,,,,,,,36,No,2022-02-14,follow-up,Negative,,,,Negative,,neg,Negative,,,1,,,,,,,,,237,,,,,,,,,yes,0,,,,,,,,,,,,
1042,Sero-224-11,asym,2021-06-22,30,Sero-224,11,,,,,,,,,35,No,2022-03-16,follow-up,Negative,,,,Negative,,neg,Negative,,,1,,,,,,,,,267,,,,,,,,,yes,0,,,,,,,,,,,,
1043,Sero-224-12,asym,2021-06-22,30,Sero-224,12,,,,,,,,,35,Yes,2022-04-15,follow-up,Negative,,,,PCR+,submicroscopic,pv,asymptomatic,recurrence,1,1,,,1,,,,,,297,0,297,297,1,,1,,,yes,350,284,,,,,,,,,,,
1044,Sero-224-13,asym,2021-06-22,31,Sero-224,13,,,,,,,,,36,No,2022-05-16,follow-up,Negative,,,,Negative,,neg,Negative,,,1,,,,,,,,,328,,,,,,,,,yes,0,,,,,,,,,,,,
1045,Sero-224-14,asym,2021-06-22,29,Sero-224,14,,,,,,,,,36,No,2022-06-14,follow-up,Negative,,,,Negative,,neg,Negative,,,1,,,,,,,,,357,297,357,60,0,,,,,yes,0,,,,,,,,,,,,
1046,Sero-225-01,,2021-06-23,0,Sero-225,1,1,34,Male,36,No,,No,Yes,,,2021-06-23,recruitment,Positive,Pv,63,0,Mic+/PCR+,symptomatic,pv,Recruitment,Recruitment,,0,0,,,1,0,0,0,0,0,,,,,0,1,above 15 years,CQ; 3days + PQ; 14 days,yes,1377,5143,30,16,53,infectious,4,,,,,,
1047,Sero-227-01,asym,2021-06-23,0,Sero-227,1,14,40,Male,36,No,,No,Yes,,,2021-06-23,recruitment,Positive,Pv,862,152,Mic+/PCR+,symptomatic,pv,Recruitment,Recruitment,,2,0,,,0,0,1,0,0,0,,,,,0,1,above 15 years,CQ; 3days + PQ; 14 days,yes,38187,3286,30,20,67,infectious,6,,,,,,
1048,Sero-227-03,asym,2021-06-23,26,Sero-227,3,,,,,,,,,34,No,2021-07-26,follow-up,Negative,,,,Negative,,neg,Negative,,,2,,,,,,,,,33,,,,,,,,,yes,0,,,,,,,,,,,,
1049,Sero-227-04,asym,2021-06-23,30,Sero-227,4,,,,,,,,,37,No,2021-08-25,follow-up,Negative,,,,Negative,,neg,Negative,,,2,,,,,,,,,63,,,,,,,,,yes,0,,,,,,,,,,,,
1050,Sero-227-05,asym,2021-06-23,31,Sero-227,5,,,,,,,,,37,No,2021-09-25,follow-up,Negative,,,,Negative,,neg,Negative,,,2,,,,,,,,,94,,,,,,,,,yes,0,,,,,,,,,,,,
1051,Sero-227-06,asym,2021-06-23,30,Sero-227,6,,,,,,,,,37,No,2021-10-25,follow-up,Negative,,,,Negative,,neg,Negative,,,2,,,,,,,,,124,,,,,,,,,yes,0,,,,,,,,,,,,
1052,Sero-227-07,asym,2021-06-23,17,Sero-227,7,,,,,,,,,35,No,2021-11-11,follow-up,Negative,,,,PCR+,submicroscopic,pv,asymptomatic,recurrence,1,2,,,1,,,,,,141,0,141,141,1,,,,,yes,5,,,,,,,,,,,,
1053,Sero-227-08,asym,2021-06-23,44,Sero-227,8,,,,,,,,,36,No,2021-12-25,follow-up,Negative,,,,Negative,,neg,Negative,,,2,,,,,,,,,185,,,,,,,,,yes,0,,,,,,,,,,,,
1054,Sero-227-09,asym,2021-06-23,39,Sero-227,9,,,,,,,,,36,No,2022-02-02,follow-up,Positive,P.f,255,,Pf,Pf,pf,new infection,Pf,,2,,,,,,,,,224,,,,,,,,,yes,0,,,,,,,,,,,,
1055,Sero-227-10,asym,2021-06-23,41,Sero-227,10,,,,,,,,,35,No,2022-03-15,follow-up,Positive,P.f,363,72,Pf,Pf,pf,new infection,Pf,,2,,,,,,,,,265,,,,,,,,,yes,0,,,,,,,,,,,,
1056,Sero-227-11,asym,2021-06-23,30,Sero-227,11,,,,,,,,,37,No,2022-04-14,follow-up,Positive,P.f,,23,Pf,Pf,pf,new infection,Pf,,2,,,,,,,,,295,,,,,,,,,yes,0,,,,,,,,,,,,
1057,Sero-227-12,asym,2021-06-23,30,Sero-227,12,,,,,,,,,36,No,2022-05-14,follow-up,Negative,,,,Pf,Pf,pf,new infection,Pf,,2,,,,,,,,,325,,,,,,,,,yes,0,,,,,,,,,,,,
1058,Sero-227-13,asym,2021-06-23,32,Sero-227,13,,,,,,,,,36,No,2022-06-15,follow-up,Positive,mixed,291,0,Mic+/PCR+,asymptomatic ,mixed,asymptomatic,recurrence,2,2,,,2,,,,,,357,141,357,216,1,,1,,,yes,135,583,,,,,,,,,,,
1059,Sero-233-01,,2021-06-28,0,Sero-233,1,14,13,Male,41,Yes,1,Yes,Yes,,,2021-06-28,recruitment,Positive,Pv,32128,320,Mic+/PCR+,symptomatic,pv,Recruitment,Recruitment,,0,0,,,1,0,0,0,0,0,,,,,1,1,< 15 years,CQ; 3days + PQ; 14 days,yes,1400000,85730,36,0,0,non-infectious,0,,,,,,
1060,Sero-233-03,,2021-06-28,28,Sero-233,3,,,,,,,,,36,No,2021-08-02,follow-up,Negative,,,,ND,,,,,,0,,,,,,,,,35,,,,,,,,,yes,,,,,,,,,,,,,
1061,Sero-233-04,,2021-06-28,31,Sero-233,4,,,,,,,,,37,No,2021-09-02,follow-up,Negative,,,,ND,,,,,,0,,,,,,,,,66,,,,,,,,,yes,,,,,,,,,,,,,
1062,Sero-233-05,,2021-06-28,30,Sero-233,5,,,,,,,,,36,No,2021-10-02,follow-up,Negative,,,,Negative,,neg,Negative,,,0,,,,,,,,,96,,,,,,,,,yes,0,,,,,,,,,,,,
1063,Sero-233-06,,2021-06-28,31,Sero-233,6,,,,,,,,,36,No,2021-11-02,follow-up,Negative,,,,ND,,,,,,0,,,,,,,,,127,,,,,,,,,yes,,,,,,,,,,,,,
1064,Sero-233-07,,2021-06-28,34,Sero-233,7,,,,,,,,,37,No,2021-12-06,follow-up,Negative,,,,ND,,,,,,0,,,,,,,,,161,,,,,,,,,yes,,,,,,,,,,,,,
1065,Sero-233-08,,2021-06-28,35,Sero-233,8,,,,,,,,,37,No,2022-01-10,follow-up,Negative,,,,Negative,,neg,Negative,,,0,,,,,,,,,196,,,,,,,,,yes,0,,,,,,,,,,,,
1066,Sero-233-09,,2021-06-28,33,Sero-233,9,,,,,,,,,37,No,2022-02-12,follow-up,Negative,,,,ND,,,,,,0,,,,,,,,,229,,,,,,,,,yes,,,,,,,,,,,,,
1067,Sero-233-10,,2021-06-28,28,Sero-233,10,,,,,,,,,36,No,2022-03-12,follow-up,Negative,,,,ND,,,,,,0,,,,,,,,,257,,,,,,,,,yes,,,,,,,,,,,,,
1068,Sero-233-11,,2021-06-28,28,Sero-233,11,,,,,,,,,35,No,2022-04-09,follow-up,Negative,,,,Negative,,neg,Negative,,,0,,,,,,,,,285,,,,,,,,,yes,0,,,,,,,,,,,,
1069,Sero-233-12,,2021-06-28,30,Sero-233,12,,,,,,,,,36,No,2022-05-09,follow-up,Negative,,,,ND,,,,,,0,,,,,,,,,315,,,,,,,,,yes,,,,,,,,,,,,,
1070,Sero-233-13,,2021-06-28,31,Sero-233,13,,,,,,,,,36,No,2022-06-09,follow-up,Negative,,,,ND,,,,,,0,,,,,,,,,346,,,,,,,,,yes,,,,,,,,,,,,,
1071,Sero-233-14,,2021-06-28,28,Sero-233,14,,,,,,,,,36,No,2022-07-07,follow-up,Negative,,,,Negative,,neg,Negative,,,0,,,,,,,,,374,0,374,374,0,,,,,yes,0,,,,,,,,,,,,
1072,Sero-237-01,,2021-07-01,0,Sero-237,1,1,8,Male,39,Yes,1,No,Yes,,,2021-07-01,recruitment,Positive,mixed,57052,0,Mic+/PCR+,symptomatic,pv,Recruitment,Recruitment,,0,0,,,1,0,0,0,0,0,,,,,1,1,< 15 years,CQ; 3days + PQ; 14 days,yes,1400000,750551,34,7,21,infectious,12,,,,,,
1073,Sero-240-01,asym,2021-07-09,0,Sero-240,1,5,14,Male,39,Yes,1,Yes,No,,,2021-07-09,recruitment,Positive,Pv,18626,159,Mic+/PCR+,symptomatic,pv,Recruitment,Recruitment,,1,0,,,0,0,1,0,0,0,,,,,1,1,< 15 years,CQ; 3days + PQ; 14 days,yes,270527,5402,32,0,0,non-infectious,0,,,,,,
1074,Sero-240-03,asym,2021-07-09,27,Sero-240,3,,,,,,,,,35,No,2021-08-12,follow-up,Negative,,,,Negative,,neg,Negative,,,1,,,,,,,,,34,,,,,,,,,yes,0,,,,,,,,,,,,
1075,Sero-240-04,asym,2021-07-09,33,Sero-240,4,,,,,,,,,36,No,2021-09-14,follow-up,Positive,P.f,2105,,Negative,,,Negative,,,1,,,,,,,,,67,,,,,,,,,yes,,,,,,,,,,,,,
1076,Sero-240-05,asym,2021-07-09,30,Sero-240,5,,,,,,,,,35,No,2021-10-14,follow-up,Negative,,,,PCR+,submicroscopic,pv,asymptomatic,recurrence,1,1,,,1,,,,,,97,0,97,97,1,,1,,,yes,244,3970,,,,,,,,,,,
1077,Sero-241-01,,2021-07-09,0,Sero-241,1,14,30,Male,38,Yes,1,No,Yes,,,2021-07-09,recruitment,Positive,Pv,1568,0,Mic+/PCR+,symptomatic,pv,Recruitment,Recruitment,,0,0,,,1,0,0,0,0,0,,,,,1,1,above 15 years,CQ; 3days + PQ; 14 days,yes,36893,45985,32,0,0,non-infectious,0,,,,,,
1078,Sero-241-03,,2021-07-09,31,Sero-241,3,,,,,,,,,37,No,2021-08-17,follow-up,Negative,,,,ND,,,,,,0,,,,,,,,,39,,,,,,,,,yes,,,,,,,,,,,,,
1079,Sero-241-04,,2021-07-09,38,Sero-241,4,,,,,,,,,36,No,2021-09-24,follow-up,Negative,,,,ND,,,,,,0,,,,,,,,,77,,,,,,,,,yes,,,,,,,,,,,,,
1080,Sero-241-05,,2021-07-09,29,Sero-241,5,,,,,,,,,37,No,2021-10-23,follow-up,Negative,,,,Negative,,neg,Negative,,,0,,,,,,,,,106,,,,,,,,,yes,0,,,,,,,,,,,,
1081,Sero-241-06,,2021-07-09,31,Sero-241,6,,,,,,,,,36,No,2021-11-23,follow-up,Negative,,,,ND,,,,,,0,,,,,,,,,137,,,,,,,,,yes,,,,,,,,,,,,,
1082,Sero-241-07,,2021-07-09,29,Sero-241,7,,,,,,,,,36,No,2021-12-22,follow-up,Negative,,,,ND,,,,,,0,,,,,,,,,166,,,,,,,,,yes,,,,,,,,,,,,,
1083,Sero-241-08,,2021-07-09,33,Sero-241,8,,,,,,,,,37,No,2022-01-24,follow-up,Negative,,,,Negative,,neg,Negative,,,0,,,,,,,,,199,,,,,,,,,yes,0,,,,,,,,,,,,
1084,Sero-241-09,,2021-07-09,50,Sero-241,9,,,,,,,,,36,No,2022-03-15,follow-up,Negative,,,,ND,,,,,,0,,,,,,,,,249,,,,,,,,,yes,,,,,,,,,,,,,
1085,Sero-241-10,,2021-07-09,32,Sero-241,10,,,,,,,,,35,No,2022-04-16,follow-up,Negative,,,,ND,,,,,,0,,,,,,,,,281,,,,,,,,,yes,,,,,,,,,,,,,
1086,Sero-241-11,,2021-07-09,30,Sero-241,11,,,,,,,,,35,No,2022-05-16,follow-up,Negative,,,,Negative,,neg,Negative,,,0,,,,,,,,,311,,,,,,,,,yes,0,,,,,,,,,,,,
1087,Sero-241-12,,2021-07-09,30,Sero-241,12,,,,,,,,,36,No,2022-06-15,follow-up,Negative,,,,ND,,,,,,0,,,,,,,,,341,,,,,,,,,yes,,,,,,,,,,,,,
1088,Sero-241-13,,2021-07-09,30,Sero-241,13,,,,,,,,,36,No,2022-07-15,follow-up,Negative,,,,ND,,,,,,0,,,,,,,,,371,,,,,,,,,yes,,,,,,,,,,,,,
1089,Sero-242-01,sym,2021-07-10,0,Sero-242,1,14,20,Male,38,Yes,1,Yes,Yes,,,2021-07-10,recruitment,Positive,Pv,2975,0,Mic+/PCR+,symptomatic,pv,Recruitment,Recruitment,,3,2,,,0,1,0,0,1,0,,,,,1,1,above 15 years,CQ; 3days + PQ; 14 days,yes,148822,7719,37,0,0,non-infectious,0,,,,,,
1090,Sero-242-03,sym,2021-07-10,24,Sero-242,3,,,,,,,,,35,No,2021-08-10,follow-up,Negative,,,,Negative,,neg,Negative,,,3,,,,,,,,,31,,,,,,,,,yes,0,,,,,,,,,,,,
1091,Sero-242-04,sym,2021-07-10,31,Sero-242,4,,,,,,,,,35,Yes,2021-09-10,recurrence,Positive,Pv,3640,,Mic+/PCR+,symptomatic,pv,symptomatic,recurrence,1,3,,1,,,,,,,62,0,62,62,1,,1,,,yes,91435,1050,,,,,,Sero-242-R01,Sero-242-R04,0,0.99802077,0.001979234,relapse
1092,Sero-242-05,sym,2021-07-10,34,Sero-242,5,,,,,,,,,35,No,2021-10-14,follow-up,Negative,,,,Negative,,neg,Negative,,,3,,,,,,,,,96,,,,,,,,,yes,0,,,,,,,,,,,,
1093,Sero-242-06,sym,2021-07-10,32,Sero-242,6,,,,,,,,,35,No,2021-11-15,follow-up,Negative,,,,PCR+,submicroscopic,pv,Asym_persisting,persisting,,3,,,,,,,,,128,,,,,,1,,,yes,18,1543,,,,,,,,,,,
1094,Sero-242-07,sym,2021-07-10,29,Sero-242,7,,,,,,,,,36,No,2021-12-14,recurrence,Positive,Pv,4553,0,Mic+/PCR+,symptomatic,pv,symptomatic,recurrence,2,3,,2,,,,,,,157,62,157,95,1,,1,,CQ; 3days + PQ; 14 days,yes,639092,17141,30,4,13,infectious,7,Sero-242-R04,Sero-242-R07,0,0.99955475,0.000445262,relapse
1095,Sero-242-08,sym,2021-07-10,50,Sero-242,8,,,,,,,,,35,No,2022-02-02,follow-up,Negative,,,,Negative,,neg,Negative,,,3,,,,,,,,,207,,,,,,,,,yes,0,,,,,,,,,,,,
1096,Sero-242-09,sym,2021-07-10,29,Sero-242,9,,,,,,,,,36,No,2022-03-03,follow-up,Negative,,,,Negative,,neg,Negative,,,3,,,,,,,,,236,,,,,,,,,yes,0,,,,,,,,,,,,
1097,Sero-242-10,sym,2021-07-10,32,Sero-242,10,,,,,,,,,36,No,2022-04-04,follow-up,Negative,,,,Negative,,neg,Negative,,,3,,,,,,,,,268,,,,,,,,,yes,0,,,,,,,,,,,,
1098,Sero-242-11,sym,2021-07-10,31,Sero-242,11,,,,,,,,,35,No,2022-05-05,follow-up,Negative,,,,Negative,,neg,Negative,,,3,,,,,,,,,299,,,,,,,,,yes,0,,,,,,,,,,,,
1099,Sero-242-12,sym,2021-07-10,39,Sero-242,12,,,,,,,,,35,No,2022-06-13,follow-up,Negative,,,,Negative,,neg,Negative,,,3,,,,,,,,,338,,,,,,,,,yes,0,,,,,,,,,,,,
1100,Sero-242-13,sym,2021-07-10,30,Sero-242,13,,,,,,,,,35,No,2022-07-13,follow-up,Negative,,,,PCR+,submicroscopic,pv,asymptomatic,recurrence,3,3,,,1,,,,,,368,157,368,211,1,,,,,yes,5,,,,,,,,,,,,
1101,Sero-243-01,,2021-07-12,0,Sero-243,1,1,6,Female,37,Yes,1,Yes,Yes,,,2021-07-12,recruitment,Positive,Pv,8310,427,Mic+/PCR+,symptomatic,pv,Recruitment,Recruitment,,0,0,,,1,0,0,0,0,0,,,,,0,1,< 15 years,CQ; 3days + PQ; 14 days,yes,224581,496648,30,11,37,infectious,39,,,,,,
1102,Sero-244-01,sym,2021-07-12,0,Sero-244,1,14,13,Male,38,Yes,1,Yes,Yes,,,2021-07-12,recruitment,Positive,Pv,688,0,Mic+/PCR+,symptomatic,pv,Recruitment,Recruitment,,1,1,,,0,1,0,0,1,0,,,,,1,1,< 15 years,CQ; 3days + PQ; 14 days,yes,74166,217463,31,0,0,non-infectious,0,,,,,,
1103,Sero-244-03,sym,2021-07-12,29,Sero-244,3,,,,,,,,,37,No,2021-08-17,follow-up,Negative,,,,Negative,,neg,Negative,,,1,,,,,,,,,36,,,,,,,,,yes,0,,,,,,,,,,,,
1104,Sero-244-04,sym,2021-07-12,31,Sero-244,4,,,,,,,,,36,Yes,2021-09-17,follow-up,Positive,mixed,1971,,Mic+/PCR+,asymptomatic ,mixed,Asym_persisting,persisting,,1,,,,,,,,,67,,,,,,,,,yes,96,,,,,,,,,,,,
1105,Sero-244-05,sym,2021-07-12,29,Sero-244,5,,,,,,,,,35,No,2021-10-16,follow-up,Negative,,,,PCR+,submicroscopic,pv,Asym_persisting,persisting,,1,,,,,,,,,96,,,,,,1,,,yes,333,83948,,,,,,,,,,,
1106,Sero-244-06,sym,2021-07-12,33,Sero-244,6,,,,,,,,,36,No,2021-11-18,follow-up,Positive,Pv,192,,Mic+/PCR+,asymptomatic ,mixed,Asym_persisting,persisting,,1,,,,,,,,,129,,,,,,1,,,yes,404,15,,,,,,,,,,,
1107,Sero-244-07,sym,2021-07-12,30,Sero-244,7,,,,,,,,,36,No,2021-12-18,follow-up,Negative,,,,Negative,,neg,Negative,,,1,,,,,,,,,159,,,,,,,,,yes,0,,,,,,,,,,,,
1108,Sero-244-08,sym,2021-07-12,40,Sero-244,8,,,,,,,,,35,No,2022-01-27,follow-up,Negative,,,,Negative,,neg,Negative,,,1,,,,,,,,,199,,,,,,,,,yes,0,,,,,,,,,,,,
1109,Sero-244-09,sym,2021-07-12,30,Sero-244,9,,,,,,,,,36,No,2022-02-26,follow-up,Negative,,,,PCR+,submicroscopic,pv,Asym_persisting,persisting,,1,,,,,,,,,229,,,,,,0,,,yes,16,0,,,,,,,,,,,
1110,Sero-244-10,sym,2021-07-12,27,Sero-244,10,,,,,,,,,36,Yes,2022-03-25,recurrence,Positive,Pv,13880,320,Mic+/PCR+,symptomatic,pv,symptomatic,recurrence,1,1,,1,,,,,,,256,0,256,256,1,,1,,CQ; 3days + PQ; 14 days,yes,96469,5001,,,,,,Sero-244-R01,Sero-244-R10,0,0.093032762,0.90696722,reinfection
1111,Sero-244-11,sym,2021-07-12,45,Sero-244,11,,,,,,,,,36,No,2022-05-09,follow-up,Negative,,,,Negative,,neg,Negative,,,1,,,,,,,,,301,,,,,,,,,yes,0,,,,,,,,,,,,
1112,Sero-244-12,sym,2021-07-12,33,Sero-244,12,,,,,,,,,36,No,2022-06-11,follow-up,Positive,Pv,4019,306,Mic+/PCR+,asymptomatic ,pv,Asym_persisting,persisting,,1,,,,,,,,,334,,,,,,,,,yes,8674,,,,,,,,,,,,
1113,Sero-244-13,sym,2021-07-12,33,Sero-244,13,,,,,,,,,36,No,2022-07-14,follow-up,Negative,,,,Negative,,neg,Negative,,,1,,,,,,,,,367,,,,,,,,,yes,0,,,,,,,,,,,,
1114,Sero-245-01,,2021-07-12,0,Sero-245,1,6,9,Male,38,Yes,1,Yes,Yes,,,2021-07-12,recruitment,Positive,Pv,12768,236,Mic+/PCR+,symptomatic,pv,Recruitment,Recruitment,,0,0,,,1,0,0,0,0,0,,,,,1,1,< 15 years,CQ; 3days + PQ; 14 days,yes,387168,11747,32,6,19,infectious,3,,,,,,
1115,Sero-245-03,,2021-07-12,24,Sero-245,3,,,,,,,,,35,No,2021-08-12,follow-up,Negative,,,,ND,,,,,,0,,,,,,,,,31,,,,,,,,,yes,,,,,,,,,,,,,
1116,Sero-245-04,,2021-07-12,35,Sero-245,4,,,,,,,,,36,No,2021-09-16,follow-up,Negative,,,,ND,,,,,,0,,,,,,,,,66,,,,,,,,,yes,,,,,,,,,,,,,
1117,Sero-245-05,,2021-07-12,30,Sero-245,5,,,,,,,,,37,No,2021-10-16,follow-up,Negative,,,,Negative,,neg,Negative,,,0,,,,,,,,,96,,,,,,,,,yes,0,,,,,,,,,,,,
1118,Sero-245-06,,2021-07-12,33,Sero-245,6,,,,,,,,,34,No,2021-11-18,follow-up,Negative,,,,ND,,,,,,0,,,,,,,,,129,,,,,,,,,yes,,,,,,,,,,,,,
1119,Sero-246-01,,2021-07-12,0,Sero-246,1,14,10,Female,38,No,,No,Yes,,,2021-07-12,recruitment,Positive,Pv,1046,448,Mic+/PCR+,symptomatic,pv,Recruitment,Recruitment,,0,0,,,1,0,0,0,0,0,,,,,1,1,< 15 years,CQ; 3days + PQ; 14 days,yes,89778,1490,30,4,13,infectious,5,,,,,,
1120,Sero-246-03,,2021-07-12,29,Sero-246,3,,,,,,,,,38,No,2021-08-17,follow-up,Negative,,,,ND,,,,,,0,,,,,,,,,36,,,,,,,,,yes,,,,,,,,,,,,,
1121,Sero-246-04,,2021-07-12,60,Sero-246,4,,,,,,,,,38,No,2021-10-16,follow-up,Negative,,,,ND,,,,,,0,,,,,,,,,96,,,,,,,,,yes,,,,,,,,,,,,,
1122,Sero-246-05,,2021-07-12,32,Sero-246,5,,,,,,,,,37,No,2021-11-17,follow-up,Negative,,,,Negative,,neg,Negative,,,0,,,,,,,,,128,,,,,,,,,yes,0,,,,,,,,,,,,
1123,Sero-246-06,,2021-07-12,30,Sero-246,6,,,,,,,,,37,No,2021-12-17,follow-up,Negative,,,,ND,,,,,,0,,,,,,,,,158,,,,,,,,,yes,,,,,,,,,,,,,
1124,Sero-246-07,,2021-07-12,31,Sero-246,7,,,,,,,,,37,No,2022-01-17,follow-up,Negative,,,,ND,,,,,,0,,,,,,,,,189,,,,,,,,,yes,,,,,,,,,,,,,
1125,Sero-246-08,,2021-07-12,31,Sero-246,8,,,,,,,,,38,No,2022-02-17,follow-up,Negative,,,,Negative,,neg,Negative,,,0,,,,,,,,,220,,,,,,,,,yes,0,,,,,,,,,,,,
1126,Sero-246-09,,2021-07-12,41,Sero-246,9,,,,,,,,,37,No,2022-03-30,follow-up,Negative,,,,ND,,,,,,0,,,,,,,,,261,,,,,,,,,yes,,,,,,,,,,,,,
1127,Sero-246-10,,2021-07-12,40,Sero-246,10,,,,,,,,,37,No,2022-05-09,follow-up,Negative,,,,ND,,,,,,0,,,,,,,,,301,,,,,,,,,yes,,,,,,,,,,,,,
1128,Sero-246-11,,2021-07-12,32,Sero-246,11,,,,,,,,,37,No,2022-06-10,follow-up,Negative,,,,Negative,,neg,Negative,,,0,,,,,,,,,333,,,,,,,,,yes,0,,,,,,,,,,,,
1129,Sero-246-12,,2021-07-12,34,Sero-246,12,,,,,,,,,37,No,2022-07-14,follow-up,Negative,,,,ND,,,,,,0,,,,,,,,,367,,,,,,,,,yes,,,,,,,,,,,,,
1130,Sero-247-01,,2021-07-13,0,Sero-247,1,14,15,Female,38,Yes,1,Yes,Yes,,,2021-07-13,recruitment,Positive,Pv,872,124,Mic+/PCR+,symptomatic,pv,Recruitment,Recruitment,,0,0,,,1,0,0,0,0,0,,,,,1,1,< 15 years,CQ; 3days + PQ; 14 days,yes,96185,5834,31,12,39,infectious,4,,,,,,
1131,Sero-247-03,,2021-07-13,22,Sero-247,3,,,,,,,,,38,No,2021-08-13,follow-up,Negative,,,,ND,,,,,,0,,,,,,,,,31,,,,,,,,,yes,,,,,,,,,,,,,
1132,Sero-247-04,,2021-07-13,35,Sero-247,4,,,,,,,,,36,No,2021-09-17,follow-up,Negative,,,,ND,,,,,,0,,,,,,,,,66,,,,,,,,,yes,,,,,,,,,,,,,
1133,Sero-247-05,,2021-07-13,31,Sero-247,5,,,,,,,,,36,No,2021-10-18,follow-up,Negative,,,,Negative,,neg,Negative,,,0,,,,,,,,,97,,,,,,,,,yes,0,,,,,,,,,,,,
1134,Sero-247-06,,2021-07-13,33,Sero-247,6,,,,,,,,,36,No,2021-11-20,follow-up,Negative,,,,ND,,,,,,0,,,,,,,,,130,,,,,,,,,yes,,,,,,,,,,,,,
1135,Sero-247-07,,2021-07-13,31,Sero-247,7,,,,,,,,,36,No,2021-12-21,follow-up,Negative,,,,ND,,,,,,0,,,,,,,,,161,,,,,,,,,yes,,,,,,,,,,,,,
1136,Sero-247-08,,2021-07-13,32,Sero-247,8,,,,,,,,,36,No,2022-01-22,follow-up,Negative,,,,Negative,,neg,Negative,,,0,,,,,,,,,193,,,,,,,,,yes,0,,,,,,,,,,,,
1137,Sero-247-09,,2021-07-13,38,Sero-247,9,,,,,,,,,36,No,2022-03-01,follow-up,Negative,,,,ND,,,,,,0,,,,,,,,,231,,,,,,,,,yes,,,,,,,,,,,,,
1138,Sero-247-10,,2021-07-13,22,Sero-247,10,,,,,,,,,36,No,2022-03-23,follow-up,Negative,,,,ND,,,,,,0,,,,,,,,,253,,,,,,,,,yes,,,,,,,,,,,,,
1139,Sero-247-11,,2021-07-13,26,Sero-247,11,,,,,,,,,36,No,2022-04-18,follow-up,Negative,,,,Negative,,neg,Negative,,,0,,,,,,,,,279,,,,,,,,,yes,0,,,,,,,,,,,,
1140,Sero-247-12,,2021-07-13,35,Sero-247,12,,,,,,,,,36,No,2022-05-23,follow-up,Negative,,,,ND,,,,,,0,,,,,,,,,314,,,,,,,,,yes,,,,,,,,,,,,,
1141,Sero-247-13,,2021-07-13,36,Sero-247,13,,,,,,,,,36,No,2022-06-28,follow-up,Negative,,,,ND,,,,,,0,,,,,,,,,350,,,,,,,,,yes,,,,,,,,,,,,,
1142,Sero-248-01,sym,2021-07-14,0,Sero-248,1,4,12,Male,37,No,,No,Yes,,,2021-07-14,recruitment,Positive,Pv,4077,0,Mic+/PCR+,symptomatic,pv,Recruitment,Recruitment,,1,1,,,0,1,0,0,0,0,,,,,0,1,< 15 years,CQ; 3days + PQ; 14 days,yes,791,61268,31,0,0,non-infectious,0,,,,,,
1143,Sero-248-03,sym,2021-07-14,23,Sero-248,3,,,,,,,,,36,No,2021-08-13,follow-up,Negative,,,,PCR+,submicroscopic,,Asym_persisting,persisting,,1,,,,,,,,,30,,,,,,,,,yes,,,,,,,,,,,,,
1144,Sero-248-04,sym,2021-07-14,17,Sero-248,4,,,,,,,,,37,Yes,2021-08-30,recurrence,Positive,Pv,6059,0,Mic+/PCR+,symptomatic,pv,symptomatic,recurrence,1,1,,1,,,,,,,47,0,47,47,1,,1,,,yes,77749,14190,31,3,10,infectious,1,Sero-248-R01,Sero-248-R04,0,0.98367977,0.016320236,relapse
1145,Sero-249-01,asym,2021-07-15,0,Sero-249,1,14,15,Female,37,No,,No,Yes,,,2021-07-15,recruitment,Positive,Pv,6879,0,Mic+/PCR+,symptomatic,pv,Recruitment,Recruitment,,1,0,,,0,0,1,0,0,0,,,,,0,1,< 15 years,CQ; 3days + PQ; 14 days,yes,107402,31512,30,0,0,non-infectious,0,,,,,,
1146,Sero-249-03,asym,2021-07-15,25,Sero-249,3,,,,,,,,,36,No,2021-08-16,follow-up,Negative,,,,Negative,,neg,Negative,,,1,,,,,,,,,32,,,,,,,,,yes,0,,,,,,,,,,,,
1147,Sero-249-04,asym,2021-07-15,32,Sero-249,4,,,,,,,,,35,No,2021-09-17,follow-up,Negative,,,,Negative,,neg,Negative,,,1,,,,,,,,,64,,,,,,,,,yes,0,,,,,,,,,,,,
1148,Sero-249-05,asym,2021-07-15,29,Sero-249,5,,,,,,,,,34,No,2021-10-16,follow-up,Negative,,,,Negative,,neg,Negative,,,1,,,,,,,,,93,,,,,,,,,yes,0,,,,,,,,,,,,
1149,Sero-249-06,asym,2021-07-15,31,Sero-249,6,,,,,,,,,36,No,2021-11-16,follow-up,Negative,,,,Negative,,neg,Negative,,,1,,,,,,,,,124,,,,,,,,,yes,0,,,,,,,,,,,,
1150,Sero-249-07,asym,2021-07-15,30,Sero-249,7,,,,,,,,,36,No,2021-12-16,follow-up,Negative,,,,PCR+,submicroscopic,pv,asymptomatic,recurrence,1,1,,,1,,,,,,154,0,154,154,1,,,,,yes,5,,,,,,,,,,,,
1151,Sero-249-08,asym,2021-07-15,30,Sero-249,8,,,,,,,,,35,No,2022-01-15,follow-up,Negative,,,,Negative,,neg,Negative,,,1,,,,,,,,,184,,,,,,,,,yes,0,,,,,,,,,,,,
1152,Sero-249-09,asym,2021-07-15,31,Sero-249,9,,,,,,,,,35,No,2022-02-15,follow-up,Negative,,,,Negative,,neg,Negative,,,1,,,,,,,,,215,,,,,,,,,yes,0,,,,,,,,,,,,
1153,Sero-249-10,asym,2021-07-15,32,Sero-249,10,,,,,,,,,37,No,2022-03-19,follow-up,Positive,P.f,12038,621,Pf,Pf,pf,new infection,Pf,,1,,,,,,,,,247,,,,,,,,,yes,0,,,,,,,,,,,,
1154,Sero-249-11,asym,2021-07-15,32,Sero-249,11,,,,,,,,,36,No,2022-04-20,follow-up,Negative,,,,Pf,Pf,pf,new infection,Pf,,1,,,,,,,,,279,,,,,,,,,yes,0,,,,,,,,,,,,
1155,Sero-249-12,asym,2021-07-15,31,Sero-249,12,,,,,,,,,36,No,2022-05-21,follow-up,Negative,,,,Pf,Pf,pf,new infection,Pf,,1,,,,,,,,,310,,,,,,,,,yes,0,,,,,,,,,,,,
1156,Sero-249-13,asym,2021-07-15,39,Sero-249,13,,,,,,,,,35,No,2022-06-29,follow-up,Negative,,,,Negative,,neg,Negative,,,1,,,,,,,,,349,,,,,,,,,yes,0,,,,,,,,,,,,
1157,Sero-250-01,,2021-07-15,0,Sero-250,1,3,12,Female,38,Yes,1,Yes,Yes,,,2021-07-15,recruitment,Positive,Pv,30255,656,Mic+/PCR+,symptomatic,pv,Recruitment,Recruitment,,0,0,,,1,0,0,0,0,0,,,,,1,1,< 15 years,CQ; 3days + PQ; 14 days,yes,510106,925903,38,33,87,infectious,56,,,,,,
1158,Sero-250-03,,2021-07-15,21,Sero-250,3,,,,,,,,,37,No,2021-08-13,follow-up,Negative,,,,Negative,,neg,Negative,,,0,,,,,,,,,29,0,29,29,0,,,,,yes,0,,,,,,,,,,,,
1159,Sero-251-01,,2021-07-15,0,Sero-251,1,14,10,Female,36,Yes,1,Yes,Yes,,,2021-07-15,recruitment,Positive,Pv,235,0,Mic+/PCR+,symptomatic,pv,Recruitment,Recruitment,,0,0,,,1,0,0,0,0,0,,,,,0,0,< 15 years,CQ; 3days + PQ; 14 days,yes,38,1,32,0,0,non-infectious,0,,,,,,
1160,Sero-251-03,,2021-07-15,27,Sero-251,3,,,,,,,,,36,No,2021-08-18,follow-up,Negative,,,,ND,,,,,,0,,,,,,,,,34,,,,,,,,,yes,,,,,,,,,,,,,
1161,Sero-251-04,,2021-07-15,31,Sero-251,4,,,,,,,,,35,No,2021-09-18,follow-up,Negative,,,,ND,,,,,,0,,,,,,,,,65,,,,,,,,,yes,,,,,,,,,,,,,
1162,Sero-251-05,,2021-07-15,32,Sero-251,5,,,,,,,,,36,Yes,2021-10-20,follow-up,Negative,,,,Negative,,neg,Negative,,,0,,,,,,,,,97,,,,,,,,,yes,0,,,,,,,,,,,,
1163,Sero-251-06,,2021-07-15,28,Sero-251,6,,,,,,,,,36,No,2021-11-17,follow-up,Negative,,,,ND,,,,,,0,,,,,,,,,125,,,,,,,,,yes,,,,,,,,,,,,,
1164,Sero-251-07,,2021-07-15,31,Sero-251,7,,,,,,,,,36,No,2021-12-18,follow-up,Negative,,,,ND,,,,,,0,,,,,,,,,156,,,,,,,,,yes,,,,,,,,,,,,,
1165,Sero-251-08,,2021-07-15,42,Sero-251,8,,,,,,,,,36,No,2022-01-29,follow-up,Negative,,,,Negative,,neg,Negative,,,0,,,,,,,,,198,,,,,,,,,yes,0,,,,,,,,,,,,
1166,Sero-251-09,,2021-07-15,30,Sero-251,9,,,,,,,,,35,No,2022-01-28,follow-up,Negative,,,,ND,,,,,,0,,,,,,,,,197,,,,,,,,,yes,,,,,,,,,,,,,
1167,Sero-251-10,,2021-07-15,30,Sero-251,10,,,,,,,,,35,No,2022-03-30,follow-up,Negative,,,,ND,,,,,,0,,,,,,,,,258,,,,,,,,,yes,,,,,,,,,,,,,
1168,Sero-251-11,,2021-07-15,31,Sero-251,11,,,,,,,,,35,No,2022-04-30,follow-up,Negative,,,,Negative,,neg,Negative,,,0,,,,,,,,,289,,,,,,,,,yes,0,,,,,,,,,,,,
1169,Sero-251-12,,2021-07-15,42,Sero-251,12,,,,,,,,,35,No,2022-06-11,follow-up,Negative,,,,ND,,,,,,0,,,,,,,,,331,,,,,,,,,yes,,,,,,,,,,,,,
1170,Sero-251-13,,2021-07-15,30,Sero-251,13,,,,,,,,,36,No,2022-07-11,follow-up,Negative,,,,ND,,,,,,0,,,,,,,,,361,,,,,,,,,yes,,,,,,,,,,,,,
1171,Sero-252-01,,2021-07-16,0,Sero-252,1,1,32,Female,37,No,,No,No,,,2021-07-16,recruitment,Positive,Pv,6862,544,Mic+/PCR+,symptomatic,pv,Recruitment,Recruitment,,0,0,,,1,0,0,0,0,0,,,,,0,1,above 15 years,CQ; 3days + PQ; 14 days,yes,70046,25014,30,27,90,infectious,59,,,,,,
1172,Sero-253-01,sym,2021-07-19,0,Sero-253,1,14,13,Female,37,No,,No,Yes,,,2021-07-19,recruitment,Positive,Pv,2325,0,Mic+/PCR+,symptomatic,mixed,Recruitment,Recruitment,,2,1,,,0,1,0,0,1,0,,,,,0,1,< 15 years,CQ; 3days + PQ; 14 days,yes,4913,2721,31,0,0,non-infectious,0,,,,,,
1173,Sero-253-03,sym,2021-07-19,24,Sero-253,3,,,,,,,,,35,No,2021-08-19,follow-up,Negative,,,,Negative,,neg,Negative,,,2,,,,,,,,,31,,,,,,,,,yes,0,,,,,,,,,,,,
1174,Sero-253-04,sym,2021-07-19,32,Sero-253,4,,,,,,,,,35,No,2021-09-20,follow-up,Negative,,,,Negative,,neg,Negative,,,2,,,,,,,,,63,,,,,,,,,yes,0,,,,,,,,,,,,
1175,Sero-253-05,sym,2021-07-19,32,Sero-253,5,,,,,,,,,36,No,2021-10-22,follow-up,Negative,,,,PCR+,submicroscopic,pv,Asym_persisting,persisting,,2,,,,,,,,,95,,,,,,1,,,yes,50,331,,,,,,,,,,,
1176,Sero-253-06,sym,2021-07-19,25,Sero-253,6,,,,,,,,,37,Yes,2021-11-16,recurrence,Positive,Pv,9684,0,Mic+/PCR+,symptomatic,pv,symptomatic,recurrence,1,2,,1,,,,,,,120,0,120,120,1,,1,,CQ; 3days + PQ; 14 days,yes,794023,81061,30,0,0,non-infectious,0,Sero-253-R01,Sero-253-R06,0,0.85514772,0.14485227,relapse
1177,Sero-253-07,sym,2021-07-19,41,Sero-253,7,,,,,,,,,34,No,2021-12-27,follow-up,Negative,,,,Negative,,neg,Negative,,,2,,,,,,,,,161,,,,,,,,,yes,0,,,,,,,,,,,,
1178,Sero-253-08,sym,2021-07-19,43,Sero-253,8,,,,,,,,,35,No,2022-02-08,follow-up,Negative,,,,Negative,,neg,Negative,,,2,,,,,,,,,204,,,,,,,,,yes,0,,,,,,,,,,,,
1179,Sero-253-09,sym,2021-07-19,23,Sero-253,9,,,,,,,,,35,No,2022-03-03,follow-up,Positive,Pv,2018,110,Mic+/PCR+,asymptomatic ,pv,asymptomatic,recurrence,2,2,,,1,,,,,,227,120,227,107,1,,1,,,yes,1445,3129,,,,,,,,,,,
1180,Sero-253-10,sym,2021-07-19,40,Sero-253,10,,,,,,,,,35,No,2022-04-12,follow-up,Negative,,,,PCR+,submicroscopic,pv,Asym_persisting,persisting,,2,,,,,,,,,267,,,,,,0,,,yes,12,0,,,,,,,,,,,
1181,Sero-253-11,sym,2021-07-19,31,Sero-253,11,,,,,,,,,35,No,2022-05-13,follow-up,Negative,,,,PCR+,submicroscopic,pv,Asym_persisting,persisting,,2,,,,,,,,,298,,,,,,1,,,yes,590,18,,,,,,,,,,,
1182,Sero-253-12,sym,2021-07-19,32,Sero-253,12,,,,,,,,,36,No,2022-06-14,follow-up,Negative,,,,Negative,,neg,Negative,,,2,,,,,,,,,330,,,,,,,,,yes,0,,,,,,,,,,,,
1183,Sero-253-13,sym,2021-07-19,30,Sero-253,13,,,,,,,,,35,No,2022-07-14,follow-up,Negative,,,,Negative,,neg,Negative,,,2,,,,,,,,,360,,,,,,,,,yes,0,,,,,,,,,,,,
1184,Sero-254-01,,2021-07-19,0,Sero-254,1,14,10,Female,38,Yes,1,No,Yes,,,2021-07-19,recruitment,Positive,Pv,27542,278,Mic+/PCR+,symptomatic,pv,Recruitment,Recruitment,,0,0,,,1,0,0,0,0,0,,,,,1,1,< 15 years,CQ; 3days + PQ; 14 days,yes,686124,262696,32,20,63,infectious,64,,,,,,
1185,Sero-254-03,,2021-07-19,24,Sero-254,3,,,,,,,,,35,No,2021-08-19,follow-up,Negative,,,,ND,,,,,,0,,,,,,,,,31,,,,,,,,,yes,,,,,,,,,,,,,
1186,Sero-254-04,,2021-07-19,32,Sero-254,4,,,,,,,,,36,No,2021-09-20,follow-up,Negative,,,,ND,,,,,,0,,,,,,,,,63,,,,,,,,,yes,,,,,,,,,,,,,
1187,Sero-254-05,,2021-07-19,30,Sero-254,5,,,,,,,,,36,No,2021-10-20,follow-up,Negative,,,,Negative,,neg,Negative,,,0,,,,,,,,,93,,,,,,,,,yes,0,,,,,,,,,,,,
1188,Sero-254-06,,2021-07-19,30,Sero-254,6,,,,,,,,,35,No,2021-11-19,follow-up,Negative,,,,ND,,,,,,0,,,,,,,,,123,,,,,,,,,yes,,,,,,,,,,,,,
1189,Sero-254-07,,2021-07-19,29,Sero-254,7,,,,,,,,,36,No,2021-12-18,follow-up,Negative,,,,ND,,,,,,0,,,,,,,,,152,,,,,,,,,yes,,,,,,,,,,,,,
1190,Sero-254-08,,2021-07-19,30,Sero-254,8,,,,,,,,,36,No,2022-01-17,follow-up,Negative,,,,Negative,,neg,Negative,,,0,,,,,,,,,182,,,,,,,,,yes,0,,,,,,,,,,,,
1191,Sero-254-09,,2021-07-19,30,Sero-254,9,,,,,,,,,37,No,2022-02-16,follow-up,Negative,,,,ND,,,,,,0,,,,,,,,,212,,,,,,,,,yes,,,,,,,,,,,,,
1192,Sero-254-10,,2021-07-19,27,Sero-254,10,,,,,,,,,37,No,2022-03-15,follow-up,Negative,,,,ND,,,,,,0,,,,,,,,,239,,,,,,,,,yes,,,,,,,,,,,,,
1193,Sero-254-11,,2021-07-19,30,Sero-254,11,,,,,,,,,35,No,2022-04-14,follow-up,Negative,,,,Negative,,neg,Negative,,,0,,,,,,,,,269,,,,,,,,,yes,0,,,,,,,,,,,,
1194,Sero-254-12,,2021-07-19,30,Sero-254,12,,,,,,,,,36,No,2022-05-14,follow-up,Negative,,,,ND,,,,,,0,,,,,,,,,299,,,,,,,,,yes,,,,,,,,,,,,,
1195,Sero-254-13,,2021-07-19,30,Sero-254,13,,,,,,,,,36,No,2022-06-13,follow-up,Negative,,,,ND,,,,,,0,,,,,,,,,329,,,,,,,,,yes,,,,,,,,,,,,,
1196,Sero-254-14,,2021-07-19,31,Sero-254,14,,,,,,,,,36,No,2022-07-14,follow-up,Negative,,,,Negative,,neg,Negative,,,0,,,,,,,,,360,0,360,360,0,,,,,yes,0,,,,,,,,,,,,
1197,Sero-255-01,asym,2021-07-21,0,Sero-255,1,14,14,Male,40,No,,No,Yes,,,2021-07-21,recruitment,Positive,mixed,18600,0,Mic+/PCR+,symptomatic,mixed,Recruitment,Recruitment,,1,0,,,0,0,1,0,1,0,,,,,1,1,< 15 years,CQ; 3days + PQ; 14 days,yes,981954,833629,34,0,0,non-infectious,0,,,,,,
1198,Sero-255-03,asym,2021-07-21,22,Sero-255,3,,,,,,,,,36,No,2021-08-19,follow-up,Negative,,,,Negative,,neg,Negative,,,1,,,,,,,,,29,,,,,,,,,yes,0,,,,,,,,,,,,
1199,Sero-255-04,asym,2021-07-21,32,Sero-255,4,,,,,,,,,36,No,2021-09-20,follow-up,Negative,,,,Negative,,neg,Negative,,,1,,,,,,,,,61,,,,,,,,,yes,0,,,,,,,,,,,,
1200,Sero-255-05,asym,2021-07-21,30,Sero-255,5,,,,,,,,,36,No,2021-10-20,follow-up,Negative,,,,Negative,,neg,Negative,,,1,,,,,,,,,91,,,,,,,,,yes,0,,,,,,,,,,,,
1201,Sero-255-06,asym,2021-07-21,33,Sero-255,6,,,,,,,,,36,No,2021-11-22,follow-up,Negative,,,,Negative,,neg,Negative,,,1,,,,,,,,,124,,,,,,,,,yes,0,,,,,,,,,,,,
1202,Sero-255-07,asym,2021-07-21,29,Sero-255,7,,,,,,,,,36,No,2021-12-21,follow-up,Negative,,,,Negative,,neg,Negative,,,1,,,,,,,,,153,,,,,,,,,yes,0,,,,,,,,,,,,
1203,Sero-255-08,asym,2021-07-21,31,Sero-255,8,,,,,,,,,36,No,2022-01-21,follow-up,Negative,,,,Negative,,neg,Negative,,,1,,,,,,,,,184,,,,,,,,,yes,0,,,,,,,,,,,,
1204,Sero-255-09,asym,2021-07-21,35,Sero-255,9,,,,,,,,,35,No,2022-02-25,follow-up,Negative,,,,PCR+,submicroscopic,pv,asymptomatic,recurrence,1,1,,,1,,,,,,219,0,219,219,1,,1,,,yes,96,81,,,,,,,,,,,
1205,Sero-255-10,asym,2021-07-21,36,Sero-255,10,,,,,,,,,36,No,2022-04-02,follow-up,Negative,,,,Negative,,neg,Negative,,,1,,,,,,,,,255,,,,,,,,,yes,0,,,,,,,,,,,,
1206,Sero-255-11,asym,2021-07-21,30,Sero-255,11,,,,,,,,,36,No,2022-05-02,follow-up,Negative,,,,PCR+,submicroscopic,pv,Asym_persisting,persisting,,1,,,,,,,,,285,,,,,,0,,,yes,278,0,,,,,,,,,,,
1207,Sero-255-12,asym,2021-07-21,30,Sero-255,12,,,,,,,,,36,No,2022-06-01,follow-up,Negative,,,,PCR+,submicroscopic,pv,Asym_persisting,persisting,,1,,,,,,,,,315,,,,,,1,,,yes,104,40,,,,,,,,,,,
1208,Sero-255-13,asym,2021-07-21,30,Sero-255,13,,,,,,,,,36,No,2022-07-01,follow-up,Positive,Pv,41,0,Mic+/PCR+,asymptomatic ,pv,Asym_persisting,persisting,,1,,,,,,,,,345,,,,,,1,,,yes,46,2740,,,,,,,,,,,
1209,Sero-255-14,asym,2021-07-21,29,Sero-255,14,,,,,,,,,36,No,2022-07-30,follow-up,Negative,,,,PCR+,submicroscopic,pv,Asym_persisting,persisting,,1,,,,,,,,,374,,,,,,1,,,yes,2309,29,,,,,,,,,,,
1210,Sero-256-01,sym,2021-07-21,0,Sero-256,1,14,18,Female,38,No,,No,Yes,,,2021-07-21,recruitment,Positive,Pv,3113,324,Mic+/PCR+,symptomatic,pv,Recruitment,Recruitment,,2,2,,,0,1,0,0,1,0,,,,,1,1,above 15 years,CQ; 3days + PQ; 14 days,yes,110405,14798,34,18,53,infectious,9,,,,,,
1211,Sero-256-03,sym,2021-07-21,21,Sero-256,3,,,,,,,,,37,No,2021-08-18,follow-up,Negative,,,,Negative,,neg,Negative,,,2,,,,,,,,,28,,,,,,,,,yes,0,,,,,,,,,,,,
1212,Sero-256-04,sym,2021-07-21,33,Sero-256,4,,,,,,,,,37,No,2021-09-20,follow-up,Negative,,,,PCR+,submicroscopic,pv,Asym_persisting,persisting,,2,,,,,,,,,61,,,,,,,,,yes,5,,,,,,,,,,,,
1213,Sero-256-05,sym,2021-07-21,32,Sero-256,5,,,,,,,,,36,No,2021-10-22,follow-up,Negative,,,,Negative,,neg,Negative,,,2,,,,,,,,,93,,,,,,,,,yes,0,,,,,,,,,,,,
1214,Sero-256-06,sym,2021-07-21,27,Sero-256,6,,,,,,,,,39,Yes,2021-11-18,recurrence,Positive,Pv,5333,0,Mic+/PCR+,symptomatic,pv,symptomatic,recurrence,1,2,,1,,,,,,,120,0,120,120,1,,1,,CQ; 3days + PQ; 14 days,yes,1400000,162079,30,7,23,infectious,8,,,,,,
1215,Sero-256-07,sym,2021-07-21,30,Sero-256,7,,,,,,,,,36,No,2021-12-18,follow-up,Negative,,,,Negative,,neg,Negative,,,2,,,,,,,,,150,,,,,,,,,yes,0,,,,,,,,,,,,
1216,Sero-256-08,sym,2021-07-21,31,Sero-256,8,,,,,,,,,37,No,2022-01-18,follow-up,Negative,,,,Negative,,neg,Negative,,,2,,,,,,,,,181,,,,,,,,,yes,0,,,,,,,,,,,,
1217,Sero-256-09,sym,2021-07-21,23,Sero-256,9,,,,,,,,,38,Yes,2022-02-10,recurrence,Positive,Pv,5509,0,Mic+/PCR+,symptomatic,pv,symptomatic,recurrence,2,2,,2,,,,,,,204,120,204,84,1,,1,,CQ; 3days + PQ; 14 days,yes,61809,68050,30,0,0,non-infectious,0,Sero-256-R06,Sero-256-R09,0,0.11918712,0.88081288,reinfection
1218,Sero-256-10,sym,2021-07-21,27,Sero-256,10,,,,,,,,,35,No,2022-03-09,follow-up,Negative,,,,Negative,,neg,Negative,,,2,,,,,,,,,231,,,,,,,,,yes,0,,,,,,,,,,,,
1219,Sero-256-11,sym,2021-07-21,30,Sero-256,11,,,,,,,,,37,No,2022-04-08,follow-up,Negative,,,,Negative,,neg,Negative,,,2,,,,,,,,,261,,,,,,,,,yes,0,,,,,,,,,,,,
1220,Sero-256-12,sym,2021-07-21,31,Sero-256,12,,,,,,,,,35,No,2022-05-09,follow-up,Negative,,,,Negative,,neg,Negative,,,2,,,,,,,,,292,,,,,,,,,yes,0,,,,,,,,,,,,
1221,Sero-256-13,sym,2021-07-21,30,Sero-256,13,,,,,,,,,38,Yes,2022-06-08,follow-up,Positive,P.f,1490,0,Pf,Pf,pf,new infection,Pf,,2,,,,,,,,,322,,,,,,,,,yes,0,,,,,,,,,,,,
1222,Sero-256-14,sym,2021-07-21,30,Sero-256,14,,,,,,,,,36,No,2022-07-08,follow-up,Negative,,,,Negative,,neg,Negative,,,2,,,,,,,,,352,204,352,148,0,,,,,yes,0,,,,,,,,,,,,
1223,Sero-257-01,asym,2021-07-22,0,Sero-257,1,14,11,Female,37,Yes,1,Yes,Yes,,,2021-07-22,recruitment,Positive,Pv,5257,0,Mic+/PCR+,symptomatic,pv,Recruitment,Recruitment,,1,0,,,0,0,1,0,0,0,,,,,0,1,< 15 years,CQ; 3days + PQ; 14 days,yes,12076,141898,34,0,0,non-infectious,0,,,,,,
1224,Sero-257-03,asym,2021-07-22,30,Sero-257,3,,,,,,,,,36,No,2021-08-28,follow-up,Negative,,,,Negative,,neg,Negative,,,1,,,,,,,,,37,,,,,,,,,yes,0,,,,,,,,,,,,
1225,Sero-257-04,asym,2021-07-22,40,Sero-257,4,,,,,,,,,35,No,2021-10-07,follow-up,Negative,,,,Negative,,neg,Negative,,,1,,,,,,,,,77,,,,,,,,,yes,0,,,,,,,,,,,,
1226,Sero-257-05,asym,2021-07-22,36,Sero-257,5,,,,,,,,,36,No,2021-11-12,follow-up,Negative,,,,Negative,,neg,Negative,,,1,,,,,,,,,113,,,,,,,,,yes,0,,,,,,,,,,,,
1227,Sero-257-06,asym,2021-07-22,30,Sero-257,6,,,,,,,,,35,No,2021-12-12,follow-up,Negative,,,,Negative,,neg,Negative,,,1,,,,,,,,,143,,,,,,,,,yes,0,,,,,,,,,,,,
1228,Sero-257-07,asym,2021-07-22,22,Sero-257,7,,,,,,,,,36,No,2022-01-03,follow-up,Negative,,,,PCR+,submicroscopic,pv,asymptomatic,recurrence,1,1,,,1,,,,,,165,0,165,165,1,,0,,,yes,37,0,,,,,,,,,,,
1229,Sero-257-08,asym,2021-07-22,30,Sero-257,8,,,,,,,,,36,No,2022-02-02,follow-up,Negative,,,,Negative,,neg,Negative,,,1,,,,,,,,,195,,,,,,,,,yes,0,,,,,,,,,,,,
1230,Sero-257-09,asym,2021-07-22,35,Sero-257,9,,,,,,,,,36,No,2022-03-09,follow-up,Negative,,,,Negative,,neg,Negative,,,1,,,,,,,,,230,,,,,,,,,yes,0,,,,,,,,,,,,
1231,Sero-257-10,asym,2021-07-22,36,Sero-257,10,,,,,,,,,37,No,2022-04-14,follow-up,Negative,,,,Pf,Pf,pf,new infection,Pf,,1,,,,,,,,,266,,,,,,,,,yes,0,,,,,,,,,,,,
1232,Sero-257-11,asym,2021-07-22,32,Sero-257,11,,,,,,,,,36,No,2022-05-16,follow-up,Negative,,,,Pf,Pf,pf,new infection,Pf,,1,,,,,,,,,298,,,,,,,,,yes,0,,,,,,,,,,,,
1233,Sero-257-12,asym,2021-07-22,36,Sero-257,12,,,,,,,,,36,No,2022-06-21,follow-up,Negative,,,,Pf,Pf,pf,new infection,Pf,,1,,,,,,,,,334,,,,,,,,,yes,0,,,,,,,,,,,,
1234,Sero-257-13,asym,2021-07-22,31,Sero-257,13,,,,,,,,,36,No,2022-07-22,follow-up,Negative,,,,Pf,Pf,pf,new infection,Pf,,1,,,,,,,,,365,,,,,,,,,yes,0,,,,,,,,,,,,
1235,Sero-258-01,sym,2021-07-22,0,Sero-258,1,16,12,Male,38,No,,No,Yes,,,2021-07-22,recruitment,Positive,Pv,40895,653,Mic+/PCR+,symptomatic,pv,Recruitment,Recruitment,,4,3,,,0,1,0,0,1,0,,,,,1,1,< 15 years,CQ; 3days + PQ; 14 days,yes,551412,201350,30,10,33,infectious,6,,,,,,
1236,Sero-258-03,sym,2021-07-22,30,Sero-258,3,,,,,,,,,36,No,2021-08-28,follow-up,Negative,,,,Negative,,neg,Negative,,,4,,,,,,,,,37,,,,,,,,,yes,0,,,,,,,,,,,,
1237,Sero-258-04,sym,2021-07-22,16,Sero-258,4,,,,,,,,,39,Yes,2021-09-13,recurrence,Positive,Pv,27781,517,Mic+/PCR+,symptomatic,pv,symptomatic,recurrence,1,4,,1,,,,,,,53,0,53,53,1,,1,,CQ; 3days + PQ; 14 days,yes,1600000,302164,30,3,10,infectious,16,Sero-258-R01,Sero-258-R04,0,0.92944133,0.070558682,relapse
1238,Sero-258-05,sym,2021-07-22,24,Sero-258,5,,,,,,,,,36,No,2021-10-07,follow-up,Negative,,,,Negative,,neg,Negative,,,4,,,,,,,,,77,,,,,,,,,yes,0,,,,,,,,,,,,
1239,Sero-258-06,sym,2021-07-22,15,Sero-258,6,,,,,,,,,38,Yes,2021-10-22,recurrence,Positive,P.v + P.f,14889,,Mic+/PCR+,symptomatic,pv,symptomatic,recurrence,2,4,,2,,,,,,,92,53,92,39,1,,1,,CQ; 3days + PQ; 14 days,yes,1400000,330946,,,,,,Sero-258-R04,Sero-258-R06,0,0.86071581,0.13928421,relapse
1240,Sero-258-07,sym,2021-07-22,33,Sero-258,7,,,,,,,,,36,No,2021-11-24,follow-up,Negative,,,,ND,,,,,,4,,,,,,,,,125,,,,,,,,,yes,,,,,,,,,,,,,
1241,Sero-258-08,sym,2021-07-22,30,Sero-258,8,,,,,,,,,36,No,2021-12-24,follow-up,Negative,,,,Negative,,neg,Negative,,,4,,,,,,,,,155,,,,,,,,,yes,0,,,,,,,,,,,,
1242,Sero-258-09,sym,2021-07-22,31,Sero-258,9,,,,,,,,,36,No,2022-01-24,follow-up,Negative,,,,Negative,,neg,Negative,,,4,,,,,,,,,186,,,,,,,,,yes,0,,,,,,,,,,,,
1243,Sero-258-10,sym,2021-07-22,12,Sero-258,10,,,,,,,,,39,Yes,2022-02-05,recurrence,Positive,Pv,1799,0,Mic+/PCR+,symptomatic,pv,symptomatic,recurrence,3,4,,3,,,,,,,198,92,198,106,1,,1,,CQ; 3days + PQ; 14 days,yes,301659,73496,30,1,3,infectious,1,Sero-258-R06,Sero-258-R10,0,0.68747085,0.31252915,relapse
1244,Sero-258-11,sym,2021-07-22,20,Sero-258,11,,,,,,,,,36,No,2022-02-25,follow-up,Negative,,,,Negative,,neg,Negative,,,4,,,,,,,,,218,,,,,,,,,yes,0,,,,,,,,,,,,
1245,Sero-258-12,sym,2021-07-22,31,Sero-258,12,,,,,,,,,35,No,2022-03-28,follow-up,Negative,,,,Negative,,neg,Negative,,,4,,,,,,,,,249,,,,,,,,,yes,0,,,,,,,,,,,,
1246,Sero-258-13,sym,2021-07-22,30,Sero-258,13,,,,,,,,,36,No,2022-04-27,follow-up,Negative,,,,PCR+,submicroscopic,pv,asymptomatic,recurrence,4,4,,,1,,,,,,279,198,279,81,1,,1,,,yes,133,3702,,,,,,,,,,,
1247,Sero-258-14,sym,2021-07-22,30,Sero-258,14,,,,,,,,,36,No,2022-05-27,follow-up,Positive,Pv,905,0,Mic+/PCR+,asymptomatic ,pv,Asym_persisting,persisting,,4,,,,,,,,,309,,,,,,0,,,yes,14151,3,,,,,,,,,,,
1248,Sero-258-15,sym,2021-07-22,31,Sero-258,15,,,,,,,,,36,No,2022-06-27,follow-up,Positive,Pv,87,0,Mic+/PCR+,symptomatic,,,,,4,,,,,,,,,340,,,,,,,,,yes,,,,,,,,,,,,,
1249,Sero-258-16,sym,2021-07-22,30,Sero-258,16,,,,,,,,,36,No,2022-07-27,follow-up,Negative,,,,ND,,,,,,4,,,,,,,,,370,,,,,,,,,yes,,,,,,,,,,,,,
1250,Sero-259-01,,2021-07-23,0,Sero-259,1,14,19,Female,40,No,,No,Yes,,,2021-07-23,recruitment,Positive,Pv,5452,564,Mic+/PCR+,symptomatic,pv,Recruitment,Recruitment,,0,0,,,1,0,0,0,0,0,,,,,1,1,above 15 years,CQ; 3days + PQ; 14 days,yes,161310,82781,34,11,32,infectious,11,,,,,,
1251,Sero-259-03,,2021-07-23,25,Sero-259,3,,,,,,,,,37,No,2021-08-23,follow-up,Negative,,,,ND,,,,,,0,,,,,,,,,31,,,,,,,,,yes,,,,,,,,,,,,,
1252,Sero-259-04,,2021-07-23,37,Sero-259,4,,,,,,,,,37,Yes,2021-09-29,follow-up,Negative,,,,ND,,,,,,0,,,,,,,,,68,,,,,,,,,yes,,,,,,,,,,,,,
1253,Sero-259-05,,2021-07-23,31,Sero-259,5,,,,,,,,,37,No,2021-10-30,follow-up,Negative,,,,Negative,,neg,Negative,,,0,,,,,,,,,99,,,,,,,,,yes,0,,,,,,,,,,,,
1254,Sero-259-06,,2021-07-23,31,Sero-259,6,,,,,,,,,36,No,2021-11-30,follow-up,Negative,,,,ND,,,,,,0,,,,,,,,,130,,,,,,,,,yes,,,,,,,,,,,,,
1255,Sero-259-07,,2021-07-23,30,Sero-259,7,,,,,,,,,36,No,2021-12-30,follow-up,Negative,,,,ND,,,,,,0,,,,,,,,,160,,,,,,,,,yes,,,,,,,,,,,,,
1256,Sero-259-08,,2021-07-23,30,Sero-259,8,,,,,,,,,37,No,2022-01-29,follow-up,Negative,,,,Negative,,neg,Negative,,,0,,,,,,,,,190,,,,,,,,,yes,0,,,,,,,,,,,,
1257,Sero-259-09,,2021-07-23,30,Sero-259,9,,,,,,,,,36,No,2022-02-28,follow-up,Negative,,,,ND,,,,,,0,,,,,,,,,220,,,,,,,,,yes,,,,,,,,,,,,,
1258,Sero-259-10,,2021-07-23,29,Sero-259,10,,,,,,,,,37,No,2022-03-29,follow-up,Negative,,,,ND,,,,,,0,,,,,,,,,249,,,,,,,,,yes,,,,,,,,,,,,,
1259,Sero-259-11,,2021-07-23,30,Sero-259,11,,,,,,,,,37,No,2022-04-28,follow-up,Negative,,,,Negative,,neg,Negative,,,0,,,,,,,,,279,,,,,,,,,yes,0,,,,,,,,,,,,
1260,Sero-259-12,,2021-07-23,30,Sero-259,12,,,,,,,,,36,No,2022-05-28,follow-up,Negative,,,,ND,,,,,,0,,,,,,,,,309,,,,,,,,,yes,,,,,,,,,,,,,
1261,Sero-259-13,,2021-07-23,30,Sero-259,13,,,,,,,,,36,No,2022-06-27,follow-up,Negative,,,,ND,,,,,,0,,,,,,,,,339,,,,,,,,,yes,,,,,,,,,,,,,
1262,Sero-259-14,,2021-07-23,30,Sero-259,14,,,,,,,,,36,No,2022-07-27,follow-up,Negative,,,,Negative,,neg,Negative,,,0,,,,,,,,,369,0,369,369,0,,,,,yes,0,,,,,,,,,,,,
1263,Sero-260-01,,2021-07-27,0,Sero-260,1,14,27,Female,37,No,,No,Yes,,,2021-07-27,recruitment,Positive,Pv,472,12,Mic+/PCR+,symptomatic,pv,Recruitment,Recruitment,,0,0,,,1,0,0,0,0,0,,,,,0,1,above 15 years,CQ; 3days + PQ; 14 days,yes,7005,10000,30,23,77,infectious,4,,,,,,
1264,Sero-260-03,,2021-07-27,23,Sero-260,3,,,,,,,,,37,No,2021-08-26,follow-up,Negative,,,,ND,,,,,,0,,,,,,,,,30,,,,,,,,,yes,,,,,,,,,,,,,
1265,Sero-260-04,,2021-07-27,33,Sero-260,4,,,,,,,,,37,No,2021-09-28,follow-up,Negative,,,,ND,,,,,,0,,,,,,,,,63,,,,,,,,,yes,,,,,,,,,,,,,
1266,Sero-260-05,,2021-07-27,30,Sero-260,5,,,,,,,,,37,Yes,2021-10-28,follow-up,Negative,,,,Negative,,neg,Negative,,,0,,,,,,,,,93,,,,,,,,,yes,0,,,,,,,,,,,,
1267,Sero-260-06,,2021-07-27,30,Sero-260,6,,,,,,,,,36,No,2021-11-27,follow-up,Negative,,,,ND,,,,,,0,,,,,,,,,123,,,,,,,,,yes,,,,,,,,,,,,,
1268,Sero-260-07,,2021-07-27,30,Sero-260,7,,,,,,,,,36,No,2021-12-27,follow-up,Negative,,,,ND,,,,,,0,,,,,,,,,153,,,,,,,,,yes,,,,,,,,,,,,,
1269,Sero-260-08,,2021-07-27,30,Sero-260,8,,,,,,,,,37,No,2022-01-26,follow-up,Negative,,,,Negative,,neg,Negative,,,0,,,,,,,,,183,,,,,,,,,yes,0,,,,,,,,,,,,
1270,Sero-260-09,,2021-07-27,37,Sero-260,9,,,,,,,,,37,No,2022-03-04,follow-up,Negative,,,,ND,,,,,,0,,,,,,,,,220,,,,,,,,,yes,,,,,,,,,,,,,
1271,Sero-260-10,,2021-07-27,31,Sero-260,10,,,,,,,,,37,No,2022-04-04,follow-up,Negative,,,,ND,,,,,,0,,,,,,,,,251,,,,,,,,,yes,,,,,,,,,,,,,
1272,Sero-260-11,,2021-07-27,31,Sero-260,11,,,,,,,,,37,No,2022-05-05,follow-up,Negative,,,,Negative,,neg,Negative,,,0,,,,,,,,,282,,,,,,,,,yes,0,,,,,,,,,,,,
1273,Sero-260-12,,2021-07-27,38,Sero-260,12,,,,,,,,,37,No,2022-06-12,follow-up,Negative,,,,ND,,,,,,0,,,,,,,,,320,,,,,,,,,yes,,,,,,,,,,,,,
1274,Sero-260-13,,2021-07-27,22,Sero-260,13,,,,,,,,,36,No,2022-07-04,follow-up,Negative,,,,ND,,,,,,0,,,,,,,,,342,,,,,,,,,yes,,,,,,,,,,,,,
1275,Sero-260-14,,2021-07-27,32,Sero-260,14,,,,,,,,,37,No,2022-08-05,follow-up,Negative,,,,Negative,,neg,Negative,,,0,,,,,,,,,374,0,374,374,0,,,,,yes,0,,,,,,,,,,,,
1276,Sero-261-01,asym,2021-07-27,0,Sero-261,1,14,10,Male,38,No,,No,Yes,,,2021-07-27,recruitment,Positive,Pv,12000,543,Mic+/PCR+,symptomatic,pv,Recruitment,Recruitment,,1,0,,,0,0,1,0,0,0,,,,,1,1,< 15 years,CQ; 3days + PQ; 14 days,yes,268669,48633,30,10,33,infectious,6,,,,,,
1277,Sero-261-03,asym,2021-07-27,23,Sero-261,3,,,,,,,,,36,No,2021-08-26,follow-up,Negative,,,,Negative,,neg,Negative,,,1,,,,,,,,,30,,,,,,,,,yes,0,,,,,,,,,,,,
1278,Sero-261-04,asym,2021-07-27,34,Sero-261,4,,,,,,,,,35,No,2021-09-29,follow-up,Negative,,,,Negative,,neg,Negative,,,1,,,,,,,,,64,,,,,,,,,yes,0,,,,,,,,,,,,
1279,Sero-261-05,asym,2021-07-27,30,Sero-261,5,,,,,,,,,36,No,2021-10-29,follow-up,Negative,,,,Negative,,neg,Negative,,,1,,,,,,,,,94,,,,,,,,,yes,0,,,,,,,,,,,,
1280,Sero-261-06,asym,2021-07-27,31,Sero-261,6,,,,,,,,,35,No,2021-11-29,follow-up,Negative,,,,Negative,,neg,Negative,,,1,,,,,,,,,125,,,,,,,,,yes,0,,,,,,,,,,,,
1281,Sero-261-07,asym,2021-07-27,30,Sero-261,7,,,,,,,,,35,No,2021-12-29,follow-up,Negative,,,,Negative,,neg,Negative,,,1,,,,,,,,,155,,,,,,,,,yes,0,,,,,,,,,,,,
1282,Sero-261-08,asym,2021-07-27,30,Sero-261,8,,,,,,,,,36,No,2022-01-28,follow-up,Negative,,,,Negative,,neg,Negative,,,1,,,,,,,,,185,,,,,,,,,yes,0,,,,,,,,,,,,
1283,Sero-261-09,asym,2021-07-27,29,Sero-261,9,,,,,,,,,36,No,2022-02-26,follow-up,Negative,,,,Negative,,neg,Negative,,,1,,,,,,,,,214,,,,,,,,,yes,0,,,,,,,,,,,,
1284,Sero-261-10,asym,2021-07-27,30,Sero-261,10,,,,,,,,,35,No,2022-03-28,follow-up,Negative,,,,Negative,,neg,Negative,,,1,,,,,,,,,244,,,,,,,,,yes,0,,,,,,,,,,,,
1285,Sero-261-11,asym,2021-07-27,30,Sero-261,11,,,,,,,,,36,No,2022-04-27,follow-up,Negative,,,,Negative,,neg,Negative,,,1,,,,,,,,,274,,,,,,,,,yes,0,,,,,,,,,,,,
1286,Sero-261-12,asym,2021-07-27,30,Sero-261,12,,,,,,,,,36,No,2022-05-27,follow-up,Negative,,,,Negative,,neg,Negative,,,1,,,,,,,,,304,,,,,,,,,yes,0,,,,,,,,,,,,
1287,Sero-261-13,asym,2021-07-27,31,Sero-261,13,,,,,,,,,36,No,2022-06-27,follow-up,Negative,,,,Negative,,neg,Negative,,,1,,,,,,,,,335,,,,,,,,,yes,0,,,,,,,,,,,,
1288,Sero-261-14,asym,2021-07-27,30,Sero-261,14,,,,,,,,,,No,2022-07-27,follow-up,Positive,Pv,1148,0,Mic+/PCR+,asymptomatic ,pv,asymptomatic,recurrence,1,1,,,1,,,,,,365,0,365,365,1,,1,,,yes,64931,20,,,,,,,,,,,
1289,Sero-263-01,,2021-07-29,0,Sero-263,1,14,18,Male,34,No,,No,Yes,,,2021-07-29,recruitment,Positive,Pv,9568,666,Mic+/PCR+,symptomatic,pv,Recruitment,Recruitment,,0,0,,,1,0,0,0,0,0,,,,,0,1,above 15 years,CQ; 3days + PQ; 14 days,yes,189026,98610,30,26,87,infectious,119,,,,,,
1290,Sero-263-03,,2021-07-29,23,Sero-263,3,,,,,,,,,36,No,2021-08-28,follow-up,Negative,,,,ND,,,,,,0,,,,,,,,,30,,,,,,,,,yes,,,,,,,,,,,,,
1291,Sero-263-04,,2021-07-29,31,Sero-263,4,,,,,,,,,36,No,2021-09-28,follow-up,Negative,,,,ND,,,,,,0,,,,,,,,,61,,,,,,,,,yes,,,,,,,,,,,,,
1292,Sero-263-05,,2021-07-29,31,Sero-263,5,,,,,,,,,35,No,2021-10-29,follow-up,Negative,,,,Negative,,neg,Negative,,,0,,,,,,,,,92,,,,,,,,,yes,0,,,,,,,,,,,,
1293,Sero-263-06,,2021-07-29,33,Sero-263,6,,,,,,,,,36,No,2021-12-01,follow-up,Negative,,,,ND,,,,,,0,,,,,,,,,125,,,,,,,,,yes,,,,,,,,,,,,,
1294,Sero-263-07,,2021-07-29,31,Sero-263,7,,,,,,,,,36,No,2022-01-01,follow-up,Negative,,,,ND,,,,,,0,,,,,,,,,156,,,,,,,,,yes,,,,,,,,,,,,,
1295,Sero-263-08,,2021-07-29,30,Sero-263,8,,,,,,,,,36,No,2022-01-31,follow-up,Negative,,,,Negative,,neg,Negative,,,0,,,,,,,,,186,,,,,,,,,yes,0,,,,,,,,,,,,
1296,Sero-263-09,,2021-07-29,32,Sero-263,9,,,,,,,,,36,No,2022-03-04,follow-up,Negative,,,,ND,,,,,,0,,,,,,,,,218,,,,,,,,,yes,,,,,,,,,,,,,
1297,Sero-263-10,,2021-07-29,31,Sero-263,10,,,,,,,,,35,No,2022-04-04,follow-up,Negative,,,,ND,,,,,,0,,,,,,,,,249,,,,,,,,,yes,,,,,,,,,,,,,
1298,Sero-263-11,,2021-07-29,30,Sero-263,11,,,,,,,,,36,No,2022-05-04,follow-up,Negative,,,,Negative,,neg,Negative,,,0,,,,,,,,,279,,,,,,,,,yes,0,,,,,,,,,,,,
1299,Sero-263-12,,2021-07-29,29,Sero-263,12,,,,,,,,,35,No,2022-06-02,follow-up,Negative,,,,ND,,,,,,0,,,,,,,,,308,,,,,,,,,yes,,,,,,,,,,,,,
1300,Sero-263-13,,2021-07-29,30,Sero-263,13,,,,,,,,,36,No,2022-07-02,follow-up,Negative,,,,ND,,,,,,0,,,,,,,,,338,,,,,,,,,yes,,,,,,,,,,,,,
1301,Sero-263-14,,2021-07-29,30,Sero-263,14,,,,,,,,,35,No,2022-08-01,follow-up,Negative,,,,Negative,,neg,Negative,,,0,,,,,,,,,368,0,368,368,0,,,,,yes,0,,,,,,,,,,,,
1302,Sero-264-01,,2021-07-30,0,Sero-264,1,4,26,Female,37,No,,No,Yes,,,2021-07-30,recruitment,Positive,Pv,3317,215,Mic+/PCR+,symptomatic,pv,Recruitment,Recruitment,,0,0,,,1,0,0,0,0,0,,,,,0,1,above 15 years,CQ; 3days + PQ; 14 days,yes,133913,22999,32,21,66,infectious,33,,,,,,
1303,Sero-264-03,,2021-07-30,25,Sero-264,3,,,,,,,,,37,No,2021-08-31,follow-up,Negative,,,,Negative,,neg,Negative,,,0,,,,,,,,,32,,,,,,,,,yes,0,,,,,,,,,,,,
1304,Sero-264-04,,2021-07-30,43,Sero-264,4,,,,,,,,,36,No,2021-10-13,follow-up,Negative,,,,Negative,,neg,Negative,,,0,,,,,,,,,75,0,75,75,0,,,,,yes,0,,,,,,,,,,,,
1305,Sero-265-01,,2021-08-02,0,Sero-265,1,14,35,Male,37,No,,No,Yes,,,2021-08-02,recruitment,Positive,Pv,4435,158,Mic+/PCR+,symptomatic,pv,Recruitment,Recruitment,,0,0,,,1,0,0,0,0,0,,,,,0,1,above 15 years,CQ; 3days + PQ; 14 days,yes,91654,66171,32,29,91,infectious,33,,,,,,
1306,Sero-265-03,,2021-08-02,24,Sero-265,3,,,,,,,,,36,No,2021-09-02,follow-up,Negative,,,,ND,,,,,,0,,,,,,,,,31,,,,,,,,,yes,,,,,,,,,,,,,
1307,Sero-265-04,,2021-08-02,30,Sero-265,4,,,,,,,,,36,No,2021-10-02,follow-up,Negative,,,,ND,,,,,,0,,,,,,,,,61,,,,,,,,,yes,,,,,,,,,,,,,
1308,Sero-265-05,,2021-08-02,41,Sero-265,5,,,,,,,,,35,No,2021-11-12,follow-up,Negative,,,,Negative,,neg,Negative,,,0,,,,,,,,,102,,,,,,,,,yes,0,,,,,,,,,,,,
1309,Sero-265-06,,2021-08-02,31,Sero-265,6,,,,,,,,,35,No,2021-12-13,follow-up,Negative,,,,ND,,,,,,0,,,,,,,,,133,,,,,,,,,yes,,,,,,,,,,,,,
1310,Sero-265-07,,2021-08-02,31,Sero-265,7,,,,,,,,,37,No,2022-01-13,follow-up,Negative,,,,ND,,,,,,0,,,,,,,,,164,,,,,,,,,yes,,,,,,,,,,,,,
1311,Sero-265-08,,2021-08-02,43,Sero-265,8,,,,,,,,,36,No,2022-02-25,follow-up,Negative,,,,Negative,,neg,Negative,,,0,,,,,,,,,207,,,,,,,,,yes,0,,,,,,,,,,,,
1312,Sero-265-09,,2021-08-02,31,Sero-265,9,,,,,,,,,35,No,2022-03-28,follow-up,Negative,,,,ND,,,,,,0,,,,,,,,,238,,,,,,,,,yes,,,,,,,,,,,,,
1313,Sero-265-10,,2021-08-02,30,Sero-265,10,,,,,,,,,34,No,2022-04-27,follow-up,Negative,,,,ND,,,,,,0,,,,,,,,,268,,,,,,,,,yes,,,,,,,,,,,,,
1314,Sero-265-11,,2021-08-02,33,Sero-265,11,,,,,,,,,36,No,2022-05-30,follow-up,Negative,,,,Negative,,neg,Negative,,,0,,,,,,,,,301,,,,,,,,,yes,0,,,,,,,,,,,,
1315,Sero-265-12,,2021-08-02,35,Sero-265,12,,,,,,,,,36,No,2022-07-04,follow-up,Negative,,,,ND,,,,,,0,,,,,,,,,336,,,,,,,,,yes,,,,,,,,,,,,,
1316,Sero-265-13,,2021-08-02,30,Sero-265,13,,,,,,,,,36,No,2022-08-03,follow-up,Negative,,,,ND,,,,,,0,,,,,,,,,366,,,,,,,,,yes,,,,,,,,,,,,,
1317,Sero-266-01,,2021-08-04,0,Sero-266,1,14,13,Male,36,Yes,3,Yes,Yes,,,2021-08-04,recruitment,Positive,Pv,1240,0,Mic+/PCR+,symptomatic,pv,Recruitment,Recruitment,,0,0,,,1,0,0,0,0,0,,,,,0,1,< 15 years,CQ; 3days + PQ; 14 days,yes,73509,1296,30,0,0,non-infectious,0,,,,,,
1318,Sero-266-03,,2021-08-04,24,Sero-266,3,,,,,,,,,36,No,2021-09-04,follow-up,Negative,,,,ND,,,,,,0,,,,,,,,,31,,,,,,,,,yes,,,,,,,,,,,,,
1319,Sero-266-04,,2021-08-04,30,Sero-266,4,,,,,,,,,36,No,2021-10-04,follow-up,Negative,,,,ND,,,,,,0,,,,,,,,,61,,,,,,,,,yes,,,,,,,,,,,,,
1320,Sero-266-05,,2021-08-04,31,Sero-266,5,,,,,,,,,36,No,2021-10-04,follow-up,Negative,,,,Negative,,neg,Negative,,,0,,,,,,,,,61,,,,,,,,,yes,0,,,,,,,,,,,,
1321,Sero-266-06,,2021-08-04,35,Sero-266,6,,,,,,,,,36,No,2021-12-09,follow-up,Negative,,,,ND,,,,,,0,,,,,,,,,127,,,,,,,,,yes,,,,,,,,,,,,,
1322,Sero-266-07,,2021-08-04,27,Sero-266,7,,,,,,,,,35,No,2022-01-05,follow-up,Negative,,,,ND,,,,,,0,,,,,,,,,154,,,,,,,,,yes,,,,,,,,,,,,,
1323,Sero-266-08,,2021-08-04,34,Sero-266,8,,,,,,,,,36,No,2022-02-08,follow-up,Negative,,,,Negative,,neg,Negative,,,0,,,,,,,,,188,,,,,,,,,yes,0,,,,,,,,,,,,
1324,Sero-266-09,,2021-08-04,31,Sero-266,9,,,,,,,,,35,No,2022-03-11,follow-up,Positive,Pv,740,,Mic+/PCR+,symptomatic,,,,,0,,,,,,,,,219,,,,,,,,,yes,,,,,,,,,,,,,
1325,Sero-266-10,,2021-08-04,36,Sero-266,10,,,,,,,,,35,No,2022-04-16,follow-up,Negative,,,,ND,,,,,,0,,,,,,,,,255,,,,,,,,,yes,,,,,,,,,,,,,
1326,Sero-266-11,,2021-08-04,31,Sero-266,11,,,,,,,,,36,No,2022-05-17,follow-up,Negative,,,,Negative,,neg,Negative,,,0,,,,,,,,,286,,,,,,,,,yes,0,,,,,,,,,,,,
1327,Sero-266-12,,2021-08-04,37,Sero-266,12,,,,,,,,,35,No,2022-06-23,follow-up,Negative,,,,ND,,,,,,0,,,,,,,,,323,,,,,,,,,yes,,,,,,,,,,,,,
1328,Sero-266-13,,2021-08-04,37,Sero-266,13,,,,,,,,,36,No,2022-07-30,follow-up,Negative,,,,ND,,,,,,0,,,,,,,,,360,,,,,,,,,yes,,,,,,,,,,,,,
1329,Sero-267-01,sym,2021-08-07,0,Sero-267,1,15,18,Male,39,No,,No,Yes,,,2021-08-07,recruitment,Positive,Pv,1236,0,Mic+/PCR+,symptomatic,pv,Recruitment,Recruitment,,2,2,,,0,1,0,0,1,0,,,,,1,1,above 15 years,CQ; 3days + PQ; 14 days,yes,26499,745,30,0,0,non-infectious,0,,,,,,
1330,Sero-267-03,sym,2021-08-07,24,Sero-267,3,,,,,,,,,36,No,2021-09-07,follow-up,Negative,,,,Negative,,neg,Negative,,,2,,,,,,,,,31,,,,,,,,,yes,0,,,,,,,,,,,,
1331,Sero-267-04,sym,2021-08-07,29,Sero-267,4,,,,,,,,,36,No,2021-10-06,follow-up,Negative,,,,Negative,,neg,Negative,,,2,,,,,,,,,60,,,,,,,,,yes,0,,,,,,,,,,,,
1332,Sero-267-05,sym,2021-08-07,22,Sero-267,5,,,,,,,,,38,Yes,2021-10-28,recurrence,Positive,Pv,9200,480,Mic+/PCR+,symptomatic,pv,symptomatic,recurrence,1,2,,1,,,,,,,82,0,82,82,1,,1,,CQ; 3days + PQ; 14 days,yes,835473,41693,33,19,58,infectious,37,,,,,,
1333,Sero-267-06,sym,2021-08-07,30,Sero-267,6,,,,,,,,,36,No,2021-11-27,follow-up,Negative,,,,Negative,,neg,Negative,,,2,,,,,,,,,112,,,,,,,,,yes,0,,,,,,,,,,,,
1334,Sero-267-07,sym,2021-08-07,18,Sero-267,7,,,,,,,,,39,Yes,2021-12-15,recurrence,Positive,Pv,5120,669,Mic+/PCR+,symptomatic,pv,symptomatic,recurrence,2,2,,2,,,,,,,130,82,130,48,1,,1,,CQ; 3days + PQ; 14 days,yes,151880,30006,30,14,47,infectious,4,Sero-267-R05,Sero-267-R07,0,0.6813544,0.3186456,relapse
1335,Sero-267-08,sym,2021-08-07,33,Sero-267,8,,,,,,,,,36,No,2022-01-17,follow-up,Negative,,,,Negative,,neg,Negative,,,2,,,,,,,,,163,,,,,,,,,yes,0,,,,,,,,,,,,
1336,Sero-267-09,sym,2021-08-07,29,Sero-267,9,,,,,,,,,36,No,2022-02-15,follow-up,Positive,Pv,1033,,Mic+/PCR+,asymptomatic ,pv,Asym_persisting,persisting,,2,,,,,,,,,192,,,,,,1,,,yes,788,280,,,,,,,,,,,
1337,Sero-267-10,sym,2021-08-07,28,Sero-267,10,,,,,,,,,36,No,2022-03-15,follow-up,Positive,Pv,807,,Mic+/PCR+,asymptomatic ,pv,Asym_persisting,persisting,,2,,,,,,,,,220,,,,,,1,,,yes,4664,653,,,,,,,,,,,
1338,Sero-267-11,sym,2021-08-07,29,Sero-267,11,,,,,,,,,37,No,2022-04-13,follow-up,Negative,,,,PCR+,submicroscopic,pv,Asym_persisting,persisting,,2,,,,,,,,,249,,,,,,1,,,yes,969,17,,,,,,,,,,,
1339,Sero-267-12,sym,2021-08-07,30,Sero-267,12,,,,,,,,,37,No,2022-05-13,follow-up,Negative,,,,PCR+,submicroscopic,pv,Asym_persisting,persisting,,2,,,,,,,,,279,,,,,,1,,,yes,89,106,,,,,,,,,,,
1340,Sero-267-13,sym,2021-08-07,31,Sero-267,13,,,,,,,,,36,No,2022-06-13,follow-up,Positive,Pv,20,0,Mic+/PCR+,asymptomatic ,pv,Asym_persisting,persisting,,2,,,,,,,,,310,,,,,,1,,,yes,37,146,,,,,,,,,,,
1341,Sero-267-14,sym,2021-08-07,30,Sero-267,14,,,,,,,,,36,No,2022-07-13,follow-up,Negative,,,,PCR+,submicroscopic,pv,Asym_persisting,persisting,,2,,,,,,,,,340,,,,,,1,,,yes,663,6,,,,,,,,,,,
1342,Sero-267-15,sym,2021-08-07,31,Sero-267,15,,,,,,,,,36,No,2022-08-13,follow-up,Negative,,,,ND,,,,,,2,,,,,,,,,371,,,,,,,,,yes,,,,,,,,,,,,,
1343,Sero-268-01,sym,2021-08-10,0,Sero-268,1,14,12,Male,38,No,,No,Yes,,,2021-08-10,recruitment,Positive,Pv,4487,245,Mic+/PCR+,symptomatic,pv,Recruitment,Recruitment,,1,1,,,0,1,0,0,1,0,,,,,1,1,< 15 years,CQ; 3days + PQ; 14 days,yes,104481,6805,30,18,60,infectious,9,,,,,,
1344,Sero-268-03,sym,2021-08-10,27,Sero-268,3,,,,,,,,,36,No,2021-09-13,follow-up,Negative,,,,Negative,,neg,Negative,,,1,,,,,,,,,34,,,,,,,,,yes,0,,,,,,,,,,,,
1345,Sero-268-04,sym,2021-08-10,30,Sero-268,4,,,,,,,,,36,Yes,2021-10-13,follow-up,Negative,,,,Negative,,neg,Negative,,,1,,,,,,,,,64,,,,,,,,,yes,0,,,,,,,,,,,,
1346,Sero-268-05,sym,2021-08-10,36,Sero-268,5,,,,,,,,,38,No,2021-11-18,follow-up,Negative,,,,Negative,,neg,Negative,,,1,,,,,,,,,100,,,,,,,,,yes,0,,,,,,,,,,,,
1347,Sero-268-06,sym,2021-08-10,35,Sero-268,6,,,,,,,,,36,No,2021-12-23,follow-up,Negative,,,,Negative,,neg,Negative,,,1,,,,,,,,,135,,,,,,,,,yes,0,,,,,,,,,,,,
1348,Sero-268-07,sym,2021-08-10,30,Sero-268,7,,,,,,,,,36,No,2022-01-22,follow-up,Negative,,,,Negative,,neg,Negative,,,1,,,,,,,,,165,,,,,,,,,yes,0,,,,,,,,,,,,
1349,Sero-268-08,sym,2021-08-10,20,Sero-268,8,,,,,,,,,37,No,2022-02-11,follow-up,Negative,,,,Negative,,neg,Negative,,,1,,,,,,,,,185,,,,,,,,,yes,0,,,,,,,,,,,,
1350,Sero-268-09,sym,2021-08-10,28,Sero-268,9,,,,,,,,,37,No,2022-03-11,follow-up,Negative,,,,Negative,,neg,Negative,,,1,,,,,,,,,213,,,,,,,,,yes,0,,,,,,,,,,,,
1351,Sero-268-10,sym,2021-08-10,31,Sero-268,10,,,,,,,,,36,No,2022-04-11,follow-up,Negative,,,,Negative,,neg,Negative,,,1,,,,,,,,,244,,,,,,,,,yes,0,,,,,,,,,,,,
1352,Sero-268-11,sym,2021-08-10,31,Sero-268,11,,,,,,,,,36,No,2022-05-12,follow-up,Negative,,,,Negative,,neg,Negative,,,1,,,,,,,,,275,,,,,,,,,yes,0,,,,,,,,,,,,
1353,Sero-268-12,sym,2021-08-10,21,Sero-268,12,,,,,,,,,39,Yes,2022-06-02,recurrence,Positive,Pv,2746,0,Mic+/PCR+,symptomatic,pv,symptomatic,recurrence,1,1,,1,,,,,,,296,0,296,296,1,,1,,CQ; 3days + PQ; 14 days,yes,86736,44094,24,9,38,infectious,8,,,,,,
1354,Sero-268-13,sym,2021-08-10,30,Sero-268,13,,,,,,,,,37,No,2022-07-02,follow-up,Negative,,,,Negative,,neg,Negative,,,1,,,,,,,,,326,,,,,,,,,yes,0,,,,,,,,,,,,
1355,Sero-268-14,sym,2021-08-10,31,Sero-268,14,,,,,,,,,37,No,2022-08-02,follow-up,Positive,Pv,147,0,Mic+/PCR+,asymptomatic ,pv,Asym_persisting,persisting,,1,,,,,,,,,357,,,,,,1,,,yes,4729,9,,,,,,,,,,,
1356,Sero-269-01,sym,2021-08-12,0,Sero-269,1,15,19,Male,40,No,,No,Yes,,,2021-08-12,recruitment,Positive,Pv,11480,445,Mic+/PCR+,symptomatic,pv,Recruitment,Recruitment,,2,1,,,0,1,0,0,0,0,,,,,1,1,above 15 years,CQ; 3days + PQ; 14 days,yes,514014,264541,31,15,48,infectious,9,,,,,,
1357,Sero-269-03,sym,2021-08-12,20,Sero-269,3,,,,,,,,,36,No,2021-09-08,follow-up,Negative,,,,Negative,,neg,Negative,,,2,,,,,,,,,27,,,,,,,,,yes,0,,,,,,,,,,,,
1358,Sero-269-04,sym,2021-08-12,30,Sero-269,4,,,,,,,,,36,No,2021-10-08,follow-up,Negative,,,,Negative,,neg,Negative,,,2,,,,,,,,,57,,,,,,,,,yes,0,,,,,,,,,,,,
1359,Sero-269-05,sym,2021-08-12,31,Sero-269,5,,,,,,,,,36,No,2021-11-08,follow-up,Negative,,,,Negative,,neg,Negative,,,2,,,,,,,,,88,,,,,,,,,yes,0,,,,,,,,,,,,
1360,Sero-269-06,sym,2021-08-12,30,Sero-269,6,,,,,,,,,36,No,2021-12-08,follow-up,Negative,,,,PCR+,submicroscopic,pv,asymptomatic,recurrence,1,2,,,1,,,,,,118,0,118,118,1,,,,,yes,5,,,,,,,,,,,,
1361,Sero-269-07,sym,2021-08-12,33,Sero-269,7,,,,,,,,,37,No,2022-01-10,follow-up,Negative,,,,Negative,,neg,Negative,,,2,,,,,,,,,151,,,,,,,,,yes,0,,,,,,,,,,,,
1362,Sero-269-08,sym,2021-08-12,30,Sero-269,8,,,,,,,,,37,No,2022-02-09,follow-up,Negative,,,,Negative,,neg,Negative,,,2,,,,,,,,,181,,,,,,,,,yes,0,,,,,,,,,,,,
1363,Sero-269-09,sym,2021-08-12,30,Sero-269,9,,,,,,,,,36,No,2022-03-11,follow-up,Negative,,,,Negative,,neg,Negative,,,2,,,,,,,,,211,,,,,,,,,yes,0,,,,,,,,,,,,
1364,Sero-269-10,sym,2021-08-12,18,Sero-269,10,,,,,,,,,38,Yes,2022-03-29,recurrence,Positive,Pv,4053,286,Mic+/PCR+,symptomatic,pv,symptomatic,recurrence,2,2,,1,,,,,,,229,118,229,111,1,,1,,CQ; 3days + PQ; 14 days,yes,886,2519,,,,,,Sero-269-R01,Sero-269-R10,0,0.99216288,0.007837136,relapse
1365,Sero-269-11,sym,2021-08-12,30,Sero-269,11,,,,,,,,,36,No,2022-04-28,follow-up,Negative,,,,Negative,,neg,Negative,,,2,,,,,,,,,259,,,,,,,,,yes,0,,,,,,,,,,,,
1366,Sero-269-12,sym,2021-08-12,30,Sero-269,12,,,,,,,,,37,No,2022-05-28,follow-up,Negative,,,,Negative,,neg,Negative,,,2,,,,,,,,,289,,,,,,,,,yes,0,,,,,,,,,,,,
1367,Sero-269-13,sym,2021-08-12,30,Sero-269,13,,,,,,,,,35,No,2022-06-27,follow-up,Negative,,,,Negative,,neg,Negative,,,2,,,,,,,,,319,,,,,,,,,yes,0,,,,,,,,,,,,
1368,Sero-269-14,sym,2021-08-12,30,Sero-269,14,,,,,,,,,36,No,2022-07-27,follow-up,Negative,,,,Negative,,neg,Negative,,,2,,,,,,,,,349,,,,,,,,,yes,0,,,,,,,,,,,,
1369,Sero-270-01,,2021-08-12,0,Sero-270,1,3,10,Female,36,Yes,1,Yes,Yes,,,2021-08-12,recruitment,Positive,Pv,12729,197,Mic+/PCR+,symptomatic,pv,Recruitment,Recruitment,,0,0,,,1,0,0,0,0,0,,,,,0,1,< 15 years,CQ; 3days + PQ; 14 days,yes,12700,49665,30,3,10,infectious,8,,,,,,
1370,Sero-270-03,,2021-08-12,31,Sero-270,3,,,,,,,,,36,No,2021-09-20,follow-up,Negative,,,,ND,,,,,,0,,,,,,,,,39,,,,,,,,,yes,,,,,,,,,,,,,
1371,Sero-271-01,sym,2021-08-13,0,Sero-271,1,15,11,Female,37,Yes,3,Yes,Yes,,,2021-08-13,recruitment,Positive,Pv,27287,695,Mic+/PCR+,symptomatic,pv,Recruitment,Recruitment,,1,1,,,0,1,0,1,0,0,,,,,0,1,< 15 years,CQ; 3days + PQ; 14 days,yes,2700000,734956,33,32,97,infectious,30,,,,,,
1372,Sero-271-03,sym,2021-08-13,32,Sero-271,3,,,,,,,,,34,No,2021-09-21,follow-up,Negative,,,,Negative,,neg,Negative,,,1,,,,,,,,,39,,,,,,,,,yes,0,,,,,,,,,,,,
1373,Sero-271-04,sym,2021-08-13,7,Sero-271,4,,,,,,,,,37,Yes,2021-09-28,recurrence,Positive,Pv,25080,520,Mic+/PCR+,symptomatic,pv,symptomatic,recurrence,1,1,,1,,,,,,,46,0,46,46,1,,1,,CQ; 3days + PQ; 14 days,yes,2300000,559397,32,19,59,infectious,13,Sero-271-R01,Sero-271-R04,0,0.99932015,0.00067984,relapse
1374,Sero-271-05,sym,2021-08-13,30,Sero-271,5,,,,,,,,,36,No,2021-10-28,follow-up,Negative,,,,PCR+,submicroscopic,pv,Asym_persisting,persisting,,1,,,,,,,,,76,,,,,,1,,,yes,272,141,,,,,,,,,,,
1375,Sero-271-06,sym,2021-08-13,5,Sero-271,6,,,,,,,,,36,Yes,2021-11-02,recurrence,Positive,Pv,2630,0,Mic+/PCR+,symptomatic,pv,Symp_persisting,persisting,,1,,,,,,,,,81,,,,,,1,,CQ; 3days + PQ; 14 days,yes,477238,324070,32,8,25,infectious,30,Sero-271-R04,Sero-271-R06,0,0.99883544,0.001164571,relapse
1376,Sero-271-07,sym,2021-08-13,30,Sero-271,7,,,,,,,,,40,Yes,2021-12-02,follow-up,Positive,mixed,6956,0,Mic+/PCR+,asymptomatic ,mixed,Asym_persisting,persisting,,1,,,,,,,,,111,,,,,,1,,,yes,10,204,,,,,,,,,,,
1377,Sero-271-08,sym,2021-08-13,30,Sero-271,8,,,,,,,,,37,No,2022-01-01,follow-up,Negative,,,,PCR+,submicroscopic,pv,Asym_persisting,persisting,,1,,,,,,,,,141,,,,,,1,,,yes,271,21,,,,,,,,,,,
1378,Sero-271-09,sym,2021-08-13,31,Sero-271,9,,,,,,,,,37,No,2022-02-01,follow-up,Negative,,,,PCR+,submicroscopic,pv,Asym_persisting,persisting,,1,,,,,,,,,172,,,,,,1,,,yes,30,47,,,,,,,,,,,
1379,Sero-271-10,sym,2021-08-13,29,Sero-271,10,,,,,,,,,36,No,2022-03-02,follow-up,Negative,,,,Negative,,neg,Negative,,,1,,,,,,,,,201,,,,,,,,,yes,0,,,,,,,,,,,,
1380,Sero-271-11,sym,2021-08-13,29,Sero-271,11,,,,,,,,,35,No,2022-03-31,follow-up,Negative,,,,PCR+,submicroscopic,pv,Asym_persisting,persisting,,1,,,,,,,,,230,,,,,,0,,,yes,51,0,,,,,,,,,,,
1381,Sero-271-12,sym,2021-08-13,32,Sero-271,12,,,,,,,,,37,No,2022-05-02,follow-up,Negative,,,,Negative,,neg,Negative,,,1,,,,,,,,,262,,,,,,,,,yes,0,,,,,,,,,,,,
1382,Sero-271-13,sym,2021-08-13,32,Sero-271,13,,,,,,,,,37,No,2022-06-03,follow-up,Negative,,,,PCR+,submicroscopic,pv,Asym_persisting,persisting,,1,,,,,,,,,294,,,,,,1,,,yes,27,26,,,,,,,,,,,
1383,Sero-271-14,sym,2021-08-13,32,Sero-271,14,,,,,,,,,36,No,2022-07-05,follow-up,Negative,,,,PCR+,submicroscopic,pv,Asym_persisting,persisting,,1,,,,,,,,,326,,,,,,0,,,yes,2406,2,,,,,,,,,,,
1384,Sero-271-15,sym,2021-08-13,31,Sero-271,15,,,,,,,,,35,No,2022-08-05,follow-up,Negative,,,,ND,,,,,,1,,,,,,,,,357,,,,,,,,,yes,,,,,,,,,,,,,
1385,Sero-272-01,asym,2021-08-16,0,Sero-272,1,14,22,Female,36,No,,No,Yes,,,2021-08-16,recruitment,Positive,Pv,5535,4623,Mic+/PCR+,symptomatic,pv,Recruitment,Recruitment,,2,0,,,0,0,1,0,1,0,,,,,0,1,above 15 years,CQ; 3days + PQ; 14 days,yes,44748,150069,30,23,77,infectious,56,,,,,,
1386,Sero-272-03,asym,2021-08-16,24,Sero-272,3,,,,,,,,,36,No,2021-09-16,follow-up,Negative,,,,Negative,,neg,Negative,,,2,,,,,,,,,31,,,,,,,,,yes,0,,,,,,,,,,,,
1387,Sero-272-04,asym,2021-08-16,30,Sero-272,4,,,,,,,,,36,No,2021-10-16,follow-up,Negative,,,,Negative,,neg,Negative,,,2,,,,,,,,,61,,,,,,,,,yes,0,,,,,,,,,,,,
1388,Sero-272-05,asym,2021-08-16,30,Sero-272,5,,,,,,,,,36,No,2021-11-15,follow-up,Negative,,,,PCR+,submicroscopic,pv,asymptomatic,recurrence,1,2,,,1,,,,,,91,0,91,91,1,,1,,,yes,1377,60,,,,,,,,,,,
1389,Sero-272-06,asym,2021-08-16,32,Sero-272,6,,,,,,,,,36,No,2021-12-17,follow-up,Negative,,,,PCR+,submicroscopic,pv,Asym_persisting,persisting,,2,,,,,,,,,123,,,,,,1,,,yes,16,22,,,,,,,,,,,
1390,Sero-272-07,asym,2021-08-16,35,Sero-272,7,,,,,,,,,36,Yes,2022-01-21,follow-up,Negative,,,,Negative,,neg,Negative,,,2,,,,,,,,,158,,,,,,,,,yes,0,,,,,,,,,,,,
1391,Sero-272-08,asym,2021-08-16,32,Sero-272,8,,,,,,,,,36,No,2022-02-22,follow-up,Negative,,,,PCR+,submicroscopic,pv,Asym_persisting,persisting,,2,,,,,,,,,190,,,,,,0,,,yes,11,0,,,,,,,,,,,
1392,Sero-272-09,asym,2021-08-16,29,Sero-272,9,,,,,,,,,36,No,2022-03-23,follow-up,Negative,,,,PCR+,submicroscopic,pv,Asym_persisting,persisting,,2,,,,,,,,,219,,,,,,1,,,yes,16,41,,,,,,,,,,,
1393,Sero-272-10,asym,2021-08-16,28,Sero-272,10,,,,,,,,,37,No,2022-04-20,follow-up,Negative,,,,PCR+,submicroscopic,pv,Asym_persisting,persisting,,2,,,,,,,,,247,,,,,,0,,,yes,8,1,,,,,,,,,,,
1394,Sero-272-11,asym,2021-08-16,30,Sero-272,11,,,,,,,,,35,No,2022-05-20,follow-up,Negative,,,,Negative,,neg,Negative,,,2,,,,,,,,,277,,,,,,,,,yes,0,,,,,,,,,,,,
1395,Sero-272-12,asym,2021-08-16,36,Sero-272,12,,,,,,,,,36,No,2022-06-25,follow-up,Negative,,,,Negative,,neg,Negative,,,2,,,,,,,,,313,,,,,,,,,yes,0,,,,,,,,,,,,
1396,Sero-272-13,asym,2021-08-16,33,Sero-272,13,,,,,,,,,36,No,2022-07-28,follow-up,Negative,,,,Negative,,neg,Negative,,,2,,,,,,,,,346,,,,,,,,,yes,0,,,,,,,,,,,,
1397,Sero-272-14,asym,2021-08-16,30,Sero-272,14,,,,,,,,,37,No,2022-08-27,follow-up,Negative,,,,PCR+,submicroscopic,pv,asymptomatic,recurrence,2,2,,,2,,,,,,376,91,376,285,1,,0,,,yes,95,0,,,,,,,,,,,
1398,Sero-273-01,sym,2021-08-20,0,Sero-273,1,15,14,Male,36,Yes,3,Yes,Yes,,,2021-08-20,recruitment,Positive,Pv,1115,124,Mic+/PCR+,symptomatic,pv,Recruitment,Recruitment,,2,1,,,0,1,0,0,1,0,,,,,0,1,< 15 years,CQ; 3days + PQ; 14 days,yes,120806,51434,30,21,70,infectious,14,,,,,,
1399,Sero-273-03,sym,2021-08-20,19,Sero-273,3,,,,,,,,,36,No,2021-09-15,follow-up,Negative,,,,Negative,,neg,Negative,,,2,,,,,,,,,26,,,,,,,,,yes,0,,,,,,,,,,,,
1400,Sero-273-04,sym,2021-08-20,30,Sero-273,4,,,,,,,,,36,No,2021-10-15,follow-up,Negative,,,,Negative,,neg,Negative,,,2,,,,,,,,,56,,,,,,,,,yes,0,,,,,,,,,,,,
1401,Sero-273-05,sym,2021-08-20,7,Sero-273,5,,,,,,,,,39,Yes,2021-10-22,recurrence,Positive,Pv,,,Mic+/PCR+,symptomatic,pv,symptomatic,recurrence,1,2,,1,,,,,,,63,0,56,56,1,,1,,CQ; 3days + PQ; 14 days,yes,104245,8694,,,,,,Sero-273-R01,Sero-273-R05,0.39354303,0.60643351,2.35E-05,relapse
1402,Sero-273-06,sym,2021-08-20,31,Sero-273,6,,,,,,,,,37,No,2021-11-22,follow-up,Negative,,,,Negative,,neg,Negative,,,2,,,,,,,,,94,,,,,,,,,yes,0,,,,,,,,,,,,
1403,Sero-273-07,sym,2021-08-20,30,Sero-273,7,,,,,,,,,36,No,2021-12-22,follow-up,Negative,,,,Negative,,neg,Negative,,,2,,,,,,,,,124,,,,,,,,,yes,0,,,,,,,,,,,,
1404,Sero-273-08,sym,2021-08-20,34,Sero-273,8,,,,,,,,,36,No,2022-01-25,follow-up,Negative,,,,PCR+,submicroscopic,pv,asymptomatic,recurrence,2,2,,,1,,,,,,158,56,158,102,1,,0,,,yes,30,1,,,,,,,,,,,
1405,Sero-273-09,sym,2021-08-20,30,Sero-273,9,,,,,,,,,36,No,2022-02-24,follow-up,Negative,,,,PCR+,submicroscopic,pv,Asym_persisting,persisting,,2,,,,,,,,,188,,,,,,1,,,yes,94,79,,,,,,,,,,,
1406,Sero-273-10,sym,2021-08-20,28,Sero-273,10,,,,,,,,,36,No,2022-03-24,follow-up,Negative,,,,PCR+,submicroscopic,pv,Asym_persisting,persisting,,2,,,,,,,,,216,,,,,,1,,,yes,61,14,,,,,,,,,,,
1407,Sero-273-11,sym,2021-08-20,27,Sero-273,11,,,,,,,,,35,No,2022-04-20,follow-up,Negative,,,,PCR+,submicroscopic,pv,Asym_persisting,persisting,,2,,,,,,,,,243,,,,,,0,,,yes,69,0,,,,,,,,,,,
1408,Sero-273-12,sym,2021-08-20,30,Sero-273,12,,,,,,,,,36,No,2022-05-20,follow-up,Negative,,,,Negative,,neg,Negative,,,2,,,,,,,,,273,,,,,,,,,yes,0,,,,,,,,,,,,
1409,Sero-273-13,sym,2021-08-20,32,Sero-273,13,,,,,,,,,35,No,2022-06-21,follow-up,Negative,,,,Negative,,neg,Negative,,,2,,,,,,,,,305,,,,,,,,,yes,0,,,,,,,,,,,,
1410,Sero-273-14,sym,2021-08-20,24,Sero-273,14,,,,,,,,,35,No,2022-07-15,follow-up,Negative,,,,Negative,,neg,Negative,,,2,,,,,,,,,329,,,,,,,,,yes,0,,,,,,,,,,,,
1411,Sero-273-15,sym,2021-08-20,31,Sero-273,15,,,,,,,,,36,No,2022-08-15,follow-up,Negative,,,,ND,,,,,,1,,,,,,,,,360,,,,,,,,,yes,,,,,,,,,,,,,
1412,Sero-274-01,,2021-08-25,0,Sero-274,1,14,12,Female,39,Yes,1,No,Yes,,,2021-08-25,recruitment,Positive,Pv,2217,0,Mic+/PCR+,symptomatic,pv,Recruitment,Recruitment,,0,0,,,1,0,0,0,0,0,,,,,1,1,< 15 years,CQ; 3days + PQ; 14 days,yes,96851,140908,32,9,28,infectious,4,,,,,,
1413,Sero-274-03,,2021-08-25,19,Sero-274,3,,,,,,,,,36,No,2021-09-20,follow-up,Negative,,,,ND,,,,,,0,,,,,,,,,26,,,,,,,,,yes,,,,,,,,,,,,,
1414,Sero-274-04,,2021-08-25,30,Sero-274,4,,,,,,,,,37,No,2021-10-20,follow-up,Negative,,,,ND,,,,,,0,,,,,,,,,56,,,,,,,,,yes,,,,,,,,,,,,,
1415,Sero-274-05,,2021-08-25,31,Sero-274,5,,,,,,,,,36,No,2021-11-20,follow-up,Negative,,,,Negative,,neg,Negative,,,0,,,,,,,,,87,,,,,,,,,yes,0,,,,,,,,,,,,
1416,Sero-274-06,,2021-08-25,30,Sero-274,6,,,,,,,,,36,No,2021-12-20,follow-up,Negative,,,,ND,,,,,,0,,,,,,,,,117,,,,,,,,,yes,,,,,,,,,,,,,
1417,Sero-274-07,,2021-08-25,33,Sero-274,7,,,,,,,,,36,No,2022-01-22,follow-up,Negative,,,,ND,,,,,,0,,,,,,,,,150,,,,,,,,,yes,,,,,,,,,,,,,
1418,Sero-274-08,,2021-08-25,33,Sero-274,8,,,,,,,,,36,No,2022-02-24,follow-up,Negative,,,,Negative,,neg,Negative,,,0,,,,,,,,,183,,,,,,,,,yes,0,,,,,,,,,,,,
1419,Sero-274-09,,2021-08-25,30,Sero-274,9,,,,,,,,,35,No,2022-03-26,follow-up,Negative,,,,ND,,,,,,0,,,,,,,,,213,,,,,,,,,yes,,,,,,,,,,,,,
1420,Sero-274-10,,2021-08-25,33,Sero-274,10,,,,,,,,,35,No,2022-04-28,follow-up,Negative,,,,ND,,,,,,0,,,,,,,,,246,,,,,,,,,yes,,,,,,,,,,,,,
1421,Sero-274-11,,2021-08-25,32,Sero-274,11,,,,,,,,,36,No,2022-05-30,follow-up,Negative,,,,Negative,,neg,Negative,,,0,,,,,,,,,278,,,,,,,,,yes,0,,,,,,,,,,,,
1422,Sero-274-12,,2021-08-25,32,Sero-274,12,,,,,,,,,37,No,2022-07-01,follow-up,Negative,,,,ND,,,,,,0,,,,,,,,,310,,,,,,,,,yes,,,,,,,,,,,,,
1423,Sero-274-13,,2021-08-25,29,Sero-274,13,,,,,,,,,36,No,2022-07-30,follow-up,Negative,,,,ND,,,,,,0,,,,,,,,,339,,,,,,,,,yes,,,,,,,,,,,,,
1424,Sero-274-14,,2021-08-25,32,Sero-274,14,,,,,,,,,37,No,2022-08-31,follow-up,Negative,,,,Negative,,neg,Negative,,,0,,,,,,,,,371,,,,,,,,,yes,0,,,,,,,,,,,,
1425,Sero-275-01,asym,2021-08-27,0,Sero-275,1,14,10,Male,39,Yes,1,No,Yes,,,2021-08-27,recruitment,Positive,Pv,9154,0,Mic+/PCR+,symptomatic,pv,Recruitment,Recruitment,,1,0,,,0,0,1,0,1,0,,,,,1,1,< 15 years,CQ; 3days + PQ; 14 days,yes,226134,306424,30,7,23,infectious,4,,,,,,
1426,Sero-275-03,asym,2021-08-27,25,Sero-275,3,,,,,,,,,37,No,2021-09-28,follow-up,Negative,,,,Negative,,neg,Negative,,,1,,,,,,,,,32,,,,,,,,,yes,0,,,,,,,,,,,,
1427,Sero-275-04,asym,2021-08-27,30,Sero-275,4,,,,,,,,,36,No,2021-10-28,follow-up,Positive,mixed,621,0,Mic+/PCR+,asymptomatic ,pv,Asym_persisting,persisting,,1,,,,,,,,,62,,,,,,1,,,yes,1183,10212,,,,,,,,,,,
1428,Sero-275-05,asym,2021-08-27,30,Sero-275,5,,,,,,,,,36,No,2021-11-27,follow-up,Positive,P.f,21080,0,Pf,Pf,pf,new infection,Pf,,1,,,,,,,,,92,,,,,,,,,yes,0,,,,,,,,,,,,
1429,Sero-275-06,asym,2021-08-27,30,Sero-275,6,,,,,,,,,35,No,2021-12-27,follow-up,Negative,,,,Negative,,neg,Negative,,,1,,,,,,,,,122,,,,,,,,,yes,0,,,,,,,,,,,,
1430,Sero-275-07,asym,2021-08-27,30,Sero-275,7,,,,,,,,,36,No,2022-01-26,follow-up,Positive,mixed,419,,Mic+/PCR+,asymptomatic ,pv,asymptomatic,recurrence,1,1,,,1,,,,,,152,0,152,152,1,,1,,,yes,374,1655,,,,,,,,,,,
1431,Sero-275-08,asym,2021-08-27,30,Sero-275,8,,,,,,,,,36,No,2022-02-25,follow-up,Negative,,,,PCR+,submicroscopic,pv,Asym_persisting,persisting,,1,,,,,,,,,182,,,,,,0,,,yes,2650,2,,,,,,,,,,,
1432,Sero-275-09,asym,2021-08-27,28,Sero-275,9,,,,,,,,,36,No,2022-03-25,follow-up,Negative,,,,PCR+,submicroscopic,pv,Asym_persisting,persisting,,1,,,,,,,,,210,,,,,,1,,,yes,52,139,,,,,,,,,,,
1433,Sero-275-10,asym,2021-08-27,26,Sero-275,10,,,,,,,,,36,No,2022-04-20,follow-up,Positive,Pv,64,,Negative,,neg,Negative,,,1,,,,,,,,,236,,,,,,,,,yes,0,,,,,,,,,,,,
1434,Sero-275-11,asym,2021-08-27,30,Sero-275,11,,,,,,,,,36,No,2022-05-20,follow-up,Negative,,,,PCR+,submicroscopic,pv,Asym_persisting,persisting,,1,,,,,,,,,266,,,,,,0,,,yes,12,0,,,,,,,,,,,
1435,Sero-275-12,asym,2021-08-27,31,Sero-275,12,,,,,,,,,36,No,2022-06-20,follow-up,Negative,,,,PCR+,submicroscopic,pv,Asym_persisting,persisting,,1,,,,,,,,,297,,,,,,1,,,yes,76,288,,,,,,,,,,,
1436,Sero-275-13,asym,2021-08-27,30,Sero-275,13,,,,,,,,,36,No,2022-07-20,follow-up,Negative,,,,PCR+,submicroscopic,pv,Asym_persisting,persisting,,1,,,,,,,,,327,,,,,,,,,yes,5,,,,,,,,,,,,
1437,Sero-275-14,asym,2021-08-27,29,Sero-275,14,,,,,,,,,36,No,2022-08-18,follow-up,Negative,,,,PCR+,submicroscopic,pv,Asym_persisting,persisting,,1,,,,,,,,,356,,,,,,0,,,yes,83,1,,,,,,,,,,,
1438,Sero-276-01,sym,2021-09-03,0,Sero-276,1,14,12,Male,39,Yes,3,Yes,Yes,,,2021-09-03,recruitment,Positive,Pv,10830,0,Mic+/PCR+,symptomatic,pv,Recruitment,Recruitment,,1,1,,,0,1,0,0,1,0,,,,,1,1,< 15 years,CQ; 3days + PQ; 14 days,yes,92288,612680,30,0,0,non-infectious,0,,,,,,
1439,Sero-276-03,sym,2021-09-03,22,Sero-276,3,,,,,,,,,37,No,2021-10-02,follow-up,Negative,,,,Negative,,neg,Negative,,,1,,,,,,,,,29,,,,,,,,,yes,0,,,,,,,,,,,,
1440,Sero-276-04,sym,2021-09-03,32,Sero-276,4,,,,,,,,,37,No,2021-11-03,follow-up,Negative,,,,PCR+,submicroscopic,pv,Asym_persisting,persisting,,1,,,,,,,,,61,,,,,,0,,,yes,11,0,,,,,,,,,,,
1441,Sero-276-05,sym,2021-09-03,36,Sero-276,5,,,,,,,,,36,No,2021-12-09,follow-up,Negative,,,,Negative,,neg,Negative,,,1,,,,,,,,,97,,,,,,,,,yes,0,,,,,,,,,,,,
1442,Sero-276-06,sym,2021-09-03,30,Sero-276,6,,,,,,,,,36,No,2022-01-08,follow-up,Negative,,,,Negative,,neg,Negative,,,1,,,,,,,,,127,,,,,,,,,yes,0,,,,,,,,,,,,
1443,Sero-276-07,sym,2021-09-03,31,Sero-276,7,,,,,,,,,36,No,2022-02-08,follow-up,Negative,,,,Negative,,neg,Negative,,,1,,,,,,,,,158,,,,,,,,,yes,0,,,,,,,,,,,,
1444,Sero-276-08,sym,2021-09-03,29,Sero-276,8,,,,,,,,,35,No,2022-03-09,follow-up,Negative,,,,Negative,,neg,Negative,,,1,,,,,,,,,187,,,,,,,,,yes,0,,,,,,,,,,,,
1445,Sero-276-09,sym,2021-09-03,31,Sero-276,9,,,,,,,,,36,No,2022-04-09,follow-up,Negative,,,,Negative,,neg,Negative,,,1,,,,,,,,,218,,,,,,,,,yes,0,,,,,,,,,,,,
1446,Sero-276-10,sym,2021-09-03,31,Sero-276,10,,,,,,,,,35,No,2022-05-10,follow-up,Negative,,,,Negative,,neg,Negative,,,1,,,,,,,,,249,,,,,,,,,yes,0,,,,,,,,,,,,
1447,Sero-276-11,sym,2021-09-03,31,Sero-276,11,,,,,,,,,36,No,2022-06-10,follow-up,Negative,,,,Negative,,neg,Negative,,,1,,,,,,,,,280,,,,,,,,,yes,0,,,,,,,,,,,,
1448,Sero-276-12,sym,2021-09-03,14,Sero-276,12,,,,,,,,,38,Yes,2022-06-24,recurrence,Positive,Pv,17702,198,Mic+/PCR+,symptomatic,pv,symptomatic,recurrence,1,1,,1,,,,,,,294,0,294,294,1,,1,,CQ; 3days + PQ; 14 days,yes,180121,383342,28,0,0,non-infectious,0,,,,,,
1449,Sero-276-13,sym,2021-09-03,32,Sero-276,13,,,,,,,,,36,No,2022-07-26,follow-up,Negative,,,,Negative,,neg,Negative,,,1,,,,,,,,,326,,,,,,,,,yes,0,,,,,,,,,,,,
1450,Sero-276-14,sym,2021-09-03,30,Sero-276,14,,,,,,,,,36,No,2022-08-25,follow-up,Negative,,,,Negative,,neg,Negative,,,1,,,,,,,,,356,,,,,,,,,yes,0,,,,,,,,,,,,
1451,Sero-277-01,sym,2021-09-03,0,Sero-277,1,14,12,Female,40,Yes,1,No,Yes,,,2021-09-03,recruitment,Positive,Pv,3368,0,Mic+/PCR+,symptomatic,pv,Recruitment,Recruitment,,2,1,,,0,1,0,0,0,0,,,,,1,1,< 15 years,CQ; 3days + PQ; 14 days,yes,173714,761130,30,0,0,non-infectious,0,,,,,,
1452,Sero-277-03,sym,2021-09-03,23,Sero-277,3,,,,,,,,,36,No,2021-10-02,follow-up,Negative,,,,Negative,,neg,Negative,,,2,,,,,,,,,29,,,,,,,,,yes,0,,,,,,,,,,,,
1453,Sero-277-04,sym,2021-09-03,31,Sero-277,4,,,,,,,,,35,Yes,2021-11-02,recurrence,Positive,Pv,12886,197,Mic+/PCR+,symptomatic,pv,symptomatic,recurrence,1,2,,1,,,,,,,60,0,60,60,1,,1,,CQ; 3days + PQ; 14 days,yes,46250,766476,31,15,48,infectious,171,Sero-277-R01,Sero-277-R04,0,0.9936524,0.006347589,relapse
1454,Sero-277-05,sym,2021-09-03,30,Sero-277,5,,,,,,,,,36,No,2021-12-02,follow-up,Negative,,,,Negative,,neg,Negative,,,2,,,,,,,,,90,,,,,,,,,yes,0,,,,,,,,,,,,
1455,Sero-277-06,sym,2021-09-03,30,Sero-277,6,,,,,,,,,36,No,2022-01-01,follow-up,Negative,,,,Negative,,neg,Negative,,,2,,,,,,,,,120,,,,,,,,,yes,0,,,,,,,,,,,,
1456,Sero-277-07,sym,2021-09-03,31,Sero-277,7,,,,,,,,,36,No,2022-02-01,follow-up,Negative,,,,PCR+,submicroscopic,pv,asymptomatic,recurrence,2,2,,,1,,,,,,151,60,151,91,1,,,,,yes,5,,,,,,,,,,,,
1457,Sero-277-08,sym,2021-09-03,29,Sero-277,8,,,,,,,,,35,No,2022-03-02,follow-up,Negative,,,,Negative,,neg,Negative,,,2,,,,,,,,,180,,,,,,,,,yes,0,,,,,,,,,,,,
1458,Sero-277-09,sym,2021-09-03,28,Sero-277,9,,,,,,,,,36,No,2022-03-30,follow-up,Negative,,,,Negative,,neg,Negative,,,2,,,,,,,,,208,,,,,,,,,yes,0,,,,,,,,,,,,
1459,Sero-277-10,sym,2021-09-03,33,Sero-277,10,,,,,,,,,36,No,2022-05-02,follow-up,Negative,,,,Negative,,neg,Negative,,,2,,,,,,,,,241,,,,,,,,,yes,0,,,,,,,,,,,,
1460,Sero-277-11,sym,2021-09-03,31,Sero-277,11,,,,,,,,,36,No,2022-06-02,follow-up,Negative,,,,Negative,,neg,Negative,,,2,,,,,,,,,272,,,,,,,,,yes,0,,,,,,,,,,,,
1461,Sero-277-12,sym,2021-09-03,30,Sero-277,12,,,,,,,,,36,No,2022-07-02,follow-up,Negative,,,,Negative,,neg,Negative,,,2,,,,,,,,,302,,,,,,,,,yes,0,,,,,,,,,,,,
1462,Sero-277-13,sym,2021-09-03,30,Sero-277,13,,,,,,,,,36,No,2022-08-01,follow-up,Negative,,,,Negative,,neg,Negative,,,2,,,,,,,,,332,,,,,,,,,yes,0,,,,,,,,,,,,
1463,Sero-277-14,sym,2021-09-03,30,Sero-277,14,,,,,,,,,36,No,2022-08-31,follow-up,Negative,,,,Negative,,neg,Negative,,,2,,,,,,,,,362,151,362,211,0,,,,,yes,0,,,,,,,,,,,,
1464,Sero-278-01,,2021-10-29,0,Sero-278,1,12,20,Female,38,Yes,3,No,Yes,,,2021-10-29,recruitment,Positive,Pv,11164,544,Mic+/PCR+,symptomatic,pv,Recruitment,Recruitment,,0,0,,,1,0,0,0,0,0,,,,,1,1,above 15 years,CQ; 3days + PQ; 14 days,yes,148502,3860,31,20,65,infectious,16,,,,,,
1465,Sero-278-03,,2021-10-29,22,Sero-278,3,,,,,,,,,37,Yes,2021-11-27,follow-up,Negative,,,,ND,,,,,,0,,,,,,,,,29,,,,,,,,,yes,,,,,,,,,,,,,
1466,Sero-278-04,,2021-10-29,30,Sero-278,4,,,,,,,,,37,No,2021-12-27,follow-up,Negative,,,,ND,,,,,,0,,,,,,,,,59,,,,,,,,,yes,,,,,,,,,,,,,
1467,Sero-278-05,,2021-10-29,30,Sero-278,5,,,,,,,,,36,No,2022-01-26,follow-up,Negative,,,,Negative,,neg,Negative,,,0,,,,,,,,,89,,,,,,,,,yes,0,,,,,,,,,,,,
1468,Sero-278-06,,2021-10-29,30,Sero-278,6,,,,,,,,,37,No,2022-02-25,follow-up,Negative,,,,ND,,,,,,0,,,,,,,,,119,,,,,,,,,yes,,,,,,,,,,,,,
1469,Sero-278-07,,2021-10-29,26,Sero-278,7,,,,,,,,,37,No,2022-03-23,follow-up,Negative,,,,ND,,,,,,0,,,,,,,,,145,,,,,,,,,yes,,,,,,,,,,,,,
1470,Sero-278-08,,2021-10-29,35,Sero-278,8,,,,,,,,,35,No,2022-04-27,follow-up,Negative,,,,Negative,,neg,Negative,,,0,,,,,,,,,180,,,,,,,,,yes,0,,,,,,,,,,,,
1471,Sero-278-09,,2021-10-29,30,Sero-278,9,,,,,,,,,37,No,2022-05-27,follow-up,Negative,,,,ND,,,,,,0,,,,,,,,,210,,,,,,,,,yes,,,,,,,,,,,,,
1472,Sero-278-10,,2021-10-29,31,Sero-278,10,,,,,,,,,35,No,2022-06-27,follow-up,Negative,,,,ND,,,,,,0,,,,,,,,,241,,,,,,,,,yes,,,,,,,,,,,,,
1473,Sero-278-11,,2021-10-29,30,Sero-278,11,,,,,,,,,35,No,2022-07-27,follow-up,Negative,,,,Negative,,neg,Negative,,,0,,,,,,,,,271,,,,,,,,,yes,0,,,,,,,,,,,,
1474,Sero-278-12,,2021-10-29,30,Sero-278,12,,,,,,,,,36,,2022-08-26,follow-up,Positive,P.f,0,386,,,,,,,0,,,,,,,,,301,,,,,,,,,yes,,,,,,,,,,,,,
1475,Sero-279-01,,2021-10-30,0,Sero-279,1,14,7,Male,36,Yes,7,Yes,Yes,,,2021-10-30,recruitment,Positive,Pv,2560,365,Mic+/PCR+,symptomatic,pv,Recruitment,Recruitment,,0,0,,,1,0,0,0,0,0,,,,,0,1,< 15 years,CQ; 3days + PQ; 14 days,yes,323635,77728,30,12,40,infectious,44,,,,,,
1476,Sero-279-03,,2021-10-30,24,Sero-279,3,,,,,,,,,36,No,2021-11-30,follow-up,Negative,,,,ND,,,,,,0,,,,,,,,,31,,,,,,,,,yes,,,,,,,,,,,,,
1477,Sero-279-04,,2021-10-30,30,Sero-279,4,,,,,,,,,36,No,2021-12-30,follow-up,Negative,,,,ND,,,,,,0,,,,,,,,,61,,,,,,,,,yes,,,,,,,,,,,,,
1478,Sero-279-05,,2021-10-30,30,Sero-279,5,,,,,,,,,36,No,2022-01-29,follow-up,Negative,,,,Negative,,neg,Negative,,,0,,,,,,,,,91,,,,,,,,,yes,0,,,,,,,,,,,,
1479,Sero-279-06,,2021-10-30,30,Sero-279,6,,,,,,,,,36,No,2022-02-28,follow-up,Negative,,,,ND,,,,,,0,,,,,,,,,121,,,,,,,,,yes,,,,,,,,,,,,,
1480,Sero-279-07,,2021-10-30,28,Sero-279,7,,,,,,,,,36,No,2022-03-28,follow-up,Negative,,,,ND,,,,,,0,,,,,,,,,149,,,,,,,,,yes,,,,,,,,,,,,,
1481,Sero-279-08,,2021-10-30,31,Sero-279,8,,,,,,,,,36,No,2022-04-28,follow-up,Negative,,,,Negative,,neg,Negative,,,0,,,,,,,,,180,,,,,,,,,yes,0,,,,,,,,,,,,
1482,Sero-279-09,,2021-10-30,28,Sero-279,9,,,,,,,,,36,No,2022-05-26,follow-up,Negative,,,,ND,,,,,,0,,,,,,,,,208,,,,,,,,,yes,,,,,,,,,,,,,
1483,Sero-279-10,,2021-10-30,30,Sero-279,10,,,,,,,,,36,No,2022-06-25,follow-up,Negative,,,,ND,,,,,,0,,,,,,,,,238,,,,,,,,,yes,,,,,,,,,,,,,
1484,Sero-279-11,,2021-10-30,30,Sero-279,11,,,,,,,,,36,No,2022-07-25,follow-up,Negative,,,,Negative,,neg,Negative,,,0,,,,,,,,,268,,,,,,,,,yes,0,,,,,,,,,,,,
1485,Sero-279-12,,2021-10-30,30,Sero-279,12,,,,,,,,,36,No,2022-08-24,follow-up,Negative,,,,ND,,,,,,0,,,,,,,,,298,,,,,,,,,yes,,,,,,,,,,,,,
1486,Sero-279-13,,2021-10-30,30,Sero-279,13,,,,,,,,,36,No,2022-09-23,follow-up,Negative,,,,ND,,,,,,0,,,,,,,,,328,,,,,,,,,yes,,,,,,,,,,,,,
1487,Sero-279-14,,2021-10-30,28,Sero-279,14,,,,,,,,,36,No,2022-10-21,follow-up,Negative,,,,ND,,,,,,0,,,,,,,,,356,,,,,,,,,yes,,,,,,,,,,,,,
1488,Sero-281-01,sym,2021-11-03,0,Sero-281,1,15,13,Female,39,No,,No,Yes,,,2021-11-03,recruitment,Positive,Pv,9663,0,Mic+/PCR+,symptomatic,pv,Recruitment,Recruitment,,2,2,,,0,1,0,0,0,0,,,,,1,1,< 15 years,CQ; 3days + PQ; 14 days,yes,22561,340,35,0,0,non-infectious,0,,,,,,
1489,Sero-281-03,sym,2021-11-03,23,Sero-281,3,,,,,,,,,36,No,2021-12-03,follow-up,Negative,,,,Negative,,neg,Negative,,,2,,,,,,,,,30,,,,,,,,,yes,0,,,,,,,,,,,,
1490,Sero-281-04,sym,2021-11-03,29,Sero-281,4,,,,,,,,,36,No,2022-01-01,follow-up,Positive,Pv,921,,Mic+/PCR+,asymptomatic ,pv,Asym_persisting,persisting,,2,,,,,,,,,59,,,,,,1,,,yes,1233,5633,,,,,,,,,,,
1491,Sero-281-05,sym,2021-11-03,3,Sero-281,5,,,,,,,,,39,Yes,2022-01-04,recurrence,Positive,Pv,13960,654,Mic+/PCR+,symptomatic,pv,symptomatic,recurrence,1,2,,1,,,,,,,62,0,62,62,1,,1,,CQ; 3days + PQ; 14 days,yes,224296,182557,30,12,40,infectious,31,Sero-281-R01,Sero-281-R05,0,0.33098966,0.66901034,reinfection
1492,Sero-281-06,sym,2021-11-03,30,Sero-281,6,,,,,,,,,37,No,2022-02-03,follow-up,Negative,,,,Negative,,neg,Negative,,,2,,,,,,,,,92,,,,,,,,,yes,0,,,,,,,,,,,,
1493,Sero-281-07,sym,2021-11-03,28,Sero-281,7,,,,,,,,,36,No,2022-03-03,follow-up,Negative,,,,Negative,,neg,Negative,,,2,,,,,,,,,120,,,,,,,,,yes,0,,,,,,,,,,,,
1494,Sero-281-08,sym,2021-11-03,18,Sero-281,8,,,,,,,,,40,Yes,2022-03-21,recurrence,Positive,Pv,3455,0,Mic+/PCR+,symptomatic,pv,symptomatic,recurrence,2,2,,2,,,,,,,138,62,138,76,1,,1,,CQ; 3days + PQ; 14 days,yes,199744,199946,30,3,10,infectious,23,,,,,,
1495,Sero-281-09,sym,2021-11-03,30,Sero-281,9,,,,,,,,,36,No,2022-04-20,follow-up,Negative,,,,Negative,,neg,Negative,,,2,,,,,,,,,168,,,,,,,,,yes,0,,,,,,,,,,,,
1496,Sero-281-10,sym,2021-11-03,35,Sero-281,10,,,,,,,,,36,No,2022-05-25,follow-up,Negative,,,,Negative,,neg,Negative,,,2,,,,,,,,,203,,,,,,,,,yes,0,,,,,,,,,,,,
1497,Sero-281-11,sym,2021-11-03,29,Sero-281,11,,,,,,,,,36,No,2022-06-23,follow-up,Negative,,,,Negative,,neg,Negative,,,2,,,,,,,,,232,,,,,,,,,yes,0,,,,,,,,,,,,
1498,Sero-281-12,sym,2021-11-03,30,Sero-281,12,,,,,,,,,35,No,2022-07-23,follow-up,Negative,,,,Negative,,neg,Negative,,,2,,,,,,,,,262,,,,,,,,,yes,0,,,,,,,,,,,,
1499,Sero-281-13,sym,2021-11-03,32,Sero-281,13,,,,,,,,,35,No,2022-08-24,follow-up,Negative,,,,Negative,,neg,Negative,,,2,,,,,,,,,294,,,,,,,,,yes,0,,,,,,,,,,,,
1500,Sero-281-14,sym,2021-11-03,31,Sero-281,14,,,,,,,,,34,No,2022-09-24,follow-up,Negative,,,,Negative,,neg,Negative,,,2,,,,,,,,,325,,,,,,,,,yes,0,,,,,,,,,,,,
1501,Sero-281-15,sym,2021-11-03,32,Sero-281,15,,,,,,,,,35,No,2022-10-26,follow-up,Negative,,,,ND,,,,,,2,,,,,,,,,357,,,,,,,,,yes,,,,,,,,,,,,,
1502,Sero-282-01,sym,2021-11-04,0,Sero-282,1,15,9,Female,38,No,,No,Yes,,,2021-11-04,recruitment,Positive,Pv,7920,0,Mic+/PCR+,symptomatic,pv,Recruitment,Recruitment,,1,1,,,0,1,0,0,0,0,,,,,1,1,< 15 years,CQ; 3days + PQ; 14 days,yes,154773,59995,31,0,0,non-infectious,0,,,,,,
1503,Sero-282-03,sym,2021-11-04,23,Sero-282,3,,,,,,,,,36,No,2021-12-04,follow-up,Negative,,,,Negative,,neg,Negative,,,1,,,,,,,,,30,,,,,,,,,yes,0,,,,,,,,,,,,
1504,Sero-282-04,sym,2021-11-04,30,Sero-282,4,,,,,,,,,36,No,2022-01-03,follow-up,Negative,,,,ND,,,,,,1,,,,,,,,,60,,,,,,,,,yes,,,,,,,,,,,,,
1505,Sero-282-05,sym,2021-11-04,30,Sero-282,5,,,,,,,,,35,No,2022-02-02,follow-up,Negative,,,,Negative,,neg,Negative,,,1,,,,,,,,,90,,,,,,,,,yes,0,,,,,,,,,,,,
1506,Sero-282-06,sym,2021-11-04,28,Sero-282,6,,,,,,,,,35,No,2022-03-02,follow-up,Negative,,,,Negative,,neg,Negative,,,1,,,,,,,,,118,,,,,,,,,yes,0,,,,,,,,,,,,
1507,Sero-282-07,sym,2021-11-04,29,Sero-282,7,,,,,,,,,36,No,2022-03-31,follow-up,Negative,,,,Negative,,neg,Negative,,,1,,,,,,,,,147,,,,,,,,,yes,0,,,,,,,,,,,,
1508,Sero-282-08,sym,2021-11-04,30,Sero-282,8,,,,,,,,,36,No,2022-04-30,follow-up,Negative,,,,Negative,,neg,Negative,,,1,,,,,,,,,177,,,,,,,,,yes,0,,,,,,,,,,,,
1509,Sero-282-09,sym,2021-11-04,30,Sero-282,9,,,,,,,,,37,No,2022-05-30,follow-up,Negative,,,,Negative,,neg,Negative,,,1,,,,,,,,,207,,,,,,,,,yes,0,,,,,,,,,,,,
1510,Sero-282-10,sym,2021-11-04,31,Sero-282,10,,,,,,,,,36,No,2022-06-30,follow-up,Negative,,,,Negative,,neg,Negative,,,1,,,,,,,,,238,,,,,,,,,yes,0,,,,,,,,,,,,
1511,Sero-282-11,sym,2021-11-04,32,Sero-282,11,,,,,,,,,36,No,2022-08-01,follow-up,Positive,Pv,120,0,Mic+/PCR+,asymptomatic ,pv,Asym_persisting,persisting,,1,,,,,,,,,270,,,,,,0,,,yes,352,0,,,,,,,,,,,
1512,Sero-282-12,sym,2021-11-04,5,Sero-282,12,,,,,,,,,40,Yes,2022-08-06,recurrence,Positive,Pv,30149,163,Mic+/PCR+,symptomatic,pv,symptomatic,recurrence,1,1,,1,,,,,,,275,0,275,275,1,,1,,CQ; 3days + PQ; 14 days,yes,20533,6998,29,0,0,non-infectious,0,,,,,,
1513,Sero-282-13,sym,2021-11-04,31,Sero-282,13,,,,,,,,,36,No,2022-09-06,follow-up,Negative,,,,ND,,,,,,1,,,,,,,,,306,,,,,,,,,yes,,,,,,,,,,,,,
1514,Sero-282-14,sym,2021-11-04,30,Sero-282,14,,,,,,,,,36,No,2022-10-06,follow-up,Positive,Pv,28,0,,,,,,,1,,,,,,,,,336,,,,,,,,,yes,,,,,,,,,,,,,
1515,Sero-282-15,sym,2021-11-04,29,Sero-282,15,,,,,,,,,35,No,2022-11-04,follow-up,Positive,P.f,71,0,,,,,,,1,,,,,,,,,365,,,,,,,,,yes,,,,,,,,,,,,,
1516,Sero-283-01,asym,2021-11-09,0,Sero-283,1,14,30,Female,40,No,,No,Yes,,,2021-11-09,recruitment,Positive,Pv,2322,654,Mic+/PCR+,symptomatic,pv,Recruitment,Recruitment,,1,0,,,0,0,1,0,1,0,,,,,1,1,above 15 years,CQ; 3days + PQ; 14 days,yes,90399,250136,30,11,37,infectious,6,,,,,,
1517,Sero-283-03,asym,2021-11-09,21,Sero-283,3,,,,,,,,,36,No,2021-12-10,follow-up,Negative,,,,Negative,,neg,Negative,,,1,,,,,,,,,31,,,,,,,,,yes,0,,,,,,,,,,,,
1518,Sero-283-04,asym,2021-11-09,32,Sero-283,4,,,,,,,,,36,No,2022-01-11,follow-up,Positive,Pv,893,,Mic+/PCR+,asymptomatic ,pv,Asym_persisting,persisting,,1,,,,,,,,,63,,,,,,1,,,yes,102,1080,,,,,,,,,,,
1519,Sero-283-05,asym,2021-11-09,31,Sero-283,5,,,,,,,,,36,No,2022-02-11,follow-up,Negative,,,,PCR+,submicroscopic,pv,Asym_persisting,persisting,,1,,,,,,,,,94,,,,,,1,,,yes,17,10,,,,,,,,,,,
1520,Sero-283-06,asym,2021-11-09,28,Sero-283,6,,,,,,,,,36,No,2022-03-11,follow-up,Negative,,,,Negative,,neg,Negative,,,1,,,,,,,,,122,,,,,,,,,yes,0,,,,,,,,,,,,
1521,Sero-283-07,asym,2021-11-09,31,Sero-283,7,,,,,,,,,37,No,2022-04-11,follow-up,Negative,,,,PCR+,submicroscopic,pv,Asym_persisting,persisting,,1,,,,,,,,,153,,,,,,0,,,yes,18,0,,,,,,,,,,,
1522,Sero-283-08,asym,2021-11-09,31,Sero-283,8,,,,,,,,,34,No,2022-05-12,follow-up,Negative,,,,PCR+,submicroscopic,pv,Asym_persisting,persisting,,1,,,,,,,,,184,,,,,,1,,,yes,87,23,,,,,,,,,,,
1523,Sero-283-09,asym,2021-11-09,32,Sero-283,9,,,,,,,,,37,No,2022-06-13,follow-up,Negative,,,,Negative,,neg,Negative,,,1,,,,,,,,,216,,,,,,,,,yes,0,,,,,,,,,,,,
1524,Sero-283-10,asym,2021-11-09,29,Sero-283,10,,,,,,,,,36,No,2022-07-12,follow-up,Negative,,,,Negative,,neg,Negative,,,1,,,,,,,,,245,,,,,,,,,yes,0,,,,,,,,,,,,
1525,Sero-283-11,asym,2021-11-09,30,Sero-283,11,,,,,,,,,37,No,2022-08-11,follow-up,Negative,,,,PCR+,submicroscopic,pv,asymptomatic,recurrence,1,1,,,1,,,,,,275,0,275,275,1,,0,,,yes,33,0,,,,,,,,,,,
1526,Sero-283-12,asym,2021-11-09,28,Sero-283,12,,,,,,,,,36,No,2022-09-08,follow-up,Negative,,,,Negative,,neg,Negative,,,1,,,,,,,,,303,,,,,,,,,yes,0,,,,,,,,,,,,
1527,Sero-283-13,asym,2021-11-09,32,Sero-283,13,,,,,,,,,36,No,2022-10-10,follow-up,Negative,,,,Negative,,neg,Negative,,,1,,,,,,,,,335,,,,,,,,,yes,0,,,,,,,,,,,,
1528,Sero-283-14,asym,2021-11-09,32,Sero-283,14,,,,,,,,,35,No,2022-11-11,follow-up,Negative,,,,ND,,,,,,1,,,,,,,,,367,,,,,,,,,yes,,,,,,,,,,,,,
1529,Sero-284-01,,2021-11-13,0,Sero-284,1,9,20,Male,36,Yes,2,Yes,Yes,,,2021-11-13,recruitment,Positive,Pv,6796,554,Mic+/PCR+,symptomatic,pv,Recruitment,Recruitment,,0,0,,,1,0,0,0,0,0,,,,,0,1,above 15 years,CQ; 3days + PQ; 14 days,yes,58150,111069,30,12,40,infectious,5,,,,,,
1530,Sero-284-03,,2021-11-13,21,Sero-284,3,,,,,,,,,36,No,2021-12-11,follow-up,Negative,,,,ND,,,,,,0,,,,,,,,,28,,,,,,,,,yes,,,,,,,,,,,,,
1531,Sero-284-04,,2021-11-13,61,Sero-284,4,,,,,,,,,36,No,2022-02-10,follow-up,Negative,,,,ND,,,,,,0,,,,,,,,,89,,,,,,,,,yes,,,,,,,,,,,,,
1532,Sero-284-05,,2021-11-13,47,Sero-284,5,,,,,,,,,36,No,2022-03-29,follow-up,Negative,,,,Negative,,neg,Negative,,,0,,,,,,,,,136,,,,,,,,,yes,0,,,,,,,,,,,,
1533,Sero-284-06,,2021-11-13,30,Sero-284,6,,,,,,,,,37,No,2022-04-28,follow-up,Negative,,,,ND,,,,,,0,,,,,,,,,166,,,,,,,,,yes,,,,,,,,,,,,,
1534,Sero-284-07,,2021-11-13,30,Sero-284,7,,,,,,,,,36,No,2022-05-28,follow-up,Negative,,,,ND,,,,,,0,,,,,,,,,196,,,,,,,,,yes,,,,,,,,,,,,,
1535,Sero-284-08,,2021-11-13,30,Sero-284,8,,,,,,,,,36,No,2022-06-27,follow-up,Negative,,,,Negative,,neg,Negative,,,0,,,,,,,,,226,,,,,,,,,yes,0,,,,,,,,,,,,
1536,Sero-284-09,,2021-11-13,77,Sero-284,9,,,,,,,,,35,No,2022-09-12,follow-up,Negative,,,,ND,,,,,,0,,,,,,,,,303,,,,,,,,,yes,,,,,,,,,,,,,
1537,Sero-285-01,,2021-11-16,0,Sero-285,1,10,19,Male,39,Yes,3,No,Yes,,,2021-11-16,recruitment,Positive,Pv,13069,4,Mic+/PCR+,symptomatic,pv,Recruitment,Recruitment,,0,0,,,1,0,0,0,0,0,,,,,1,1,above 15 years,CQ; 3days + PQ; 14 days,yes,332684,399782,30,21,70,infectious,15,,,,,,
1538,Sero-285-03,,2021-11-16,24,Sero-285,3,,,,,,,,,36,No,2021-12-17,follow-up,Negative,,,,ND,,,,,,0,,,,,,,,,31,,,,,,,,,yes,,,,,,,,,,,,,
1539,Sero-285-04,,2021-11-16,31,Sero-285,4,,,,,,,,,35,No,2022-01-17,follow-up,Negative,,,,ND,,,,,,0,,,,,,,,,62,,,,,,,,,yes,,,,,,,,,,,,,
1540,Sero-285-05,,2021-11-16,33,Sero-285,5,,,,,,,,,35,No,2022-02-19,follow-up,Negative,,,,Negative,,neg,Negative,,,0,,,,,,,,,95,,,,,,,,,yes,0,,,,,,,,,,,,
1541,Sero-285-06,,2021-11-16,31,Sero-285,6,,,,,,,,,36,No,2022-03-22,follow-up,Negative,,,,ND,,,,,,0,,,,,,,,,126,,,,,,,,,yes,,,,,,,,,,,,,
1542,Sero-285-07,,2021-11-16,28,Sero-285,7,,,,,,,,,35,No,2022-04-19,follow-up,Negative,,,,ND,,,,,,0,,,,,,,,,154,,,,,,,,,yes,,,,,,,,,,,,,
1543,Sero-285-08,,2021-11-16,34,Sero-285,8,,,,,,,,,37,No,2022-05-23,follow-up,Negative,,,,Negative,,neg,Negative,,,0,,,,,,,,,188,,,,,,,,,yes,0,,,,,,,,,,,,
1544,Sero-285-09,,2021-11-16,30,Sero-285,9,,,,,,,,,35,No,2022-06-22,follow-up,Negative,,,,ND,,,,,,0,,,,,,,,,218,,,,,,,,,yes,,,,,,,,,,,,,
1545,Sero-285-10,,2021-11-16,30,Sero-285,10,,,,,,,,,35,No,2022-07-22,follow-up,Negative,,,,ND,,,,,,0,,,,,,,,,248,,,,,,,,,yes,,,,,,,,,,,,,
1546,Sero-286-01,per,2021-11-30,0,Sero-286,1,13,12,Male,38,Yes,3,No,Yes,,,2021-11-30,recruitment,Positive,Pv,126,0,Mic+/PCR+,symptomatic,pv,Recruitment,Recruitment,,0,0,,,1,0,0,0,1,0,,,,,1,1,< 15 years,CQ; 3days + PQ; 14 days,yes,3872,2627,30,0,0,non-infectious,0,,,,,,
1547,Sero-286-03,per,2021-11-30,23,Sero-286,3,,,,,,,,,36,No,2021-12-30,follow-up,Negative,,,,Negative,,neg,Negative,,,0,,,,,,,,,30,,,,,,,,,yes,0,,,,,,,,,,,,
1548,Sero-286-04,per,2021-11-30,30,Sero-286,4,,,,,,,,,35,No,2022-01-29,follow-up,Negative,,,,Pf,Pf,pf,new infection,Pf,,0,,,,,,,,,60,,,,,,,,,yes,0,,,,,,,,,,,,
1549,Sero-286-05,per,2021-11-30,30,Sero-286,5,,,,,,,,,36,No,2022-02-28,follow-up,Positive,Pv,1520,,Mic+/PCR+,asymptomatic ,pv,Asym_persisting,persisting,,0,,,,,,,,,90,,,,,,1,,,yes,30000,426,,,,,,,,,,,
1550,Sero-286-06,per,2021-11-30,30,Sero-286,6,,,,,,,,,36,No,2022-03-30,follow-up,Positive,Pv,133,,Mic+/PCR+,asymptomatic ,pv,Asym_persisting,persisting,,0,,,,,,,,,120,,,,,,1,,,yes,89,315,,,,,,,,,,,
1551,Sero-286-07,per,2021-11-30,30,Sero-286,7,,,,,,,,,35,No,2022-04-29,follow-up,Negative,,,,PCR+,submicroscopic,pv,Asym_persisting,persisting,,0,,,,,,,,,150,,,,,,0,,,yes,61,4,,,,,,,,,,,
1552,Sero-286-08,per,2021-11-30,31,Sero-286,8,,,,,,,,,35,No,2022-05-30,follow-up,Negative,,,,Negative,,neg,Negative,,,0,,,,,,,,,181,,,,,,0,,,yes,7,0,,,,,,,,,,,
1553,Sero-286-09,per,2021-11-30,28,Sero-286,9,,,,,,,,,36,No,2022-06-27,follow-up,Negative,,,,PCR+,submicroscopic,pv,Asym_persisting,persisting,,0,,,,,,,,,209,,,,,,1,,,yes,22,60,,,,,,,,,,,
1554,Sero-286-10,per,2021-11-30,30,Sero-286,10,,,,,,,,,35,No,2022-07-27,follow-up,Negative,,,,Negative,,neg,Negative,,,0,,,,,,,,,239,,,,,,,,,yes,0,,,,,,,,,,,,
1555,Sero-286-11,per,2021-11-30,29,Sero-286,11,,,,,,,,,35,No,2022-08-25,follow-up,Negative,,,,PCR+,submicroscopic,pv,Asym_persisting,persisting,,0,,,,,,,,,268,,,,,,0,,,yes,169,0,,,,,,,,,,,
1556,Sero-286-12,per,2021-11-30,30,Sero-286,12,,,,,,,,,36,No,2022-09-24,follow-up,Negative,,,,Negative,,neg,Negative,,,0,,,,,,,,,298,,,,,,,,,yes,0,,,,,,,,,,,,
1557,Sero-286-13,per,2021-11-30,32,Sero-286,13,,,,,,,,,34,No,2022-10-26,follow-up,Negative,,,,PCR+,submicroscopic,pv,Asym_persisting,persisting,,0,,,,,,,,,330,,,,,,,,,yes,11,,,,,,,,,,,,
1558,Sero-287-01,,2021-12-08,0,Sero-287,1,1,35,Male,37,Yes,2,Yes,Yes,,,2021-12-08,recruitment,Positive,Pv,2732,125,Mic+/PCR+,symptomatic,pv,Recruitment,Recruitment,,0,0,,,1,0,0,0,0,0,,,,,0,1,above 15 years,CQ; 3days + PQ; 14 days,yes,6404,20999,30,22,73,infectious,15,,,,,,
1559,Sero-288-01,sym,2021-12-08,0,Sero-288,1,13,22,Female,40,Yes,1,Yes,Yes,,,2021-12-08,recruitment,Positive,Pv,20435,5411,Mic+/PCR+,symptomatic,mixed,Recruitment,Recruitment,,2,2,,,0,1,0,1,0,0,,,,,1,1,above 15 years,CQ; 3days + PQ; 14 days,yes,357763,102839,30,25,83,infectious,29,,,,,,
1560,Sero-288-03,sym,2021-12-08,26,Sero-288,3,,,,,,,,,36,No,2022-01-11,follow-up,Negative,,,,Negative,,neg,Negative,,,2,,,,,,,,,34,,,,,,,,,yes,0,,,,,,,,,,,,
1561,Sero-288-04,sym,2021-12-08,30,Sero-288,4,,,,,,,,,36,No,2022-02-10,follow-up,Negative,,,,Negative,,neg,Negative,,,2,,,,,,,,,64,,,,,,,,,yes,0,,,,,,,,,,,,
1562,Sero-288-05,sym,2021-12-08,18,Sero-288,5,,,,,,,,,39,Yes,2022-02-28,recurrence,Positive,Pv,12871,316,Mic+/PCR+,symptomatic,pv,symptomatic,recurrence,1,2,,1,,,,,,,82,0,82,82,1,,1,,CQ; 3days + PQ; 14 days,yes,229630,75,30,7,23,infectious,17,Sero-288-R01,Sero-288-R05,0,0.10263193,0.89736807,reinfection
1563,Sero-288-06,sym,2021-12-08,31,Sero-288,6,,,,,,,,,37,No,2022-03-31,follow-up,Negative,,,,Negative,,neg,Negative,,,2,,,,,,,,,113,,,,,,,,,yes,0,,,,,,,,,,,,
1564,Sero-288-07,sym,2021-12-08,34,Sero-288,7,,,,,,,,,36,No,2022-05-04,follow-up,Negative,,,,Negative,,neg,Negative,,,2,,,,,,,,,147,,,,,,,,,yes,0,,,,,,,,,,,,
1565,Sero-288-08,sym,2021-12-08,30,Sero-288,8,,,,,,,,,36,No,2022-06-03,follow-up,Negative,,,,Negative,,neg,Negative,,,2,,,,,,,,,177,,,,,,,,,yes,0,,,,,,,,,,,,
1566,Sero-288-09,sym,2021-12-08,21,Sero-288,9,,,,,,,,,39,Yes,2022-06-24,recurrence,Positive,Pv,10240,464,Mic+/PCR+,symptomatic,pv,symptomatic,recurrence,2,2,,2,,,,,,,198,82,198,116,1,,1,,CQ; 3days + PQ; 14 days,yes,191651,365014,30,16,53,infectious,16,,,,,,
1567,Sero-288-10,sym,2021-12-08,48,Sero-288,10,,,,,,,,,39,No,2022-08-11,recurrence,Positive,P.v + P.f,45652,782,Mic+/PCR+,symptomatic,mixed,Symp_persisting,persisting,,2,,,,,,,,,246,,,,,,1,,ACT; 3 days +SDPQ,yes,63602,1100000,30,14,47,infectious,19,,,,,,
1568,Sero-288-11,sym,2021-12-08,27,Sero-288,11,,,,,,,,,41,No,2022-09-07,recurrence,Positive,P.v + P.f,23763,804,Mic+/PCR+,symptomatic,pv,Symp_persisting,persisting,,2,,,,,,,,,273,,,,,,,,CQ; 3days + PQ; 14 days,yes,524368,,,,,,,,,,,,
1569,Sero-288-12,sym,2021-12-08,31,Sero-288,12,,,,,,,,,36,No,2022-10-08,follow-up,Positive,Pv,5640,440,Mic+/PCR+,asymptomatic ,pv,Asym_persisting,persisting,,2,,,,,,,,,304,,,,,,,,,yes,2525,,,,,,,,,,,,
1570,Sero-288-13,sym,2021-12-08,31,Sero-288,13,,,,,,,,,36,No,2022-11-08,follow-up,Negative,,,,Negative,,neg,Negative,,,2,,,,,,,,,335,,,,,,,,,yes,0,,,,,,,,,,,,
1571,Sero-289-01,sym,2021-12-16,0,Sero-289,1,12,13,Female,38,Yes,1,No,Yes,,,2021-12-16,recruitment,Positive,Pv,748,65,Mic+/PCR+,symptomatic,pv,Recruitment,Recruitment,,1,1,,,0,1,0,0,1,0,,,,,1,1,< 15 years,CQ; 3days + PQ; 14 days,yes,24905,13324,28,14,50,infectious,7,,,,,,
1572,Sero-289-03,sym,2021-12-16,23,Sero-289,3,,,,,,,,,35,No,2022-01-15,follow-up,Negative,,,,ND,,,,,,1,,,,,,,,,30,,,,,,,,,yes,,,,,,,,,,,,,
1573,Sero-289-04,sym,2021-12-16,30,Sero-289,4,,,,,,,,,35,No,2022-02-14,follow-up,Negative,,,,Negative,,neg,Negative,,,1,,,,,,,,,60,,,,,,,,,yes,0,,,,,,,,,,,,
1574,Sero-289-05,sym,2021-12-16,29,Sero-289,5,,,,,,,,,35,No,2022-03-15,follow-up,Negative,,,,Negative,,neg,Negative,,,1,,,,,,,,,89,,,,,,,,,yes,0,,,,,,,,,,,,
1575,Sero-289-06,sym,2021-12-16,31,Sero-289,6,,,,,,,,,35,No,2022-04-15,follow-up,Negative,,,,Negative,,neg,Negative,,,1,,,,,,,,,120,,,,,,,,,yes,0,,,,,,,,,,,,
1576,Sero-289-07,sym,2021-12-16,29,Sero-289,7,,,,,,,,,36,Yes,2022-05-14,recurrence,Positive,Pv,475,0,Mic+/PCR+,symptomatic,pv,symptomatic,recurrence,1,1,,1,,,,,,,149,0,149,149,1,,1,,CQ; 3days + PQ; 14 days,yes,51823,735,30,4,13,infectious,6,,,,,,
1577,Sero-289-08,sym,2021-12-16,31,Sero-289,8,,,,,,,,,35,No,2022-06-14,follow-up,Negative,,,,Negative,,neg,Negative,,,1,,,,,,,,,180,,,,,,,,,yes,0,,,,,,,,,,,,
1578,Sero-289-09,sym,2021-12-16,30,Sero-289,9,,,,,,,,,35,No,2022-07-14,follow-up,Negative,,,,Negative,,neg,Negative,,,1,,,,,,,,,210,,,,,,,,,yes,0,,,,,,,,,,,,
1579,Sero-289-10,sym,2021-12-16,29,Sero-289,10,,,,,,,,,36,No,2022-08-12,follow-up,Negative,,,,Negative,,neg,Negative,,,1,,,,,,,,,239,,,,,,,,,yes,0,,,,,,,,,,,,
1580,Sero-289-11,sym,2021-12-16,32,Sero-289,11,,,,,,,,,35,No,2022-09-13,follow-up,Negative,,,,Negative,,neg,Negative,,,1,,,,,,,,,271,,,,,,,,,yes,0,,,,,,,,,,,,
1581,Sero-289-12,sym,2021-12-16,58,Sero-289,12,,,,,,,,,35,No,2022-11-10,follow-up,Negative,,,,ND,,,,,,1,,,,,,,,,329,,,,,,,,,yes,,,,,,,,,,,,,
1582,Sero-290-01,,2021-12-21,0,Sero-290,1,13,18,Female,37,No,,No,Yes,,,2021-12-21,recruitment,Positive,Pv,4475,0,Mic+/PCR+,symptomatic,pv,Recruitment,Recruitment,,0,0,,,1,0,0,0,0,0,,,,,0,1,above 15 years,CQ; 3days + PQ; 14 days,yes,67673,32407,32,0,0,non-infectious,0,,,,,,
1583,Sero-290-03,,2021-12-21,23,Sero-290,3,,,,,,,,,37,No,2022-01-20,follow-up,Negative,,,,ND,,,,,,0,,,,,,,,,30,,,,,,,,,yes,,,,,,,,,,,,,
1584,Sero-290-04,,2021-12-21,30,Sero-290,4,,,,,,,,,36,No,2022-02-19,follow-up,Negative,,,,ND,,,,,,0,,,,,,,,,60,,,,,,,,,yes,,,,,,,,,,,,,
1585,Sero-290-05,,2021-12-21,30,Sero-290,5,,,,,,,,,36,No,2022-03-21,follow-up,Negative,,,,Negative,,neg,Negative,,,0,,,,,,,,,90,,,,,,,,,yes,0,,,,,,,,,,,,
1586,Sero-290-06,,2021-12-21,29,Sero-290,6,,,,,,,,,35,No,2022-04-19,follow-up,Negative,,,,ND,,,,,,0,,,,,,,,,119,,,,,,,,,yes,,,,,,,,,,,,,
1587,Sero-290-07,,2021-12-21,30,Sero-290,7,,,,,,,,,36,No,2022-05-19,follow-up,Negative,,,,ND,,,,,,0,,,,,,,,,149,,,,,,,,,yes,,,,,,,,,,,,,
1588,Sero-290-08,,2021-12-21,30,Sero-290,8,,,,,,,,,36,No,2022-06-18,follow-up,Negative,,,,Negative,,neg,Negative,,,0,,,,,,,,,179,,,,,,,,,yes,0,,,,,,,,,,,,
1589,Sero-290-09,,2021-12-21,30,Sero-290,9,,,,,,,,,37,No,2022-07-18,follow-up,Negative,,,,ND,,,,,,0,,,,,,,,,209,,,,,,,,,yes,,,,,,,,,,,,,
1590,Sero-290-10,,2021-12-21,29,Sero-290,10,,,,,,,,,36,No,2022-08-16,follow-up,Negative,,,,ND,,,,,,0,,,,,,,,,238,,,,,,,,,yes,,,,,,,,,,,,,
1591,Sero-290-11,,2021-12-21,30,Sero-290,11,,,,,,,,,36,No,2022-09-15,follow-up,Negative,,,,Negative,,neg,Negative,,,0,,,,,,,,,268,,,,,,,,,yes,0,,,,,,,,,,,,
1592,Sero-290-12,,2021-12-21,30,Sero-290,12,,,,,,,,,36,No,2022-10-15,follow-up,Negative,,,,ND,,,,,,0,,,,,,,,,298,,,,,,,,,yes,,,,,,,,,,,,,
1593,Sero-290-13,,2021-12-21,30,Sero-290,13,,,,,,,,,36,No,2022-11-14,follow-up,Negative,,,,ND,,,,,,0,,,,,,,,,328,,,,,,,,,yes,,,,,,,,,,,,,
1594,Sero-291-01,,2021-12-24,0,Sero-291,1,11,18,Female,36,No,,No,Yes,,,2021-12-24,recruitment,Positive,Pv,1639,0,Mic+/PCR+,symptomatic,pv,Recruitment,Recruitment,,0,0,,,1,0,0,0,0,0,,,,,0,0,above 15 years,CQ; 3days + PQ; 14 days,yes,25020,0,30,1,3,infectious,1,,,,,,
1595,Sero-291-03,,2021-12-24,24,Sero-291,3,,,,,,,,,36,No,2022-01-24,follow-up,Negative,,,,ND,,,,,,0,,,,,,,,,31,,,,,,,,,yes,,,,,,,,,,,,,
1596,Sero-291-04,,2021-12-24,32,Sero-291,4,,,,,,,,,35,No,2022-02-25,follow-up,Negative,,,,ND,,,,,,0,,,,,,,,,63,,,,,,,,,yes,,,,,,,,,,,,,
1597,Sero-291-05,,2021-12-24,31,Sero-291,5,,,,,,,,,35,No,2022-03-28,follow-up,Negative,,,,Negative,,neg,Negative,,,0,,,,,,,,,94,,,,,,,,,yes,0,,,,,,,,,,,,
1598,Sero-291-06,,2021-12-24,43,Sero-291,6,,,,,,,,,35,No,2022-05-10,follow-up,Negative,,,,ND,,,,,,0,,,,,,,,,137,,,,,,,,,yes,,,,,,,,,,,,,
1599,Sero-291-07,,2021-12-24,35,Sero-291,7,,,,,,,,,35,No,2022-06-14,follow-up,Negative,,,,ND,,,,,,0,,,,,,,,,172,,,,,,,,,yes,,,,,,,,,,,,,
1600,Sero-291-08,,2021-12-24,31,Sero-291,8,,,,,,,,,36,No,2022-07-15,follow-up,Negative,,,,Negative,,neg,Negative,,,0,,,,,,,,,203,,,,,,,,,yes,0,,,,,,,,,,,,
1601,Sero-291-09,,2021-12-24,32,Sero-291,9,,,,,,,,,36,No,2022-08-16,follow-up,Negative,,,,ND,,,,,,0,,,,,,,,,235,,,,,,,,,yes,,,,,,,,,,,,,
1602,Sero-291-10,,2021-12-24,35,Sero-291,10,,,,,,,,,36,No,2022-09-20,follow-up,Positive,Pv,40,0,Mic+/PCR+,symptomatic,,,,,0,,,,,,,,,270,,,,,,,,,yes,,,,,,,,,,,,,
1603,Sero-291-11,,2021-12-24,30,Sero-291,11,,,,,,,,,36,No,2022-10-20,follow-up,Negative,,,,ND,,,,,,0,,,,,,,,,300,,,,,,,,,yes,,,,,,,,,,,,,
1604,Sero-292-01,,2021-12-30,0,Sero-292,1,12,10,Male,37,Yes,3,No,Yes,,,2021-12-30,recruitment,Positive,Pv,2995,0,Mic+/PCR+,symptomatic,pv,Recruitment,Recruitment,,0,0,,,1,0,0,0,0,0,,,,,0,1,< 15 years,CQ; 3days + PQ; 14 days,yes,32141,354938,30,1,3,infectious,1,,,,,,
1605,Sero-292-03,,2021-12-30,21,Sero-292,3,,,,,,,,,36,No,2022-01-31,follow-up,Negative,,,,ND,,,,,,0,,,,,,,,,32,,,,,,,,,yes,,,,,,,,,,,,,
1606,Sero-292-04,,2021-12-30,31,Sero-292,4,,,,,,,,,36,No,2022-03-03,follow-up,Negative,,,,ND,,,,,,0,,,,,,,,,63,,,,,,,,,yes,,,,,,,,,,,,,
1607,Sero-292-05,,2021-12-30,30,Sero-292,5,,,,,,,,,36,No,2022-04-02,follow-up,Negative,,,,Negative,,neg,Negative,,,0,,,,,,,,,93,,,,,,,,,yes,0,,,,,,,,,,,,
1608,Sero-292-06,,2021-12-30,31,Sero-292,6,,,,,,,,,36,No,2022-05-03,follow-up,Negative,,,,ND,,,,,,0,,,,,,,,,124,,,,,,,,,yes,,,,,,,,,,,,,
1609,Sero-292-07,,2021-12-30,30,Sero-292,7,,,,,,,,,37,No,2022-06-02,follow-up,Negative,,,,ND,,,,,,0,,,,,,,,,154,,,,,,,,,yes,,,,,,,,,,,,,
1610,Sero-292-08,,2021-12-30,30,Sero-292,8,,,,,,,,,35,No,2022-07-02,follow-up,Negative,,,,Negative,,neg,Negative,,,0,,,,,,,,,184,,,,,,,,,yes,0,,,,,,,,,,,,
1611,Sero-292-09,,2021-12-30,30,Sero-292,9,,,,,,,,,37,No,2022-08-01,follow-up,Negative,,,,ND,,,,,,0,,,,,,,,,214,,,,,,,,,yes,,,,,,,,,,,,,
1612,Sero-292-10,,2021-12-30,30,Sero-292,10,,,,,,,,,36,No,2022-08-31,follow-up,Negative,,,,ND,,,,,,0,,,,,,,,,244,,,,,,,,,yes,,,,,,,,,,,,,
1613,Sero-292-11,,2021-12-30,30,Sero-292,11,,,,,,,,,36,No,2022-09-30,follow-up,Negative,,,,ND,,,,,,0,,,,,,,,,274,,,,,,,,,yes,,,,,,,,,,,,,
1614,Sero-292-12,,2021-12-30,29,Sero-292,12,,,,,,,,,36,No,2022-10-29,follow-up,Positive,Pv,26,0,Mic+/PCR+,symptomatic,,,,,0,,,,,,,,,303,,,,,,,,,yes,,,,,,,,,,,,,
1615,Sero-293-01,asym,2021-12-31,0,Sero-293,1,13,12,Male,39,No,,No,Yes,,,2021-12-31,recruitment,Positive,Pv,753,0,Mic+/PCR+,symptomatic,mixed,Recruitment,Recruitment,,1,0,,,0,0,1,0,1,0,,,,,1,1,< 15 years,CQ; 3days + PQ; 14 days,yes,45369,244939,30,6,20,infectious,15,,,,,,
1616,Sero-293-03,asym,2021-12-31,22,Sero-293,3,,,,,,,,,36,No,2022-01-28,follow-up,Positive,P.f,554,1267,Pf,Pf,pf,new infection,Pf,,1,,,,,,,,,28,,,,,,,,,yes,0,,,,,,,,,,,,
1617,Sero-293-04,asym,2021-12-31,29,Sero-293,4,,,,,,,,,37,No,2022-02-26,follow-up,Positive,P.f,137,22,Pf,Pf,pf,new infection,Pf,,1,,,,,,,,,57,,,,,,,,,yes,0,,,,,,,,,,,,
1618,Sero-293-05,asym,2021-12-31,27,Sero-293,5,,,,,,,,,35,No,2022-03-25,follow-up,Positive,P.f,811,,Pf,Pf,pf,new infection,Pf,,1,,,,,,,,,84,,,,,,,,,yes,0,,,,,,,,,,,,
1619,Sero-293-06,asym,2021-12-31,25,Sero-293,6,,,,,,,,,36,No,2022-04-19,follow-up,Negative,,,,Negative,,neg,Negative,,,1,,,,,,,,,109,,,,,,,,,yes,0,,,,,,,,,,,,
1620,Sero-293-07,asym,2021-12-31,29,Sero-293,7,,,,,,,,,36,No,2022-05-18,follow-up,Positive,mixed,730,76,Mic+/PCR+,asymptomatic ,mixed,asymptomatic,recurrence,1,1,,,1,,,,,,138,0,138,138,1,,1,,,yes,969,10576,,,,,,,,,,,
1621,Sero-293-08,asym,2021-12-31,30,Sero-293,8,,,,,,,,,35,No,2022-06-17,follow-up,Negative,,,,PCR+,submicroscopic,mixed,Asym_persisting,persisting,,1,,,,,,,,,168,,,,,,1,,,yes,1233,68,,,,,,,,,,,
1622,Sero-293-09,asym,2021-12-31,29,Sero-293,9,,,,,,,,,36,No,2022-07-16,follow-up,Negative,,,,PCR+,submicroscopic,pv,Asym_persisting,persisting,,1,,,,,,,,,197,,,,,,1,,,yes,7,26,,,,,,,,,,,
1623,Sero-293-10,asym,2021-12-31,30,Sero-293,10,,,,,,,,,35,No,2022-08-15,follow-up,Negative,,,,PCR+,submicroscopic,pv,Asym_persisting,persisting,,1,,,,,,,,,227,,,,,,1,,,yes,74,132,,,,,,,,,,,
1624,Sero-293-11,asym,2021-12-31,30,Sero-293,11,,,,,,,,,35,No,2022-09-14,follow-up,Negative,,,,PCR+,submicroscopic,mixed,Asym_persisting,persisting,,1,,,,,,,,,257,,,,,,,,,yes,89,,,,,,,,,,,,
1625,Sero-293-12,asym,2021-12-31,30,Sero-293,12,,,,,,,,,35,No,2022-10-14,follow-up,Negative,,,,Negative,,neg,Negative,,,1,,,,,,,,,287,,,,,,,,,yes,0,,,,,,,,,,,,
1626,Sero-293-13,asym,2021-12-31,31,Sero-293,13,,,,,,,,,35,No,2022-11-14,follow-up,Negative,,,,Negative,,neg,Negative,,,1,,,,,,,,,318,,,,,,,,,yes,0,,,,,,,,,,,,
1627,Sero-294-01,sym,2022-01-01,0,Sero-294,1,13,15,Male,37,Yes,2,No,Yes,,,2022-01-01,recruitment,Positive,Pv,4320,0,Mic+/PCR+,symptomatic,pv,Recruitment,Recruitment,,1,1,,,0,1,0,0,0,0,,,,,0,1,< 15 years,CQ; 3days + PQ; 14 days,yes,581496,283718,30,3,10,infectious,9,,,,,,
1628,Sero-294-03,sym,2022-01-01,21,Sero-294,3,,,,,,,,,36,No,2022-01-29,follow-up,Negative,,,,ND,,,,,,1,,,,,,,,,28,,,,,,,,,yes,,,,,,,,,,,,,
1629,Sero-294-04,sym,2022-01-01,30,Sero-294,4,,,,,,,,,36,No,2022-02-28,follow-up,Negative,,,,Negative,,neg,Negative,,,1,,,,,,,,,58,,,,,,,,,yes,0,,,,,,,,,,,,
1630,Sero-294-05,sym,2022-01-01,28,Sero-294,5,,,,,,,,,37,No,2022-03-28,follow-up,Negative,,,,Negative,,neg,Negative,,,1,,,,,,,,,86,,,,,,,,,yes,0,,,,,,,,,,,,
1631,Sero-294-06,sym,2022-01-01,30,Sero-294,6,,,,,,,,,36,No,2022-04-27,follow-up,Negative,,,,Negative,,neg,Negative,,,1,,,,,,,,,116,,,,,,,,,yes,0,,,,,,,,,,,,
1632,Sero-294-07,sym,2022-01-01,30,Sero-294,7,,,,,,,,,36,No,2022-05-27,follow-up,Negative,,,,Negative,,neg,Negative,,,1,,,,,,,,,146,,,,,,,,,yes,0,,,,,,,,,,,,
1633,Sero-294-08,sym,2022-01-01,31,Sero-294,8,,,,,,,,,36,No,2022-06-27,follow-up,Negative,,,,Negative,,neg,Negative,,,1,,,,,,,,,177,,,,,,,,,yes,0,,,,,,,,,,,,
1634,Sero-294-09,sym,2022-01-01,30,Sero-294,9,,,,,,,,,36,No,2022-07-27,follow-up,Negative,,,,Negative,,neg,Negative,,,1,,,,,,,,,207,,,,,,,,,yes,0,,,,,,,,,,,,
1635,Sero-294-10,sym,2022-01-01,17,Sero-294,10,,,,,,,,,37,No,2022-08-13,recurrence,Positive,Pv,13840,120,Mic+/PCR+,symptomatic,pv,symptomatic,recurrence,1,1,,1,,,,,,,224,0,224,224,1,,1,,CQ; 3days + PQ; 14 days,yes,97521,510748,28,9,32,infectious,17,,,,,,
1636,Sero-294-11,sym,2022-01-01,31,Sero-294,11,,,,,,,,,37,No,2022-09-13,follow-up,Negative,,,,Negative,,neg,Negative,,,1,,,,,,,,,255,,,,,,,,,yes,0,,,,,,,,,,,,
1637,Sero-294-12,sym,2022-01-01,30,Sero-294,12,,,,,,,,,36,No,2022-10-13,follow-up,Negative,,,,Negative,,neg,Negative,,,1,,,,,,,,,285,,,,,,,,,yes,0,,,,,,,,,,,,
1638,Sero-294-13,sym,2022-01-01,30,Sero-294,13,,,,,,,,,36,No,2022-11-12,follow-up,Negative,,,,ND,,,,,,1,,,,,,,,,315,,,,,,,,,yes,,,,,,,,,,,,,
1639,Sero-295-01,asym,2022-01-01,0,Sero-295,1,12,25,Female,38,No,,No,Yes,,,2022-01-01,recruitment,Positive,Pv,3287,0,Mic+/PCR+,symptomatic,pv,Recruitment,Recruitment,,1,0,,,0,0,1,0,1,0,,,,,1,1,above 15 years,CQ; 3days + PQ; 14 days,yes,19165,5179,30,9,30,infectious,16,,,,,,
1640,Sero-295-03,asym,2022-01-01,21,Sero-295,3,,,,,,,,,36,No,2022-01-29,follow-up,Negative,,,,Negative,,neg,Negative,,,1,,,,,,,,,28,,,,,,,,,yes,0,,,,,,,,,,,,
1641,Sero-295-04,asym,2022-01-01,30,Sero-295,4,,,,,,,,,35,No,2022-02-28,follow-up,Negative,,,,Negative,,neg,Negative,,,1,,,,,,,,,58,,,,,,,,,yes,0,,,,,,,,,,,,
1642,Sero-295-05,asym,2022-01-01,28,Sero-295,5,,,,,,,,,35,No,2022-03-28,follow-up,Negative,,,,PCR+,submicroscopic,pv,asymptomatic,recurrence,1,1,,,1,,,,,,86,0,86,86,1,,1,,,yes,3664,1904,,,,,,,,,,,
1643,Sero-295-06,asym,2022-01-01,30,Sero-295,6,,,,,,,,,36,No,2022-04-27,follow-up,Negative,,,,Negative,,neg,Negative,,,1,,,,,,,,,116,,,,,,,,,yes,0,,,,,,,,,,,,
1644,Sero-295-07,asym,2022-01-01,30,Sero-295,7,,,,,,,,,35,No,2022-05-27,follow-up,Negative,,,,PCR+,submicroscopic,pv,Asym_persisting,persisting,,1,,,,,,,,,146,,,,,,1,,,yes,76,19,,,,,,,,,,,
1645,Sero-295-08,asym,2022-01-01,31,Sero-295,8,,,,,,,,,35,No,2022-06-27,follow-up,Negative,,,,PCR+,submicroscopic,pv,Asym_persisting,persisting,,1,,,,,,,,,177,,,,,,0,,,yes,31,0,,,,,,,,,,,
1646,Sero-295-09,asym,2022-01-01,30,Sero-295,9,,,,,,,,,35,No,2022-07-27,follow-up,Negative,,,,Negative,,neg,Negative,,,1,,,,,,,,,207,,,,,,,,,yes,0,,,,,,,,,,,,
1647,Sero-295-10,asym,2022-01-01,30,Sero-295,10,,,,,,,,,36,No,2022-08-26,follow-up,Negative,,,,Negative,,neg,Negative,,,1,,,,,,,,,237,,,,,,,,,yes,0,,,,,,,,,,,,
1648,Sero-295-11,asym,2022-01-01,31,Sero-295,11,,,,,,,,,36,No,2022-09-26,follow-up,Negative,,,,ND,,,,,,1,,,,,,,,,268,,,,,,,,,yes,,,,,,,,,,,,,
1649,Sero-295-12,asym,2022-01-01,28,Sero-295,12,,,,,,,,,36,No,2022-10-24,follow-up,Negative,,,,Negative,,neg,Negative,,,1,,,,,,,,,296,86,296,210,0,,,,,yes,0,,,,,,,,,,,,
1650,Sero-296-01,asym,2022-01-10,0,Sero-296,1,12,12,Male,38,Yes,1,No,Yes,,,2022-01-10,recruitment,Positive,Pv,4078,0,Mic+/PCR+,symptomatic,mixed,Recruitment,Recruitment,,1,0,,,0,0,1,0,1,0,,,,,1,1,< 15 years,CQ; 3days + PQ; 14 days,yes,33730,5594,29,2,7,infectious,2,,,,,,
1651,Sero-296-03,asym,2022-01-10,22,Sero-296,3,,,,,,,,,37,No,2022-02-08,follow-up,Negative,,,,Negative,,neg,Negative,,,1,,,,,,,,,29,,,,,,,,,yes,0,,,,,,,,,,,,
1652,Sero-296-04,asym,2022-01-10,28,Sero-296,4,,,,,,,,,37,No,2022-03-08,follow-up,Negative,,,,PCR+,submicroscopic,pv,Asym_persisting,persisting,,1,,,,,,,,,57,,,,,,1,,,yes,7,12,,,,,,,,,,,
1653,Sero-296-05,asym,2022-01-10,29,Sero-296,5,,,,,,,,,36,No,2022-04-06,follow-up,Negative,,,,PCR+,submicroscopic,pv,Asym_persisting,persisting,,1,,,,,,,,,86,,,,,,1,,,yes,52,30,,,,,,,,,,,
1654,Sero-296-06,asym,2022-01-10,30,Sero-296,6,,,,,,,,,36,No,2022-05-06,follow-up,Negative,,,,Negative,,neg,Negative,,,1,,,,,,,,,116,,,,,,,,,yes,0,,,,,,,,,,,,
1655,Sero-296-07,asym,2022-01-10,32,Sero-296,7,,,,,,,,,36,No,2022-06-07,follow-up,Negative,,,,Negative,,neg,Negative,,,1,,,,,,,,,148,,,,,,,,,yes,0,,,,,,,,,,,,
1656,Sero-296-08,asym,2022-01-10,31,Sero-296,8,,,,,,,,,36,No,2022-07-08,follow-up,Negative,,,,PCR+,submicroscopic,pv,asymptomatic,recurrence,1,1,,,1,,,,,,179,0,179,179,1,,1,,,yes,22,39,,,,,,,,,,,
1657,Sero-296-09,asym,2022-01-10,29,Sero-296,9,,,,,,,,,35,No,2022-08-06,follow-up,Negative,,,,Negative,,neg,Negative,,,1,,,,,,,,,208,,,,,,,,,yes,0,,,,,,,,,,,,
1658,Sero-296-10,asym,2022-01-10,30,Sero-296,10,,,,,,,,,36,No,2022-09-05,follow-up,Negative,,,,Pf,Pf,pf,new infection,Pf,,1,,,,,,,,,238,,,,,,,,,yes,0,,,,,,,,,,,,
1659,Sero-296-11,asym,2022-01-10,31,Sero-296,11,,,,,,,,,36,No,2022-10-06,follow-up,Negative,,,,ND,,,,,,1,,,,,,,,,269,,,,,,,,,yes,,,,,,,,,,,,,
1660,Sero-296-12,asym,2022-01-10,29,Sero-296,12,,,,,,,,,36,No,2022-11-04,follow-up,Negative,,,,Negative,,neg,Negative,,,1,,,,,,,,,298,,,,,,,,,yes,0,,,,,,,,,,,,
1661,Sero-297-01,,2022-01-18,0,Sero-297,1,12,10,Male,37,Yes,3,No,Yes,,,2022-01-18,recruitment,Positive,Pv,6454,811,Mic+/PCR+,symptomatic,pv,Recruitment,Recruitment,,0,0,,,1,0,0,0,0,0,,,,,0,1,< 15 years,CQ; 3days + PQ; 14 days,yes,321411,979223,30,19,63,infectious,101,,,,,,
1662,Sero-297-03,,2022-01-18,23,Sero-297,3,,,,,,,,,36,No,2022-02-17,follow-up,Negative,,,,ND,,,,,,0,,,,,,,,,30,,,,,,,,,yes,,,,,,,,,,,,,
1663,Sero-297-04,,2022-01-18,30,Sero-297,4,,,,,,,,,34,No,2022-03-19,follow-up,Negative,,,,ND,,,,,,0,,,,,,,,,60,,,,,,,,,yes,,,,,,,,,,,,,
1664,Sero-297-05,,2022-01-18,30,Sero-297,5,,,,,,,,,36,No,2022-04-18,follow-up,Negative,,,,Negative,,neg,Negative,,,0,,,,,,,,,90,,,,,,,,,yes,0,,,,,,,,,,,,
1665,Sero-297-06,,2022-01-18,30,Sero-297,6,,,,,,,,,35,No,2022-05-18,follow-up,Negative,,,,ND,,,,,,0,,,,,,,,,120,,,,,,,,,yes,,,,,,,,,,,,,
1666,Sero-297-07,,2022-01-18,30,Sero-297,7,,,,,,,,,36,No,2022-06-17,follow-up,Negative,,,,ND,,,,,,0,,,,,,,,,150,,,,,,,,,yes,,,,,,,,,,,,,
1667,Sero-297-08,,2022-01-18,29,Sero-297,8,,,,,,,,,35,No,2022-07-16,follow-up,Negative,,,,ND,,,,,,0,,,,,,,,,179,,,,,,,,,yes,,,,,,,,,,,,,
1668,Sero-297-09,,2022-01-18,31,Sero-297,9,,,,,,,,,35,No,2022-08-16,follow-up,Negative,,,,ND,,,,,,0,,,,,,,,,210,,,,,,,,,yes,,,,,,,,,,,,,
1669,Sero-297-10,,2022-01-18,31,Sero-297,10,,,,,,,,,36,No,2022-09-16,follow-up,Negative,,,,ND,,,,,,0,,,,,,,,,241,,,,,,,,,yes,,,,,,,,,,,,,
1670,Sero-297-11,,2022-01-18,29,Sero-297,11,,,,,,,,,36,No,2022-10-15,follow-up,Positive,Pv,153,0,Mic+/PCR+,symptomatic,,,,,0,,,,,,,,,270,,,,,,,,,yes,,,,,,,,,,,,,
1671,Sero-297-12,,2022-01-18,24,Sero-297,12,,,,,,,,,38,Yes,2022-11-08,follow-up,Positive,mixed,7336,117,Mic+/PCR+,symptomatic,,,,,0,,,,,,,,,294,,,,,,,,,yes,,,,,,,,,,,,,
1672,Sero-298-01,,2022-01-18,0,Sero-298,1,12,6,Male,37,No,,No,Yes,,,2022-01-18,recruitment,Positive,Pv,6226,394,Mic+/PCR+,symptomatic,pv,Recruitment,Recruitment,,0,0,,,1,0,0,0,0,0,,,,,0,1,< 15 years,CQ; 3days + PQ; 14 days,yes,16355,151123,30,10,33,infectious,6,,,,,,
1673,Sero-298-03,,2022-01-18,23,Sero-298,3,,,,,,,,,35,No,2022-02-17,follow-up,Negative,,,,ND,,,,,,0,,,,,,,,,30,,,,,,,,,yes,,,,,,,,,,,,,
1674,Sero-298-04,,2022-01-18,30,Sero-298,4,,,,,,,,,35,No,2022-03-19,follow-up,Negative,,,,ND,,,,,,0,,,,,,,,,60,,,,,,,,,yes,,,,,,,,,,,,,
1675,Sero-298-05,,2022-01-18,30,Sero-298,5,,,,,,,,,36,No,2022-04-18,follow-up,Negative,,,,Negative,,neg,Negative,,,0,,,,,,,,,90,,,,,,,,,yes,0,,,,,,,,,,,,
1676,Sero-298-06,,2022-01-18,30,Sero-298,6,,,,,,,,,36,No,2022-05-18,follow-up,Negative,,,,ND,,,,,,0,,,,,,,,,120,,,,,,,,,yes,,,,,,,,,,,,,
1677,Sero-298-07,,2022-01-18,31,Sero-298,7,,,,,,,,,36,No,2022-06-18,follow-up,Negative,,,,ND,,,,,,0,,,,,,,,,151,,,,,,,,,yes,,,,,,,,,,,,,
1678,Sero-298-08,,2022-01-18,28,Sero-298,8,,,,,,,,,36,No,2022-07-16,follow-up,Negative,,,,ND,,,,,,0,,,,,,,,,179,,,,,,,,,yes,,,,,,,,,,,,,
1679,Sero-298-09,,2022-01-18,31,Sero-298,9,,,,,,,,,36,No,2022-08-16,follow-up,Negative,,,,ND,,,,,,0,,,,,,,,,210,,,,,,,,,yes,,,,,,,,,,,,,
1680,Sero-298-10,,2022-01-18,30,Sero-298,10,,,,,,,,,35,No,2022-09-15,follow-up,Negative,,,,ND,,,,,,0,,,,,,,,,240,,,,,,,,,yes,,,,,,,,,,,,,
1681,Sero-298-11,,2022-01-18,30,Sero-298,11,,,,,,,,,36,No,2022-10-15,follow-up,Negative,,,,ND,,,,,,0,,,,,,,,,270,,,,,,,,,yes,,,,,,,,,,,,,
1682,Sero-298-12,,2022-01-18,24,Sero-298,12,,,,,,,,,37,Yes,2022-11-08,follow-up,Positive,Pv,24380,619,Mic+/PCR+,symptomatic,,,,,0,,,,,,,,,294,,,,,,,,,yes,,,,,,,,,,,,,
1683,Sero-299-01,,2022-02-02,0,Sero-299,1,11,18,Male,38,Yes,1,No,Yes,,,2022-02-02,recruitment,Positive,Pv,29317,292,Mic+/PCR+,symptomatic,pv,Recruitment,Recruitment,,0,0,,,1,0,0,0,0,0,,,,,1,1,above 15 years,CQ; 3days + PQ; 14 days,yes,459992,591611,30,5,17,infectious,8,,,,,,
1684,Sero-299-03,,2022-02-02,16,Sero-299,3,,,,,,,,,34,No,2022-03-02,follow-up,Negative,,,,ND,,,,,,0,,,,,,,,,28,,,,,,,,,yes,,,,,,,,,,,,,
1685,Sero-299-04,,2022-02-02,31,Sero-299,4,,,,,,,,,36,No,2022-04-02,follow-up,Negative,,,,ND,,,,,,0,,,,,,,,,59,,,,,,,,,yes,,,,,,,,,,,,,
1686,Sero-299-05,,2022-02-02,30,Sero-299,5,,,,,,,,,35,No,2022-05-02,follow-up,Negative,,,,Negative,,neg,Negative,,,0,,,,,,,,,89,,,,,,,,,yes,0,,,,,,,,,,,,
1687,Sero-299-06,,2022-02-02,31,Sero-299,6,,,,,,,,,36,No,2022-06-02,follow-up,Negative,,,,ND,,,,,,0,,,,,,,,,120,,,,,,,,,yes,,,,,,,,,,,,,
1688,Sero-299-07,,2022-02-02,30,Sero-299,7,,,,,,,,,36,No,2022-07-02,follow-up,Negative,,,,ND,,,,,,0,,,,,,,,,150,,,,,,,,,yes,,,,,,,,,,,,,
1689,Sero-299-08,,2022-02-02,30,Sero-299,8,,,,,,,,,36,No,2022-08-01,follow-up,Negative,,,,ND,,,,,,0,,,,,,,,,180,,,,,,,,,yes,,,,,,,,,,,,,
1690,Sero-299-09,,2022-02-02,32,Sero-299,9,,,,,,,,,36,No,2022-09-02,follow-up,Negative,,,,ND,,,,,,0,,,,,,,,,212,,,,,,,,,yes,,,,,,,,,,,,,
1691,Sero-299-10,,2022-02-02,33,Sero-299,10,,,,,,,,,36,No,2022-10-05,follow-up,Negative,,,,ND,,,,,,0,,,,,,,,,245,,,,,,,,,yes,,,,,,,,,,,,,
1692,Sero-299-11,,2022-02-02,31,Sero-299,11,,,,,,,,,36,No,2022-11-05,follow-up,Negative,,,,ND,,,,,,0,,,,,,,,,276,,,,,,,,,yes,,,,,,,,,,,,,
1693,Sero-300-01,,2022-02-14,0,Sero-300,1,11,11,Female,37,No,,No,Yes,,,2022-02-14,recruitment,Positive,Pv,14320,0,Mic+/PCR+,symptomatic,pv,Recruitment,Recruitment,,0,0,,,1,0,0,0,0,0,,,,,0,1,< 15 years,CQ; 3days + PQ; 14 days,yes,314832,69494,32,8,25,infectious,27,,,,,,
1694,Sero-300-03,,2022-02-14,23,Sero-300,3,,,,,,,,,36,No,2022-03-16,follow-up,Negative,,,,ND,,,,,,0,,,,,,,,,30,,,,,,,,,yes,,,,,,,,,,,,,
1695,Sero-300-04,,2022-02-14,30,Sero-300,4,,,,,,,,,36,No,2022-04-15,follow-up,Negative,,,,ND,,,,,,0,,,,,,,,,60,,,,,,,,,yes,,,,,,,,,,,,,
1696,Sero-300-05,,2022-02-14,31,Sero-300,5,,,,,,,,,36,No,2022-05-16,follow-up,Negative,,,,Negative,,neg,Negative,,,0,,,,,,,,,91,,,,,,,,,yes,0,,,,,,,,,,,,
1697,Sero-300-06,,2022-02-14,29,Sero-300,6,,,,,,,,,36,No,2022-06-14,follow-up,Negative,,,,ND,,,,,,0,,,,,,,,,120,,,,,,,,,yes,,,,,,,,,,,,,
1698,Sero-300-07,,2022-02-14,30,Sero-300,7,,,,,,,,,36,No,2022-07-14,follow-up,Negative,,,,ND,,,,,,0,,,,,,,,,150,,,,,,,,,yes,,,,,,,,,,,,,
1699,Sero-300-08,,2022-02-14,30,Sero-300,8,,,,,,,,,37,No,2022-08-13,follow-up,Negative,,,,Negative,,neg,Negative,,,0,,,,,,,,,180,,,,,,,,,yes,0,,,,,,,,,,,,
1700,Sero-300-09,,2022-02-14,30,Sero-300,9,,,,,,,,,36,No,2022-09-12,follow-up,Negative,,,,ND,,,,,,0,,,,,,,,,210,,,,,,,,,yes,,,,,,,,,,,,,
1701,Sero-300-10,,2022-02-14,30,Sero-300,10,,,,,,,,,36,No,2022-10-12,follow-up,Negative,,,,ND,,,,,,0,,,,,,,,,240,,,,,,,,,yes,,,,,,,,,,,,,
1702,Sero-300-11,,2022-02-14,30,Sero-300,11,,,,,,,,,36,No,2022-11-11,follow-up,Negative,,,,ND,,,,,,0,,,,,,,,,270,,,,,,,,,yes,,,,,,,,,,,,,
1703,Sero-301-01,,2022-02-21,0,Sero-301,1,5,40,Female,37,No,,No,Yes,,,2022-02-21,recruitment,Positive,Pv,13115,4,Mic+/PCR+,symptomatic,pv,Recruitment,Recruitment,,0,0,,,1,0,0,0,0,0,,,,,0,1,above 15 years,CQ; 3days + PQ; 14 days,yes,25077,50014,30,14,47,infectious,8,,,,,,
1704,Sero-301-03,,2022-02-21,21,Sero-301,3,,,,,,,,,36,No,2022-03-22,follow-up,Negative,,,,ND,,,,,,0,,,,,,,,,29,,,,,,,,,yes,,,,,,,,,,,,,
1705,Sero-301-04,,2022-02-21,44,Sero-301,4,,,,,,,,,36,No,2022-05-05,follow-up,Negative,,,,ND,,,,,,0,,,,,,,,,73,,,,,,,,,yes,,,,,,,,,,,,,
1706,Sero-301-05,,2022-02-21,30,Sero-301,5,,,,,,,,,36,No,2022-06-04,follow-up,Negative,,,,Negative,,neg,Negative,,,0,,,,,,,,,103,,,,,,,,,yes,0,,,,,,,,,,,,
1707,Sero-302-01,,2022-02-26,0,Sero-302,1,10,25,Female,40,Yes,3,Yes,Yes,,,2022-02-26,recruitment,Positive,Pv,4295,365,Mic+/PCR+,symptomatic,pv,Recruitment,Recruitment,,0,0,,,1,0,0,0,0,0,,,,,1,1,above 15 years,CQ; 3days + PQ; 14 days,yes,52077,3129,30,10,33,infectious,18,,,,,,
1708,Sero-302-03,,2022-02-26,23,Sero-302,3,,,,,,,,,36,No,2022-03-28,follow-up,Negative,,,,ND,,,,,,0,,,,,,,,,30,,,,,,,,,yes,,,,,,,,,,,,,
1709,Sero-302-04,,2022-02-26,30,Sero-302,4,,,,,,,,,36,No,2022-04-27,follow-up,Negative,,,,ND,,,,,,0,,,,,,,,,60,,,,,,,,,yes,,,,,,,,,,,,,
1710,Sero-302-05,,2022-02-26,30,Sero-302,5,,,,,,,,,35,No,2022-05-27,follow-up,Negative,,,,Negative,,neg,Negative,,,0,,,,,,,,,90,,,,,,,,,yes,0,,,,,,,,,,,,
1711,Sero-302-06,,2022-02-26,31,Sero-302,6,,,,,,,,,36,No,2022-06-27,follow-up,Negative,,,,ND,,,,,,0,,,,,,,,,121,,,,,,,,,yes,,,,,,,,,,,,,
1712,Sero-302-07,,2022-02-26,29,Sero-302,7,,,,,,,,,36,No,2022-07-26,follow-up,Negative,,,,ND,,,,,,0,,,,,,,,,150,,,,,,,,,yes,,,,,,,,,,,,,
1713,Sero-302-08,,2022-02-26,30,Sero-302,8,,,,,,,,,36,No,2022-08-25,follow-up,Negative,,,,Negative,,neg,Negative,,,0,,,,,,,,,180,,,,,,,,,yes,0,,,,,,,,,,,,
1714,Sero-302-09,,2022-02-26,32,Sero-302,9,,,,,,,,,37,No,2022-09-26,follow-up,Negative,,,,ND,,,,,,0,,,,,,,,,212,,,,,,,,,yes,,,,,,,,,,,,,
1715,Sero-302-10,,2022-02-26,33,Sero-302,10,,,,,,,,,36,No,2022-10-29,follow-up,Negative,,,,ND,,,,,,0,,,,,,,,,245,,,,,,,,,yes,,,,,,,,,,,,,
1716,Sero-303-01,sym,2022-03-18,0,Sero-303,1,9,13,Male,39,Yes,3,No,Yes,,,2022-03-18,recruitment,Positive,Pv,29388,277,Mic+/PCR+,symptomatic,pv,Recruitment,Recruitment,,1,1,,,0,1,0,0,0,0,,,,,1,1,< 15 years,CQ; 3days + PQ; 14 days,yes,145462,1100000,30,8,27,infectious,98,,,,,,
1717,Sero-303-03,sym,2022-03-18,24,Sero-303,3,,,,,,,,,35,No,2022-04-18,follow-up,Negative,,,,Negative,,,Negative,,,1,,,,,,,,,31,,,,,,1,,,yes,,121,,,,,,,,,,,
1718,Sero-303-04,sym,2022-03-18,18,Sero-303,4,,,,,,,,,39,No,2022-05-06,recurrence,Positive,Pv,3625,0,Mic+/PCR+,symptomatic,pv,symptomatic,recurrence,1,1,,1,,,,,,,49,0,49,49,1,,0,,CQ; 3days + PQ; 14 days,yes,23407,4,30,0,0,non-infectious,0,,,,,,
1719,Sero-303-05,sym,2022-03-18,32,Sero-303,5,,,,,,,,,35,No,2022-06-07,follow-up,Negative,,,,Negative,,neg,Negative,,,1,,,,,,,,,81,,,,,,,,,yes,0,,,,,,,,,,,,
1720,Sero-303-06,sym,2022-03-18,34,Sero-303,6,,,,,,,,,36,No,2022-07-11,follow-up,Negative,,,,ND,,,,,,1,,,,,,,,,115,,,,,,,,,yes,,,,,,,,,,,,,
1721,Sero-303-07,sym,2022-03-18,36,Sero-303,7,,,,,,,,,36,No,2022-08-16,follow-up,Negative,,,,ND,,,,,,1,,,,,,,,,151,,,,,,,,,yes,,,,,,,,,,,,,
1722,Sero-303-08,sym,2022-03-18,34,Sero-303,8,,,,,,,,,37,No,2022-09-19,follow-up,Negative,,,,Negative,,neg,Negative,,,1,,,,,,,,,185,,,,,,,,,yes,0,,,,,,,,,,,,
1723,Sero-303-09,sym,2022-03-18,30,Sero-303,9,,,,,,,,,36,No,2022-10-19,follow-up,Negative,,,,ND,,,,,,1,,,,,,,,,215,,,,,,,,,yes,,,,,,,,,,,,,
1724,Sero-304-01,sym,2022-03-19,0,Sero-304,1,10,25,Male,37,Yes,1,No,Yes,,,2022-03-19,recruitment,Positive,Pv,13846,115,Mic+/PCR+,symptomatic,pv,Recruitment,Recruitment,,1,1,,,0,1,0,0,0,0,,,,,0,1,above 15 years,CQ; 3days + PQ; 14 days,yes,158008,2980,29,1,3,infectious,58,,,,,,
1725,Sero-304-03,sym,2022-03-19,24,Sero-304,3,,,,,,,,,36,No,2022-04-19,follow-up,Negative,,,,Negative,,,Negative,,,1,,,,,,,,,31,,,,,,,,,yes,,,,,,,,,,,,,
1726,Sero-304-04,sym,2022-03-19,16,Sero-304,4,,,,,,,,,39,Yes,2022-05-05,recurrence,Positive,Pv,2692,76,Mic+/PCR+,symptomatic,pv,symptomatic,recurrence,1,1,,1,,,,,,,47,0,47,47,1,,1,,CQ; 3days + PQ; 14 days,yes,54651,5001,28,3,11,infectious,6,,,,,,
1727,Sero-304-05,sym,2022-03-19,29,Sero-304,5,,,,,,,,,36,No,2022-06-03,follow-up,Negative,,,,Negative,,neg,Negative,,,1,,,,,,,,,76,,,,,,,,,yes,0,,,,,,,,,,,,
1728,Sero-304-06,sym,2022-03-19,29,Sero-304,6,,,,,,,,,35,No,2022-07-02,follow-up,Positive,P.f,509,0,,,,,,,1,,,,,,,,,105,,,,,,,,,yes,,,,,,,,,,,,,
1729,Sero-304-07,sym,2022-03-19,30,Sero-304,7,,,,,,,,,36,No,2022-08-01,follow-up,Negative,,,,ND,,,,,,1,,,,,,,,,135,,,,,,,,,yes,,,,,,,,,,,,,
1730,Sero-304-08,sym,2022-03-19,31,Sero-304,8,,,,,,,,,36,No,2022-09-01,follow-up,Negative,,,,Negative,,neg,Negative,,,1,,,,,,,,,166,,,,,,,,,yes,0,,,,,,,,,,,,
1731,Sero-304-09,sym,2022-03-19,30,Sero-304,9,,,,,,,,,36,No,2022-10-01,follow-up,Negative,,,,ND,,,,,,1,,,,,,,,,196,,,,,,,,,yes,,,,,,,,,,,,,
1732,Sero-304-10,sym,2022-03-19,31,Sero-304,10,,,,,,,,,36,No,2022-11-01,follow-up,Negative,,,,ND,,,,,,1,,,,,,,,,227,,,,,,,,,yes,,,,,,,,,,,,,
1733,Sero-305-01,asym,2022-04-12,0,Sero-305,1,8,10,Male,38,No,,No,Yes,,,2022-04-12,recruitment,Positive,Pv,1560,78,Mic+/PCR+,symptomatic,pv,Recruitment,Recruitment,,1,0,,,0,0,1,0,0,0,,,,,1,1,< 15 years,CQ; 3days + PQ; 14 days,yes,4120,11422,32,9,28,infectious,9,,,,,,
1734,Sero-305-03,asym,2022-04-12,25,Sero-305,3,,,,,,,,,36,No,2022-05-14,follow-up,Negative,,,,Negative,,neg,Negative,,,1,,,,,,,,,32,,,,,,,,,yes,0,,,,,,,,,,,,
1735,Sero-305-04,asym,2022-04-12,32,Sero-305,4,,,,,,,,,37,No,2022-06-15,follow-up,Negative,,,,Negative,,neg,Negative,,,1,,,,,,,,,64,,,,,,,,,yes,0,,,,,,,,,,,,
1736,Sero-305-05,asym,2022-04-12,30,Sero-305,5,,,,,,,,,36,No,2022-07-15,follow-up,Negative,,,,PCR+,submicroscopic,pv,asymptomatic,recurrence,1,1,,,1,,,,,,94,0,94,94,1,,0,,,yes,69,0,,,,,,,,,,,
1737,Sero-305-06,asym,2022-04-12,31,Sero-305,6,,,,,,,,,38,No,2022-08-15,follow-up,Negative,,,,Negative,,neg,Negative,,,1,,,,,,,,,125,,,,,,,,,yes,0,,,,,,,,,,,,
1738,Sero-305-07,asym,2022-04-12,30,Sero-305,7,,,,,,,,,36,No,2022-09-14,follow-up,Negative,,,,Negative,,neg,Negative,,,1,,,,,,,,,155,,,,,,,,,yes,0,,,,,,,,,,,,
1739,Sero-305-08,asym,2022-04-12,30,Sero-305,8,,,,,,,,,36,No,2022-10-14,follow-up,Negative,,,,ND,,,,,,1,,,,,,,,,185,,,,,,,,,yes,,,,,,,,,,,,,
1740,Sero-306-01,sym,2022-04-14,0,Sero-306,1,8,14,Female,37,Yes,1,No,Yes,,,2022-04-14,recruitment,Positive,Pv,2217,237,Mic+/PCR+,symptomatic,pv,Recruitment,Recruitment,,2,1,,,0,1,0,0,0,0,,,,,0,1,< 15 years,CQ; 3days + PQ; 14 days,yes,23568,14289,28,2,7,infectious,1,,,,,,
1741,Sero-306-03,sym,2022-04-14,24,Sero-306,3,,,,,,,,,36,No,2022-05-14,follow-up,Negative,,,,Negative,,neg,Negative,,,2,,,,,,,,,30,,,,,,,,,yes,0,,,,,,,,,,,,
1742,Sero-306-04,sym,2022-04-14,31,Sero-306,4,,,,,,,,,36,No,2022-06-14,follow-up,Negative,,,,PCR+,submicroscopic,pv,Asym_persisting,persisting,,2,,,,,,,,,61,,,,,,,,,yes,5,,,,,,,,,,,,
1743,Sero-306-05,sym,2022-04-14,11,Sero-306,5,,,,,,,,,37,Yes,2022-06-25,recurrence,Positive,Pv,95,0,Mic+/PCR+,symptomatic,pv,symptomatic,recurrence,1,2,,1,,,,,,,72,0,72,72,1,,1,,CQ; 3days + PQ; 14 days,yes,4414,1826,30,0,0,non-infectious,0,,,,,,
1744,Sero-306-06,sym,2022-04-14,31,Sero-306,6,,,,,,,,,37,No,2022-07-26,follow-up,Negative,,,,Negative,,neg,Negative,,,2,,,,,,,,,103,,,,,,0,,,yes,0,0,,,,,,,,,,,
1745,Sero-306-07,sym,2022-04-14,30,Sero-306,7,,,,,,,,,36,No,2022-08-25,follow-up,Negative,,,,PCR+,submicroscopic,pv,Asym_persisting,persisting,,2,,,,,,,,,133,,,,,,,,,yes,75,,,,,,,,,,,,
1746,Sero-306-08,sym,2022-04-14,60,Sero-306,8,,,,,,,,,37,No,2022-10-24,follow-up,Negative,,,,PCR+,submicroscopic,pv,asymptomatic,recurrence,2,2,,,1,,,,,,193,72,193,121,1,,0,,,yes,23,1,,,,,,,,,,,
1747,Sero-307-01,sym,2022-04-18,0,Sero-307,1,9,11,Male,38,Yes,3,Yes,Yes,,,2022-04-18,recruitment,Positive,Pv,888,154,Mic+/PCR+,symptomatic,pv,Recruitment,Recruitment,,1,1,,,0,1,0,0,0,0,,,,,1,1,< 15 years,CQ; 3days + PQ; 14 days,yes,11828,16095,29,4,14,infectious,10,,,,,,
1748,Sero-307-03,sym,2022-04-18,21,Sero-307,3,,,,,,,,,35,No,2022-05-18,follow-up,Negative,,,,ND,,,,,,1,,,,,,,,,30,,,,,,,,,yes,,,,,,,,,,,,,
1749,Sero-307-04,sym,2022-04-18,30,Sero-307,4,,,,,,,,,35,No,2022-06-17,follow-up,Negative,,,,ND,,,,,,1,,,,,,,,,60,,,,,,,,,yes,,,,,,,,,,,,,
1750,Sero-307-05,sym,2022-04-18,31,Sero-307,5,,,,,,,,,36,No,2022-07-18,follow-up,Negative,,,,Negative,,neg,Negative,,,1,,,,,,,,,91,,,,,,0,,,yes,9,1,,,,,,,,,,,
1751,Sero-307-06,sym,2022-04-18,31,Sero-307,6,,,,,,,,,36,No,2022-08-18,follow-up,Negative,,,,Negative,,,Negative,,,1,,,,,,,,,122,,,,,,,,,yes,,,,,,,,,,,,,
1752,Sero-307-07,sym,2022-04-18,14,Sero-307,7,,,,,,,,,37,Yes,2022-09-01,recurrence,Positive,Pv,587,0,Mic+/PCR+,symptomatic,pv,symptomatic,recurrence,1,1,,1,,,,,,,136,0,136,136,1,,1,,CQ; 3days + PQ; 14 days,yes,117472,426,29,0,0,non-infectious,0,,,,,,
1753,Sero-307-08,sym,2022-04-18,30,Sero-307,8,,,,,,,,,36,No,2022-10-01,follow-up,Positive,P.f,840,0,,,,,,,1,,,,,,,,,166,,,,,,,,,yes,,,,,,,,,,,,,
1754,Sero-307-09,sym,2022-04-18,31,Sero-307,9,,,,,,,,,34,No,2022-11-01,follow-up,Negative,,,,ND,,,,,,1,,,,,,,,,197,,,,,,,,,yes,,,,,,,,,,,,,
1755,Sero-308-01,sym,2022-04-30,0,Sero-308,1,8,35,Male,37,No,,No,Yes,,,2022-04-30,recruitment,Positive,Pv,10230,247,Mic+/PCR+,symptomatic,pv,Recruitment,Recruitment,,2,2,,,0,1,0,0,0,0,,,,,0,1,above 15 years,CQ; 3days + PQ; 14 days,yes,170456,185130,30,8,27,infectious,22,,,,,,
1756,Sero-308-03,sym,2022-04-30,23,Sero-308,3,,,,,,,,,37,No,2022-05-30,follow-up,Negative,,,,Negative,,neg,Negative,,,2,,,,,,,,,30,,,,,,,,,yes,0,,,,,,,,,,,,
1757,Sero-308-04,sym,2022-04-30,28,Sero-308,4,,,,,,,,,36,No,2022-06-27,follow-up,Negative,,,,PCR+,submicroscopic,pv,Asym_persisting,persisting,,2,,,,,,,,,58,,,,,,,,,yes,9,,,,,,,,,,,,
1758,Sero-308-05,sym,2022-04-30,8,Sero-308,5,,,,,,,,,38,Yes,2022-07-05,recurrence,Positive,Pv,5685,0,Mic+/PCR+,symptomatic,pv,symptomatic,recurrence,1,2,,1,,,,,,,66,0,66,66,1,,1,,CQ; 3days + PQ; 14 days,yes,155844,2085,30,0,0,non-infectious,0,,,,,,
1759,Sero-308-06,sym,2022-04-30,24,Sero-308,6,,,,,,,,,36,No,2022-07-29,follow-up,Negative,,,,Negative,,neg,Negative,,,2,,,,,,,,,90,,,,,,,,,yes,0,,,,,,,,,,,,
1760,Sero-308-07,sym,2022-04-30,24,Sero-308,7,,,,,,,,,39,Yes,2022-08-22,recurrence,Positive,Pv,4378,159,Mic+/PCR+,symptomatic,pv,symptomatic,recurrence,2,2,,2,,,,,,,114,66,114,48,1,,1,,CQ; 3days + PQ; 14 days,yes,115864,90,30,0,0,non-infectious,0,,,,,,
1761,Sero-308-08,sym,2022-04-30,35,Sero-308,8,,,,,,,,,37,No,2022-09-26,follow-up,Negative,,,,ND,,,,,,2,,,,,,,,,149,,,,,,,,,yes,,,,,,,,,,,,,
1762,Sero-309-01,asym,2022-05-02,0,Sero-309,1,8,18,Male,39,No,,No,Yes,,,2022-05-02,recruitment,Positive,Pv,1627,656,Mic+/PCR+,symptomatic,pv,Recruitment,Recruitment,,1,0,,,0,0,1,0,1,0,,,,,1,1,above 15 years,CQ; 3days + PQ; 14 days,yes,44135,2519,30,15,50,infectious,8,,,,,,
1763,Sero-309-03,asym,2022-05-02,21,Sero-309,3,,,,,,,,,37,No,2022-05-30,follow-up,Negative,,,,Negative,,neg,Negative,,,1,,,,,,,,,28,,,,,,,,,yes,0,,,,,,,,,,,,
1764,Sero-309-04,asym,2022-05-02,30,Sero-309,4,,,,,,,,,36,No,2022-06-29,follow-up,Negative,,,,Negative,,neg,Negative,,,1,,,,,,,,,58,,,,,,,,,yes,0,,,,,,,,,,,,
1765,Sero-309-05,asym,2022-05-02,30,Sero-309,5,,,,,,,,,36,No,2022-07-29,follow-up,Positive,mixed,6431,0,Mic+/PCR+,asymptomatic ,pv,asymptomatic,recurrence,1,1,,,1,,,,,,88,0,88,88,1,,1,,,yes,493,511,,,,,,,,,,,
1766,Sero-309-06,asym,2022-05-02,31,Sero-309,6,,,,,,,,,36,No,2022-08-29,follow-up,Negative,,,,Negative,,neg,Negative,,,1,,,,,,,,,119,,,,,,,,,yes,0,,,,,,,,,,,,
1767,Sero-309-07,asym,2022-05-02,32,Sero-309,7,,,,,,,,,36,No,2022-09-30,follow-up,Negative,,,,Negative,,neg,Negative,,,1,,,,,,,,,151,,,,,,,,,yes,0,,,,,,,,,,,,
1768,Sero-309-08,asym,2022-05-02,29,Sero-309,8,,,,,,,,,36,No,2022-10-29,follow-up,Negative,,,,ND,,,,,,1,,,,,,,,,180,,,,,,,,,yes,,,,,,,,,,,,,
1769,Sero-310-01,,2022-05-05,0,Sero-310,1,6,11,Male,39,No,,No,Yes,,,2022-05-05,recruitment,Positive,Pv,1358,188,Mic+/PCR+,symptomatic,pv,Recruitment,Recruitment,,0,0,,,1,0,0,0,0,0,,,,,1,1,< 15 years,CQ; 3days + PQ; 14 days,yes,16468,6213,30,2,7,infectious,1,,,,,,
1770,Sero-310-03,,2022-05-05,22,Sero-310,3,,,,,,,,,37,No,2022-06-03,follow-up,Negative,,,,ND,,,,,,0,,,,,,,,,29,,,,,,,,,yes,,,,,,,,,,,,,
1771,Sero-310-04,,2022-05-05,31,Sero-310,4,,,,,,,,,37,No,2022-07-04,follow-up,Negative,,,,ND,,,,,,0,,,,,,,,,60,,,,,,,,,yes,,,,,,,,,,,,,
1772,Sero-310-05,,2022-05-05,33,Sero-310,5,,,,,,,,,36,No,2022-08-06,follow-up,Negative,,,,Negative,,neg,Negative,,,0,,,,,,,,,93,,,,,,,,,yes,0,,,,,,,,,,,,
1773,Sero-310-06,,2022-05-05,31,Sero-310,6,,,,,,,,,37,No,2022-09-06,follow-up,Negative,,,,ND,,,,,,0,,,,,,,,,124,,,,,,,,,yes,,,,,,,,,,,,,
1774,Sero-311-01,sym,2022-05-07,0,Sero-311,1,8,9,Male,39,Yes,6,Yes,Yes,,,2022-05-07,recruitment,Positive,Pv,2415,79,Mic+/PCR+,symptomatic,pv,Recruitment,Recruitment,,1,1,,,0,1,0,0,0,0,,,,,1,1,< 15 years,CQ; 3days + PQ; 14 days,yes,18262,5753,30,2,7,infectious,8,,,,,,
1775,Sero-311-03,sym,2022-05-07,19,Sero-311,3,,,,,,,,,,,2022-06-07,follow-up,Negative,,,,ND,,,,,,1,,,,,,,,,31,,,,,,,,,yes,,,,,,,,,,,,,
1776,Sero-311-04,sym,2022-05-07,30,Sero-311,4,,,,,,,,,36,No,2022-07-07,follow-up,Negative,,,,ND,,,,,,1,,,,,,,,,61,,,,,,,,,yes,,,,,,,,,,,,,
1777,Sero-311-05,sym,2022-05-07,32,Sero-311,5,,,,,,,,,36,No,2022-08-08,follow-up,Negative,,,,Negative,,neg,Negative,,,1,,,,,,,,,93,,,,,,,,,yes,0,,,,,,,,,,,,
1778,Sero-311-06,sym,2022-05-07,29,Sero-311,6,,,,,,,,,36,No,2022-09-06,recurrence,Positive,Pv,3263,119,Mic+/PCR+,symptomatic,pv,symptomatic,recurrence,1,1,,1,,,,,,,122,0,122,122,1,,1,,CQ; 3days + PQ; 14 days,yes,22613,5916,29,0,0,non-infectious,0,,,,,,
1779,Sero-311-07,sym,2022-05-07,30,Sero-311,7,,,,,,,,,36,Yes,2022-10-06,follow-up,Negative,,,,ND,,,,,,1,,,,,,,,,152,,,,,,,,,yes,,,,,,,,,,,,,
1780,Sero-311-08,sym,2022-05-07,32,Sero-311,8,,,,,,,,,36,No,2022-11-07,follow-up,Negative,,,,ND,,,,,,1,,,,,,,,,184,,,,,,,,,yes,,,,,,,,,,,,,
1781,Sero-312-01,sym,2022-05-11,0,Sero-312,1,8,50,Female,36,Yes,1,No,Yes,,,2022-05-11,recruitment,Positive,Pv,23324,0,Mic+/PCR+,symptomatic,pv,Recruitment,Recruitment,,2,2,,,0,1,0,0,0,0,,,,,0,1,above 15 years,CQ; 3days + PQ; 14 days,yes,381867,226790,29,3,10,infectious,4,,,,,,
1782,Sero-312-03,sym,2022-05-11,27,Sero-312,3,,,,,,,,,37,No,2022-06-14,follow-up,Negative,,,,Negative,,neg,Negative,,,2,,,,,,,,,34,,,,,,,,,yes,0,,,,,,,,,,,,
1783,Sero-312-04,sym,2022-05-11,24,Sero-312,4,,,,,,,,,38,Yes,2022-07-08,recurrence,Positive,Pv,2955,0,Mic+/PCR+,symptomatic,pv,symptomatic,recurrence,1,2,,1,,,,,,,58,0,58,58,1,,1,,CQ; 3days + PQ; 14 days,yes,181367,13324,30,6,20,infectious,11,,,,,,
1784,Sero-312-05,sym,2022-05-11,35,Sero-312,5,,,,,,,,,36,Yes,2022-08-12,follow-up,Positive,P.f,58191,0,Pf,Pf,pf,new infection,Pf,,2,,,,,,,,,93,,,,,,,,,yes,0,,,,,,,,,,,,
1785,Sero-312-06,sym,2022-05-11,31,Sero-312,6,,,,,,,,,37,No,2022-09-12,follow-up,Negative,,,,Negative,,neg,Negative,,,2,,,,,,,,,124,,,,,,,,,yes,0,,,,,,,,,,,,
1786,Sero-312-07,sym,2022-05-11,23,Sero-312,7,,,,,,,,,39,Yes,2022-10-05,recurrence,Positive,P.v + P.f,13069,277,Mic+/PCR+,symptomatic,pv,symptomatic,recurrence,2,2,,2,,,,,,,147,58,147,89,1,,,,CQ; 3days + PQ; 14 days,yes,77679,,,,,,,,,,,,
1787,Sero-312-08,sym,2022-05-11,30,Sero-312,8,,,,,,,,,36,No,2022-11-04,follow-up,Negative,,,,ND,,,,,,2,,,,,,,,,177,,,,,,,,,yes,,,,,,,,,,,,,
1788,Sero-313-01,asym,2022-05-13,0,Sero-313,1,8,20,Female,38,Yes,3,Yes,Yes,,,2022-05-13,recruitment,Positive,Pv,258,0,Mic+/PCR+,symptomatic,pv,Recruitment,Recruitment,,1,0,,,0,0,1,0,0,0,,,,,1,1,above 15 years,CQ; 3days + PQ; 14 days,yes,1495,1323,30,0,0,non-infectious,0,,,,,,
1789,Sero-313-03,asym,2022-05-13,22,Sero-313,3,,,,,,,,,35,No,2022-06-11,follow-up,Negative,,,,Negative,,neg,Negative,,,1,,,,,,,,,29,,,,,,,,,yes,0,,,,,,,,,,,,
1790,Sero-313-04,asym,2022-05-13,31,Sero-313,4,,,,,,,,,36,No,2022-07-12,follow-up,Negative,,,,ND,,,,,,1,,,,,,,,,60,,,,,,,,,yes,,,,,,,,,,,,,
1791,Sero-313-05,asym,2022-05-13,28,Sero-313,5,,,,,,,,,35,No,2022-08-09,follow-up,Negative,,,,Pf,Pf,pf,new infection,Pf,,1,,,,,,,,,88,,,,,,,,,yes,0,,,,,,,,,,,,
1792,Sero-313-06,asym,2022-05-13,31,Sero-313,6,,,,,,,,,36,No,2022-09-09,follow-up,Negative,,,,,,,new infection,Pf,,1,,,,,,,,,119,,,,,,,,,yes,,,,,,,,,,,,,
1793,Sero-313-07,asym,2022-05-13,31,Sero-313,7,,,,,,,,,36,No,2022-10-10,follow-up,Negative,,,,PCR+,submicroscopic,pv,asymptomatic,recurrence,1,1,,,1,,,,,,150,0,150,150,1,,,,,yes,178,,,,,,,,,,,,
1794,Sero-313-08,asym,2022-05-13,31,Sero-313,8,,,,,,,,,35,No,2022-11-10,follow-up,Negative,,,,ND,,,,,,1,,,,,,,,,181,,,,,,,,,yes,,,,,,,,,,,,,
1795,Sero-315-01,,2022-05-20,0,Sero-315,1,7,15,Female,39,Yes,1,No,Yes,,,2022-05-20,recruitment,Positive,Pv,6935,197,Mic+/PCR+,symptomatic,pv,Recruitment,Recruitment,,0,0,,,1,0,0,0,0,0,,,,,1,1,< 15 years,CQ; 3days + PQ; 14 days,yes,9357,5478,30,27,90,infectious,15,,,,,,
1796,Sero-315-03,,2022-05-20,24,Sero-315,3,,,,,,,,,35,No,2022-06-20,follow-up,Negative,,,,ND,,,,,,0,,,,,,,,,31,,,,,,,,,yes,,,,,,,,,,,,,
1797,Sero-315-04,,2022-05-20,30,Sero-315,4,,,,,,,,,36,No,2022-07-20,follow-up,Negative,,,,ND,,,,,,0,,,,,,,,,61,,,,,,,,,yes,,,,,,,,,,,,,
1798,Sero-315-05,,2022-05-20,30,Sero-315,5,,,,,,,,,36,No,2022-08-19,follow-up,Negative,,,,Negative,,neg,Negative,,,0,,,,,,,,,91,,,,,,,,,yes,0,,,,,,,,,,,,
1799,Sero-315-06,,2022-05-20,28,Sero-315,6,,,,,,,,,36,No,2022-09-16,follow-up,Negative,,,,ND,,,,,,0,,,,,,,,,119,,,,,,,,,yes,,,,,,,,,,,,,
1800,Sero-315-07,,2022-05-20,31,Sero-315,7,,,,,,,,,36,No,2022-10-17,follow-up,Negative,,,,ND,,,,,,0,,,,,,,,,150,,,,,,,,,yes,,,,,,,,,,,,,
1801,Sero-316-01,,2022-05-23,0,Sero-316,1,6,14,Male,39,No,,No,Yes,,,2022-05-23,recruitment,Positive,Pv,24554,0,Mic+/PCR+,symptomatic,pv,Recruitment,Recruitment,,0,0,,,1,0,0,0,0,0,,,,,1,1,< 15 years,CQ; 3days + PQ; 14 days,yes,45369,2537,30,5,17,infectious,3,,,,,,
1802,Sero-316-03,,2022-05-23,28,Sero-316,3,,,,,,,,,36,No,2022-06-27,follow-up,Negative,,,,ND,,,,,,0,,,,,,,,,35,,,,,,,,,yes,,,,,,,,,,,,,
1803,Sero-316-04,,2022-05-23,32,Sero-316,4,,,,,,,,,36,No,2022-07-29,follow-up,Negative,,,,ND,,,,,,0,,,,,,,,,67,,,,,,,,,yes,,,,,,,,,,,,,
1804,Sero-316-05,,2022-05-23,33,Sero-316,5,,,,,,,,,36,No,2022-08-31,follow-up,Negative,,,,ND,,,,,,0,,,,,,,,,100,,,,,,,,,yes,,,,,,,,,,,,,
1805,Sero-316-06,,2022-05-23,26,Sero-316,6,,,,,,,,,37,No,2022-09-26,follow-up,Negative,,,,ND,,,,,,0,,,,,,,,,126,,,,,,,,,yes,,,,,,,,,,,,,
1806,Sero-317-01,,2022-05-27,0,Sero-317,1,7,12,Male,36,Yes,3,Yes,Yes,,,2022-05-27,recruitment,Positive,Pv,1032,0,Mic+/PCR+,symptomatic,pv,Recruitment,Recruitment,,0,0,,,1,0,0,0,0,0,,,,,0,1,< 15 years,CQ; 3days + PQ; 14 days,yes,33730,18906,26,8,31,infectious,12,,,,,,
1807,Sero-317-03,,2022-05-27,23,Sero-317,3,,,,,,,,,36,No,2022-06-27,follow-up,Negative,,,,ND,,,,,,0,,,,,,,,,31,,,,,,,,,yes,,,,,,,,,,,,,
1808,Sero-317-04,,2022-05-27,30,Sero-317,4,,,,,,,,,36,No,2022-07-27,follow-up,Negative,,,,ND,,,,,,0,,,,,,,,,61,,,,,,,,,yes,,,,,,,,,,,,,
1809,Sero-317-05,,2022-05-27,30,Sero-317,5,,,,,,,,,37,No,2022-08-26,follow-up,Negative,,,,Negative,,neg,Negative,,,0,,,,,,,,,91,,,,,,,,,yes,0,,,,,,,,,,,,
1810,Sero-317-06,,2022-05-27,35,Sero-317,6,,,,,,,,,37,No,2022-09-30,follow-up,Negative,,,,ND,,,,,,0,,,,,,,,,126,,,,,,,,,yes,,,,,,,,,,,,,
1811,Sero-317-07,,2022-05-27,29,Sero-317,7,,,,,,,,,36,Yes,2022-10-29,follow-up,Negative,,,,ND,,,,,,0,,,,,,,,,155,,,,,,,,,yes,,,,,,,,,,,,,
1812,Sero-318-01,,2022-05-30,0,Sero-318,1,6,7,Male,38,No,,No,Yes,,,2022-05-31,recruitment,Positive,Pv,3588,74,Mic+/PCR+,symptomatic,pv,Recruitment,Recruitment,,0,0,,,1,0,0,0,0,0,,,,,1,1,< 15 years,CQ; 3days + PQ; 14 days,yes,14248,1490,30,2,7,infectious,3,,,,,,
1813,Sero-318-03,,2022-05-30,23,Sero-318,3,,,,,,,,,36,No,2022-06-30,follow-up,Negative,,,,ND,,,,,,0,,,,,,,,,31,,,,,,,,,yes,,,,,,,,,,,,,
1814,Sero-318-04,,2022-05-30,30,Sero-318,4,,,,,,,,,37,No,2022-07-30,follow-up,Negative,,,,ND,,,,,,0,,,,,,,,,61,,,,,,,,,yes,,,,,,,,,,,,,
1815,Sero-318-05,,2022-05-30,33,Sero-318,5,,,,,,,,,36,No,2022-09-01,follow-up,Negative,,,,ND,,,,,,0,,,,,,,,,94,,,,,,,,,yes,,,,,,,,,,,,,
1816,Sero-318-06,,2022-05-30,33,Sero-318,6,,,,,,,,,37,No,2022-10-04,follow-up,Positive,Pv,106,0,Mic+/PCR+,symptomatic,,,,,0,,,,,,,,,127,,,,,,,,,yes,,,,,,,,,,,,,
1817,Sero-320-01,sym,2022-06-10,0,Sero-320,1,5,22,Male,39,No,,No,Yes,,,2022-06-10,recruitment,Positive,Pv,353,0,Mic+/PCR+,symptomatic,pv,Recruitment,Recruitment,,1,1,,,0,1,0,0,0,0,,,,,1,1,above 15 years,CQ; 3days + PQ; 14 days,yes,7053,522,26,1,4,infectious,1,,,,,,
1818,Sero-320-03,sym,2022-06-10,21,Sero-320,3,,,,,,,,,36,No,2022-07-08,follow-up,Negative,,,,Negative,,neg,Negative,,,1,,,,,,,,,28,,,,,,,,,yes,0,,,,,,,,,,,,
1819,Sero-320-04,sym,2022-06-10,31,Sero-320,4,,,,,,,,,36,Yes,2022-08-08,follow-up,Negative,,,,PCR+,submicroscopic,mixed,Asym_persisting,persisting,,1,,,,,,,,,59,,,,,,1,,,yes,457,149,,,,,,,,,,,
1820,Sero-320-05,sym,2022-06-10,32,Sero-320,5,,,,,,,,,37,No,2022-09-09,recurrence,Positive,Pv,40640,480,Mic+/PCR+,symptomatic,pv,symptomatic,recurrence,1,1,,1,,,,,,,91,0,91,91,1,,1,,,yes,91024,751,,,,,,,,,,,
1821,Sero-321-01,,2022-06-13,0,Sero-321,1,7,10,Male,36,Yes,2,Yes,Yes,,,2022-06-13,recruitment,Positive,Pv,7164,199,Mic+/PCR+,symptomatic,pv,Recruitment,Recruitment,,0,0,,,1,0,0,0,0,0,,,,,0,1,< 15 years,CQ; 3days + PQ; 14 days,yes,119927,39148,30,0,0,non-infectious,0,,,,,,
1822,Sero-321-03,,2022-06-13,23,Sero-321,3,,,,,,,,,35,No,2022-07-13,follow-up,Negative,,,,ND,,,,,,0,,,,,,,,,30,,,,,,,,,yes,,,,,,,,,,,,,
1823,Sero-321-04,,2022-06-13,30,Sero-321,4,,,,,,,,,36,No,2022-08-12,follow-up,Negative,,,,ND,,,,,,0,,,,,,,,,60,,,,,,,,,yes,,,,,,,,,,,,,
1824,Sero-321-05,,2022-06-13,31,Sero-321,5,,,,,,,,,36,No,2022-09-12,follow-up,Negative,,,,ND,,,,,,0,,,,,,,,,91,,,,,,,,,yes,,,,,,,,,,,,,
1825,Sero-321-06,,2022-06-13,30,Sero-321,6,,,,,,,,,36,No,2022-10-12,follow-up,Negative,,,,ND,,,,,,0,,,,,,,,,121,,,,,,,,,yes,,,,,,,,,,,,,
1826,Sero-321-07,,2022-06-13,30,Sero-321,7,,,,,,,,,37,No,2022-11-11,follow-up,Negative,,,,ND,,,,,,0,,,,,,,,,151,,,,,,,,,yes,,,,,,,,,,,,,
1827,Sero-322-01,,2022-06-17,0,Sero-322,1,7,17,Female,38,Yes,2,No,Yes,,,2022-06-17,recruitment,Positive,Pv,9074,481,Mic+/PCR+,symptomatic,pv,Recruitment,Recruitment,,0,0,,,1,0,0,0,0,0,,,,,1,1,above 15 years,CQ; 3days + PQ; 14 days,yes,140534,22521,29,1,3,infectious,6,,,,,,
1828,Sero-322-03,,2022-06-17,22,Sero-322,3,,,,,,,,,35,No,2022-07-16,follow-up,Negative,,,,ND,,,,,,0,,,,,,,,,29,,,,,,,,,yes,,,,,,,,,,,,,
1829,Sero-322-04,,2022-06-17,30,Sero-322,4,,,,,,,,,35,No,2022-08-15,follow-up,Negative,,,,ND,,,,,,0,,,,,,,,,59,,,,,,,,,yes,,,,,,,,,,,,,
1830,Sero-322-05,,2022-06-17,30,Sero-322,5,,,,,,,,,36,No,2022-09-14,follow-up,Negative,,,,Negative,,neg,Negative,,,0,,,,,,,,,89,,,,,,,,,yes,0,,,,,,,,,,,,
1831,Sero-322-06,,2022-06-17,27,Sero-322,6,,,,,,,,,,No,2022-10-11,follow-up,Positive,mixed,2341,156,Mic+/PCR+,symptomatic,,,,,0,,,,,,,,,116,,,,,,,,,yes,,,,,,,,,,,,,
1832,Sero-322-07,,2022-06-17,32,Sero-322,7,,,,,,,,,34,No,2022-11-12,follow-up,Negative,,,,ND,,,,,,0,,,,,,,,,148,,,,,,,,,yes,,,,,,,,,,,,,
1833,Sero-323-01,,2022-06-28,0,Sero-323,1,6,61,Female,39,No,,No,Yes,,,2022-06-28,recruitment,Positive,Pv,1244,0,Mic+/PCR+,symptomatic,mixed,Recruitment,Recruitment,,0,0,,,1,0,0,0,0,0,,,,,1,1,above 15 years,CQ; 3days + PQ; 14 days,yes,31,189,30,0,0,non-infectious,0,,,,,,
1834,Sero-323-03,,2022-06-28,23,Sero-323,3,,,,,,,,,36,No,2022-07-28,follow-up,Negative,,,,ND,,,,,,0,,,,,,,,,30,,,,,,,,,yes,,,,,,,,,,,,,
1835,Sero-323-04,,2022-06-28,30,Sero-323,4,,,,,,,,,35,No,2022-08-27,follow-up,Negative,,,,ND,,,,,,0,,,,,,,,,60,,,,,,,,,yes,,,,,,,,,,,,,
1836,Sero-323-05,,2022-06-28,31,Sero-323,5,,,,,,,,,36,No,2022-09-27,follow-up,Negative,,,,ND,,,,,,0,,,,,,,,,91,,,,,,,,,yes,,,,,,,,,,,,,
1837,Sero-323-06,,2022-06-28,29,Sero-323,6,,,,,,,,,36,No,2022-10-26,follow-up,Negative,,,,ND,,,,,,0,,,,,,,,,120,,,,,,,,,yes,,,,,,,,,,,,,
1838,Sero-324-01,,2022-06-29,0,Sero-324,1,6,17,Male,38,No,,No,No,,,2022-06-29,recruitment,Positive,Pv,472,0,Mic+/PCR+,symptomatic,pv,Recruitment,Recruitment,,0,0,,,1,0,0,0,0,0,,,,,1,1,above 15 years,CQ; 3days + PQ; 14 days,yes,2423,438,30,0,0,non-infectious,0,,,,,,
1839,Sero-324-03,,2022-06-29,23,Sero-324,3,,,,,,,,,35,No,2022-07-29,follow-up,Negative,,,,ND,,,,,,0,,,,,,,,,30,,,,,,,,,yes,,,,,,,,,,,,,
1840,Sero-324-04,,2022-06-29,31,Sero-324,4,,,,,,,,,36,No,2022-08-29,follow-up,Negative,,,,ND,,,,,,0,,,,,,,,,61,,,,,,,,,yes,,,,,,,,,,,,,
1841,Sero-324-05,,2022-06-29,30,Sero-324,5,,,,,,,,,36,No,2022-09-28,follow-up,Negative,,,,ND,,,,,,0,,,,,,,,,91,,,,,,,,,yes,,,,,,,,,,,,,
1842,Sero-324-06,,2022-06-29,31,Sero-324,6,,,,,,,,,36,No,2022-10-29,follow-up,Negative,,,,ND,,,,,,0,,,,,,,,,122,,,,,,,,,yes,,,,,,,,,,,,,
1843,Sero-325-01,,2022-07-01,0,Sero-325,1,6,50,Female,39,No,,No,Yes,,,2022-07-01,recruitment,Positive,Pv,11339,466,Mic+/PCR+,symptomatic,pv,Recruitment,Recruitment,,0,0,,,1,0,0,0,0,0,,,,,1,1,above 15 years,CQ; 3days + PQ; 14 days,yes,154773,138950,30,22,73,infectious,24,,,,,,
1844,Sero-325-03,,2022-07-01,26,Sero-325,3,,,,,,,,,36,No,2022-08-01,follow-up,Negative,,,,ND,,,,,,0,,,,,,,,,31,,,,,,,,,yes,,,,,,,,,,,,,
1845,Sero-325-04,,2022-07-01,31,Sero-325,4,,,,,,,,,37,No,2022-09-01,follow-up,Negative,,,,ND,,,,,,0,,,,,,,,,62,,,,,,,,,yes,,,,,,,,,,,,,
1846,Sero-325-05,,2022-07-01,40,Sero-325,5,,,,,,,,,36,No,2022-10-11,follow-up,Negative,,,,ND,,,,,,0,,,,,,,,,102,,,,,,,,,yes,,,,,,,,,,,,,
1847,Sero-325-06,,2022-07-01,32,Sero-325,6,,,,,,,,,34,No,2022-11-12,follow-up,Negative,,,,ND,,,,,,0,,,,,,,,,134,,,,,,,,,yes,,,,,,,,,,,,,
1848,Sero-326-01,,2022-07-05,0,Sero-326,1,6,30,Female,36,No,,No,Yes,,,2022-07-05,recruitment,Positive,Pv,29605,583,Mic+/PCR+,symptomatic,pv,Recruitment,Recruitment,,0,0,,,1,0,0,0,0,0,,,,,0,1,above 15 years,CQ; 3days + PQ; 14 days,yes,392543,111849,28,2,7,infectious,2,,,,,,
1849,Sero-326-03,,2022-07-05,24,Sero-326,3,,,,,,,,,35,No,2022-08-05,follow-up,Negative,,,,ND,,,,,,0,,,,,,,,,31,,,,,,,,,yes,,,,,,,,,,,,,
1850,Sero-326-04,,2022-09-05,31,Sero-326,4,,,,,,,,,36,No,2022-09-05,follow-up,Negative,,,,ND,,,,,,0,,,,,,,,,62,,,,,,,,,yes,,,,,,,,,,,,,
1851,Sero-326-05,,2022-07-05,29,Sero-326,5,,,,,,,,,36,No,2022-10-04,follow-up,Positive,Pv,63,0,Mic+/PCR+,symptomatic,,,,,0,,,,,,,,,91,,,,,,,,,yes,,,,,,,,,,,,,
1852,Sero-326-06,,2022-07-05,31,Sero-326,6,,,,,,,,,36,No,2022-11-04,follow-up,Negative,,,,ND,,,,,,0,,,,,,,,,122,,,,,,,,,yes,,,,,,,,,,,,,
1853,Sero-328-01,sym,2022-07-13,0,Sero-328,1,5,18,Male,39,No,,No,Yes,,,2022-07-13,recruitment,Positive,Pv,17516,530,Mic+/PCR+,symptomatic,pv,Recruitment,Recruitment,,1,1,,,0,1,0,0,0,0,,,,,1,1,above 15 years,CQ; 3days + PQ; 14 days,yes,209620,839483,32,19,59,infectious,141,,,,,,
1854,Sero-328-03,sym,2022-07-13,23,Sero-328,3,,,,,,,,,35,No,2022-08-12,follow-up,Negative,,,,Negative,,,Negative,,,1,,,,,,,,,30,,,,,,,,,yes,,,,,,,,,,,,,
1855,Sero-328-04,sym,2022-07-13,24,Sero-328,4,,,,,,,,,40,Yes,2022-09-05,recurrence,Positive,Pv,2666,190,Mic+/PCR+,symptomatic,pv,symptomatic,recurrence,1,1,,1,,,,,,,54,0,54,54,1,,1,,,yes,7151,4696,29,20,69,infectious,15,,,,,,
1856,Sero-328-05,sym,2022-07-13,33,Sero-328,5,,,,,,,,,36,No,2022-10-08,follow-up,Negative,,,,ND,,,,,,1,,,,,,,,,87,,,,,,,,,yes,,,,,,,,,,,,,
1857,Sero-329-01,,2022-07-14,0,Sero-329,1,6,15,Male,39,No,,No,Yes,,,2022-07-14,recruitment,Positive,Pv,712,0,Mic+/PCR+,symptomatic,pv,Recruitment,Recruitment,,0,0,,,1,0,0,0,0,0,,,,,1,1,< 15 years,CQ; 3days + PQ; 14 days,yes,16131,2721,29,0,0,non-infectious,0,,,,,,
1858,Sero-329-03,,2022-07-14,23,Sero-329,3,,,,,,,,,37,No,2022-08-13,follow-up,Negative,,,,ND,,,,,,0,,,,,,,,,30,,,,,,,,,yes,,,,,,,,,,,,,
1859,Sero-329-04,,2022-07-14,23,Sero-329,4,,,,,,,,,36,No,2022-09-05,follow-up,Negative,,,,ND,,,,,,0,,,,,,,,,53,,,,,,,,,yes,,,,,,,,,,,,,
1860,Sero-329-05,,2022-07-14,40,Sero-329,5,,,,,,,,,36,No,2022-10-15,follow-up,Negative,,,,ND,,,,,,0,,,,,,,,,93,,,,,,,,,yes,,,,,,,,,,,,,
1861,Sero-329-06,,2022-07-14,30,Sero-329,6,,,,,,,,,36,No,2022-11-14,follow-up,Negative,,,,ND,,,,,,0,,,,,,,,,123,,,,,,,,,yes,,,,,,,,,,,,,
1862,Sero-330-01,,2022-07-14,0,Sero-330,1,5,24,Male,37,No,,No,Yes,,,2022-07-14,recruitment,Positive,Pv,1640,200,Mic+/PCR+,symptomatic,pv,Recruitment,Recruitment,,0,0,,,1,0,0,0,0,0,,,,,0,1,above 15 years,CQ; 3days + PQ; 14 days,yes,59775,47290,30,0,0,non-infectious,0,,,,,,
1863,Sero-330-03,,2022-07-14,24,Sero-330,3,,,,,,,,,36,No,2022-08-18,follow-up,Negative,,,,ND,,,,,,0,,,,,,,,,35,,,,,,,,,yes,,,,,,,,,,,,,
1864,Sero-330-04,,2022-07-14,29,Sero-330,4,,,,,,,,,36,No,2022-09-16,follow-up,Negative,,,,ND,,,,,,0,,,,,,,,,64,,,,,,,,,yes,,,,,,,,,,,,,
1865,Sero-330-05,,2022-07-14,34,Sero-330,5,,,,,,,,,36,No,2022-10-20,follow-up,Negative,,,,ND,,,,,,0,,,,,,,,,98,,,,,,,,,yes,,,,,,,,,,,,,
1866,Sero-331-01,,2022-07-27,0,Sero-331,1,5,12,Female,37,No,,No,Yes,,,2022-07-27,recruitment,Positive,Pv,1432,159,Mic+/PCR+,symptomatic,pv,Recruitment,Recruitment,,0,0,,,1,0,0,0,0,0,,,,,0,1,< 15 years,CQ; 3days + PQ; 14 days,yes,29386,10,30,6,20,infectious,7,,,,,,
1867,Sero-331-03,,2022-07-27,23,Sero-331,3,,,,,,,,,36,No,2022-08-26,follow-up,Negative,,,,ND,,,,,,0,,,,,,,,,30,,,,,,,,,yes,,,,,,,,,,,,,
1868,Sero-331-04,,2022-07-27,31,Sero-331,4,,,,,,,,,36,No,2022-08-26,follow-up,Negative,,,,ND,,,,,,0,,,,,,,,,30,,,,,,,,,yes,,,,,,,,,,,,,
1869,Sero-331-05,,2022-07-27,30,Sero-331,5,,,,,,,,,36,No,2022-10-26,follow-up,Negative,,,,ND,,,,,,0,,,,,,,,,91,,,,,,,,,yes,,,,,,,,,,,,,
1870,Sero-332-01,,2022-07-28,0,Sero-332,1,4,14,Female,38,No,,No,No,,,2022-07-28,recruitment,Positive,Pv,4244,0,Mic+/PCR+,symptomatic,pv,Recruitment,Recruitment,,0,0,,,1,0,0,0,0,0,,,,,1,1,< 15 years,CQ; 3days + PQ; 14 days,yes,231,20,29,0,0,non-infectious,0,,,,,,
1871,Sero-332-03,,2022-07-28,25,Sero-332,3,,,,,,,,,36,No,2022-08-29,follow-up,Negative,,,,ND,,,,,,0,,,,,,,,,32,,,,,,,,,yes,,,,,,,,,,,,,
1872,Sero-332-04,,2022-07-28,32,Sero-332,4,,,,,,,,,36,No,2022-09-30,follow-up,Negative,,,,ND,,,,,,0,,,,,,,,,64,,,,,,,,,yes,,,,,,,,,,,,,
1873,Sero-333-01,,2022-07-29,0,Sero-333,1,5,19,Female,36,Yes,1,No,Yes,,,2022-07-29,recruitment,Positive,Pv,4307,0,Mic+/PCR+,symptomatic,pv,Recruitment,Recruitment,,0,0,,,1,0,0,0,0,0,,,,,0,1,above 15 years,CQ; 3days + PQ; 14 days,yes,122433,15,30,0,0,non-infectious,0,,,,,,
1874,Sero-333-03,,2022-07-29,24,Sero-333,3,,,,,,,,,35,No,2022-08-29,follow-up,Negative,,,,ND,,,,,,0,,,,,,,,,31,,,,,,,,,yes,,,,,,,,,,,,,
1875,Sero-333-04,,2022-07-29,30,Sero-333,4,,,,,,,,,35,No,2022-09-28,follow-up,Negative,,,,ND,,,,,,0,,,,,,,,,61,,,,,,,,,yes,,,,,,,,,,,,,
1876,Sero-333-05,,2022-07-29,31,Sero-333,5,,,,,,,,,34,No,2022-10-29,follow-up,Negative,,,,ND,,,,,,0,,,,,,,,,92,,,,,,,,,yes,,,,,,,,,,,,,
1877,Sero-335-01,,2022-08-08,0,Sero-335,1,1,15,Male,39,No,,No,Yes,,,2022-08-08,recruitment,Positive,Pv,9353,238,Mic+/PCR+,symptomatic,pv,Recruitment,Recruitment,,0,0,,,1,0,0,0,0,0,,,,,1,1,< 15 years,CQ; 3days + PQ; 14 days,yes,93569,41986,30,0,0,non-infectious,0,,,,,,
1878,Sero-336-01,,2022-08-10,0,Sero-336,1,1,24,Male,37,No,,No,Yes,,,2022-08-10,recruitment,Positive,Pv,372,0,Mic+/PCR+,symptomatic,pv,Recruitment,Recruitment,,0,0,,,1,0,0,0,0,0,,,,,0,1,above 15 years,CQ; 3days + PQ; 14 days,yes,1455,720,30,0,0,non-infectious,0,,,,,,
1879,Sero-337-01,,2022-08-13,0,Sero-337,1,1,12,Female,37,No,,No,Yes,,,2022-08-13,recruitment,Positive,Pv,835,0,Mic+/PCR+,symptomatic,pv,Recruitment,Recruitment,,0,0,,,1,0,0,0,0,0,,,,,0,1,< 15 years,CQ; 3days + PQ; 14 days,yes,3127,9589,28,8,29,infectious,10,,,,,,
1880,Sero-338-01,,2022-08-22,0,Sero-338,1,4,14,Female,38,No,,No,Yes,,,2022-08-22,recruitment,Positive,Pv,2512,115,Mic+/PCR+,symptomatic,pv,Recruitment,Recruitment,,0,0,,,1,0,0,0,0,0,,,,,1,1,< 15 years,CQ; 3days + PQ; 14 days,yes,86140,4199,29,15,52,infectious,13,,,,,,
1881,Sero-338-03,,2022-08-22,28,Sero-338,3,,,,,,,,,37,No,2022-09-26,follow-up,Negative,,,,ND,,,,,,0,,,,,,,,,35,,,,,,,,,yes,,,,,,,,,,,,,
1882,Sero-338-04,,2022-08-22,33,Sero-338,4,,,,,,,,,36,No,2022-10-29,follow-up,Negative,,,,ND,,,,,,0,,,,,,,,,68,,,,,,,,,yes,,,,,,,,,,,,,
1883,Sero-339-01,,2022-09-20,0,Sero-339,1,3,19,Female,39,No,,No,Yes,,,2022-09-20,recruitment,Positive,Pv,1244,651,Mic+/PCR+,symptomatic,pv,Recruitment,Recruitment,,0,0,,,1,0,0,0,0,0,,,,,1,1,above 15 years,CQ; 3days + PQ; 14 days,yes,38451,288,25,15,60,infectious,36,,,,,,
